title,published_date,summary,article_url,image_url,content,source
"KDM Setop Proyek Data Center BDx di Jatiluhur, Konsumsi Air Jadi Sorotan",4 Oktober 2026,"Gubernur Jabar Dedi Mulyadi menghentikan sementara proyek Pusat Data BDx senilai Rp 3,5 triliun di Purwakarta karena dokumen Amdal dan PBG belum lengkap serta sorotan konsumsi air.",https://katadata.co.id/digital/teknologi/6ac1cc3fd9e4c/kdm-setop-proyek-data-center-bdx-di-jatiluhur-konsumsi-air-jadi-sorotan,https://cdn1.katadata.co.id/media/images/thumb/2025/12/11/2025_12_11-09_40_00_dfaad63e-d64c-11f0-9c89-0242ac120006_960x640_thumb.jpg,"Gubernur Jawa Barat Dedi Mulyadi, yang akrab disapa Kang Dedi Mulyadi (KDM), menghentikan sementara pembangunan pusat data berbasis akal imitasi (AI) milik BDx Data Centers di kawasan Jatiluhur, Kabupaten Purwakarta, Jawa Barat. Penghentian proyek senilai Rp 3,5 triliun itu dilakukan karena dokumen Analisis Mengenai Dampak Lingkungan (Amdal) dan Persetujuan Bangunan Gedung (PBG) belum terbit.
Selain persoalan perizinan, konsumsi air untuk operasional pusat data tersebut menjadi sorotan. Data teknis mencatat kebutuhan air data center BDx diproyeksikan mencapai 384 liter per detik atau setara 33.000 meter kubik per hari ketika beroperasi pada kapasitas penuh.
Dedi Mulyadi mengatakan penghentian sementara proyek data center di Jatiluhur itu bukan disebabkan hambatan birokrasi pemerintah daerah, melainkan keterlambatan konsultan dalam menyerahkan data perizinan.
""Ketika saya tanya kemarin, Izin Mendirikan Bangunan (IMB) belum keluar. Amdalnya sudah keluar belum? Belum. Ya saya bilang jangan dulu dilaksanakan (pembangunan). Kan izinnya tidak keluar. Kesalahannya di mana? Di Pemda Purwakarta? Bukan. Kesalahannya adalah konsultannya, sampai ketika saya datang belum memasukkan data,"" kata KDM dikutip dari Antara.
Dedi Mulyadi melakukan inspeksi mendadak ke lokasi pembangunan pada Senin (28/9). Ia menegaskan konstruksi harus dihentikan sementara hingga seluruh persyaratan perizinan dipenuhi.
Kepala Dinas Komunikasi dan Informatika Jawa Barat Mas Adi Komar mengonfirmasi bahwa Amdal dan PBG proyek tersebut masih dalam proses. Informasi itu diperoleh dari Kepala Dinas Lingkungan Hidup Kabupaten Purwakarta yang melakukan klarifikasi di lapangan.
""Proses perizinan yang dikeluarkan oleh Purwakarta, disampaikan oleh Kepala Dinas Lingkungan Hidup Kabupaten Purwakarta bahwa perizinannya, AMDAL dan PBG-nya, masih dalam proses. Kang Dedi Mulyadi melihat langsung ke lapangan dan menghentikan sementara pengerjaan proyeknya sampai dengan izinnya dikeluarkan,"" kata Adi Komar.
Berdasarkan data teknis yang disampaikan dalam laporan Antara, pusat data AI BDx diproyeksikan membutuhkan air hingga 384 liter per detik atau sekitar 33.000 meter kubik per hari ketika beroperasi pada kapasitas penuh.
Sementara itu, kebutuhan air pada tahap awal pembangunan tercatat mencapai 6.000 meter kubik per hari.
Besarnya kebutuhan air tersebut memicu kekhawatiran mengenai potensi gangguan pasokan air bagi masyarakat dan petani di sekitar kawasan Jatiluhur. Selain konsumsi air, proyek tersebut juga memunculkan keresahan publik terkait potensi kebisingan dari pembangunan dan operasional pusat data.
Menanggapi persoalan tersebut, Pemerintah Provinsi Jawa Barat meminta konsultan proyek membuka hasil kajian teknis secara transparan kepada publik. Pemerintah juga meminta koordinasi dengan Perum Jasa Tirta (PJT) II dan PDAM Purwakarta untuk memastikan kebutuhan air proyek tidak mengganggu pasokan bagi warga maupun sektor pertanian.
Dedi menegaskan penghentian sementara proyek merupakan bagian dari upaya menjaga lingkungan dan melindungi hak warga lokal atas akses air bersih.
""Bagi saya pribadi, kalau secara objektif Amdal lulus, ya saya tidak ada masalah untuk dilaksanakan. Kalau menurut Amdalnya tidak boleh, ya saya tidak ada masalah juga dihentikan. Tapi satu catatan, warga Purwakarta yang berkorban untuk kepentingan Jatiluhur harus mendapat akses air. Tidak boleh terganggu,"" ujarnya.
Untuk menjaga objektivitas penilaian, Pemprov Jawa Barat juga melibatkan akademisi dari Universitas Indonesia (UI) guna memberikan kajian dan masukan independen mengenai kelayakan dampak lingkungan proyek tersebut.
Di tengah kekhawatiran mengenai kebutuhan air pusat data, Dedi menyatakan kapasitas pasokan air Waduk Jatiluhur dinilai masih mampu memenuhi kebutuhan operasional BDx tanpa mengganggu kuota masyarakat.
Ia menjelaskan, PDAM Kabupaten Purwakarta memiliki alokasi resmi air dari Waduk Jatiluhur sebesar 3.000 liter per detik. Namun, menurut Dedi, selama puluhan tahun pemanfaatannya baru mencapai sekitar 380 liter per detik atau sekitar 11% dari total alokasi.
""Kalau dari jatah yang diberikan dari 100 persen baru dipakai 11 persen, berarti ada 89 persen air yang tidak dimanfaatkan oleh PDAM. Sekarang dipakai lagi sebanyak 14% oleh perusahaan. Masih kurang apa nyisa? Nyisa. Sederhana,"" ujar KDM.
Meski menyatakan pasokan air secara teknis masih tersedia, KDM tetap menekankan pentingnya kajian objektif mengenai dampak lingkungan sebelum pembangunan dilanjutkan.
Ia juga mengatakan inspeksi ke lokasi bertujuan memastikan investasi bernilai triliunan rupiah tersebut dibangun di lahan yang bebas dari ancaman bencana, seperti banjir, gempa bumi, dan erupsi gunung berapi. Kesiapan pasokan listrik dan air juga menjadi bagian dari pemeriksaan tersebut.
Proyek BDx Data Centers itu direncanakan memiliki kapasitas daya listrik hingga 640 megawatt (MW) di atas lahan seluas 8.000 meter persegi.
Sebelumnya, Bupati Purwakarta Saepul Bahri Binzein juga menegaskan bahwa pembangunan pusat data AI BDx di Jatiluhur harus memenuhi seluruh persyaratan sebelum pengerjaan dapat dilanjutkan.
""Amdalnya urusin dulu. Setelah amdalnya diurusin, PBG-nya urusin,"" kata Saepul di Purwakarta, Kamis.
Menurut dia, dokumen Amdal perlu dikaji untuk memastikan dampak pembangunan dan operasional pusat data terhadap lingkungan. Pemerintah Kabupaten Purwakarta saat ini masih menunggu konsultan Amdal dari pihak BDx untuk melakukan pembahasan dokumen tersebut.
Selain Amdal, pembangunan pusat data membutuhkan PBG. Selama kedua dokumen itu belum tersedia, proyek belum dapat dilanjutkan.
Amdal merupakan kajian mengenai dampak penting suatu rencana usaha atau kegiatan terhadap lingkungan hidup yang digunakan dalam proses pengambilan keputusan. Kajian ini menjadi salah satu dasar untuk menilai kelayakan lingkungan suatu proyek sebelum izin diterbitkan.
Adapun seremoni peletakan batu pertama atau groundbreaking proyek AI Campus 2 (CGK4) milik BDx Data Centers dilaksanakan pada Selasa (22/9). Proyek senilai Rp 3,5 triliun tersebut dihadiri Dedi Mulyadi dan Saepul Bahri Binzein.
Pemerintah Provinsi Jawa Barat menyatakan tidak akan menghambat investasi infrastruktur digital berskala besar. Namun, pihak konsultan dan manajemen BDx Data Centers tetap diwajibkan menyelesaikan seluruh persyaratan perizinan sesuai ketentuan sebelum kegiatan konstruksi dapat dilanjutkan.
Dengan demikian, kelanjutan proyek data center AI di Jatiluhur itu bergantung pada pemenuhan persyaratan perizinan, hasil kajian dampak lingkungan, serta kepastian bahwa kebutuhan air untuk operasionalnya tidak mengganggu akses masyarakat dan petani di kawasan Jatiluhur.
Dapatkan akses cepat ke berita terkini dan data berharga dari WhatsApp Channel Katadata.co.id
Dapatkan pengalaman membaca lebih nyaman dan nikmati fitur menarik lainnya lewat aplikasi mobile Katadata.",Katadata
Perusahaan Data Center Digital Realty Tunjuk Raymond Yan Jadi Presiden Direktur,1 Oktober 2026,"Digital Realty Bersama tunjuk Raymond Yan sebagai Presiden Direktur baru untuk memimpin strategi dan ekspansi bisnis Data Center di Indonesia, memperkuat posisi negara sebagai hub konektivitas.",https://katadata.co.id/digital/teknologi/6abe42e3d79af/perusahaan-data-center-digital-realty-tunjuk-raymond-yan-jadi-presiden-direktur,https://cdn1.katadata.co.id/media/images/thumb/2026/10/01/Raymond_Yan-2026_10_01-18_22_59_f3c562887a25482167604ff0f2f17a4b_960x640_thumb.jpeg,"Digital Realty Bersama, penyedia solusi carrier-neutral data center, AI-ready colocation, dan interkoneksi, mengumumkan penunjukan Raymond Yan sebagai president director pada hari ini (1/10). Raymond akan memimpin strategi, rencana bisnis, dan pertumbuhan perusahaan di Indonesia.
Raymond akan memperkuat posisi Indonesia sebagai pusat konektivitas vital, sekaligus memperluas kehadiran data center Digital Reality Bersama.
Digital Realty Bersama merupakan joint venture Digital Realty Bersama dan Digital Infrastructure Asia (BDIA), dan didukung oleh Provident Capital Partners, PT Saratoga Investama Sedaya Tbk, serta konsorsium yang dipimpin oleh Macquarie Asset Management.
Raymond membawa lebih dari 20 tahun pengalaman di sektor telekomunikasi dan infrastruktur digital ke Digital Realty Bersama. Sebelumnya, ia menjabat sebagai President Director di PT Centratama Telekomunikasi Indonesia, Tbk.
Ia meraih gelar Sarjana Teknik Elektro dari Universitas Trisakti di Jakarta dan menyandang gelar Executive MBA dari National University of Singapore.
""Di bawah kepemimpinannya, kami berharap dapat memajukan infrastruktur digital Indonesia secara berkelanjutan, membawa nilai dari PlatformDIGITAL®, platform data center global kami, ke Indonesia sambil memegang teguh komitmen kami pada operasional data center yang bertanggung jawab,"" kata Managing Director and Head of Digital Realty Asia Pacific dan President Commissioner Digital Realty Bersama, Serene Nah, dikutip dari siaran pers, Kamis (1/10).
Founding Partner Provident Group dan Vice President Commissioner Digital Realty Bersama, Hardi Wijaya Liong, mengatakan, Raymond akan memimpin arah strategis dan operasional perusahaan dengan berfokus pada optimalisasi infrastruktur high-density dan perluasan ekosistem interkoneksi.
""Ini akan membantu kami menjawab lonjakan kebutuhan AI dan high-performance computing di berbagai industri,"" katanya.
President Director Digital Realty Bersama, Raymond Yan menyampaikan, industri data center berada dalam fase pertumbuhan yang sangat dinamis. ""Saya antusias untuk bergabung serta memperkuat arah strategis Digital Realty Bersama,” ujar dia.
""Dengan pengalaman di sektor telekomunikasi dan infrastruktur digital, ia siap bekerja sama dengan seluruh tim, regulator, pelanggan, dan mitra untuk memastikan infrastruktur kita tetap tangguh dan adaptif,"" Raymond menambahkan.
Dapatkan akses cepat ke berita terkini dan data berharga dari WhatsApp Channel Katadata.co.id
Dapatkan pengalaman membaca lebih nyaman dan nikmati fitur menarik lainnya lewat aplikasi mobile Katadata.",Katadata
"WALHI Minta Indonesia Perketat Aturan Data Center, Berkaca pada Malaysia",1 Oktober 2026,WALHI mendesak pemerintah segera menyusun regulasi khusus pembangunan Data Center untuk menjamin keberlanjutan lingkungan dan hak masyarakat atas kebutuhan dasar.,https://katadata.co.id/digital/teknologi/6abe245be3347/walhi-minta-indonesia-perketat-aturan-data-center-berkaca-pada-malaysia,https://cdn1.katadata.co.id/media/images/thumb/2024/06/24/Ilustrasi_data_center-2024_06_24-15_22_56_d7f0a8b94814054476b447f8a1d1817b_960x640_thumb.jpg,"Wahana Lingkungan Hidup Indonesia (WALHI) meminta pemerintah menyusun regulasi khusus untuk pembangunan pusat data atau data center di Indonesia. Aturan ini dinilai penting untuk memastikan pembangunan infrastruktur digital tidak melampaui daya dukung lingkungan dan mengancam pemenuhan kebutuhan dasar masyarakat.
Pengampanye Urban Berkeadilan WALHI Nasional, Wahyu Eka Styawan, mengatakan, Indonesia hingga kini belum memiliki regulasi spesifik yang mengatur pembangunan data center dan infrastruktur kecerdasan buatan (AI).
Perizinan proyek masih mengacu pada aturan umum, termasuk Undang-Undang Perlindungan dan Pengelolaan Lingkungan Hidup (PPLH) serta perizinan berbasis risiko.
“Di Indonesia belum ada regulasi yang spesifik soal ini, makanya kami selalu menyampaikan perlu ada aturan khusus. Selama ini masih menggunakan regulasi umum dengan memakai aturan UU PPLH dan perizinan berbasis risiko, makanya pakai AMDAL dan feasibility studi,” ujar Wahyu kepada Katadata, Kamis (1/10).
Padahal, katanya, ekspansi fasilitas data center berlangsung di sejumlah wilayah, mulai dari Jatiluhur di Purwakarta, Jawa Barat, Batang di Jawa Tengah, hingga rencana pengembangan di Karawang dan Batam.
Wahyu menyebut Indonesia saat ini telah memiliki lebih dari 200 data center. Karena itu, ia menilai pemerintah perlu segera menetapkan aturan yang memastikan pembangunan fasilitas tersebut sesuai dengan kondisi lingkungan di setiap wilayah.
“Jangan sampai demi investasi maka hal tersebut diabaikan,” Wahyu menambahkan.
Sebagai contoh, Wahyu meminta pemerintah Indonesia berkaca pada Malaysia yang mulai memperketat tata kelola pembangunan data center, terutama terkait penggunaan energi dan air.
Pada Februari 2026, Perdana Menteri Malaysia Anwar Ibrahim menyatakan pemerintah membatasi persetujuan bagi data center baru yang tidak berkaitan dengan kecerdasan buatan.
Kebijakan itu diambil di tengah peningkatan kebutuhan listrik dan air dari sektor tersebut. Pengajuan yang berkaitan dengan pengembangan teknologi tinggi dan AI tetap dapat diprioritaskan.
Sementara itu, pemerintah negara bagian Johor menerapkan penilaian teknis terhadap proyek data center, termasuk kebutuhan air dan listrik serta kesesuaian lokasi pembangunan.
Johor juga menetapkan ambang efisiensi penggunaan air dan mensyaratkan kecukupan pasokan air sebagai salah satu pertimbangan persetujuan proyek. Pengembang dapat diminta mencari sumber air alternatif, termasuk air daur ulang, untuk kebutuhan pendinginan.
Menurut Wahyu, Indonesia perlu mengembangkan pendekatan serupa melalui regulasi yang secara khusus mengatur pembangunan data center, baik dari sisi lingkungan maupun teknologi.
“AI memang kebutuhan, tapi harus diregulasi, sehingga tidak ada yang dirugikan dan keberlanjutan lingkungan dapat dikontrol,” ujarnya.
Ia menegaskan, aturan tersebut perlu memastikan setiap proyek memperhitungkan ketersediaan sumber daya, kesesuaian tata ruang, serta dampak terhadap masyarakat di sekitar lokasi pembangunan.
Wahyu mencontohkan pembangunan pusat data AI milik BDx di kawasan Jatiluhur, Kabupaten Purwakarta, Jawa Barat. Proyek ini diperkirakan membutuhkan air hingga 384 liter per detik atau sekitar 33.000 meter kubik per hari.
Berdasarkan perhitungan WALHI, kebutuhan tersebut setara dengan sekitar 12,045 juta meter kubik per tahun. Angka itu diperkirakan mencapai 0,20% dari potensi ketersediaan air tahunan Waduk Jatiluhur yang disebut sebesar 6,14 miliar meter kubik.
“Proyek AI ini tetep menyimpan beban ekologis yang signifikan karena dampaknya langsung menggerus pasokan air baku bersih,” katanya.
Wahyu menyebut konsumsi air dalam jumlah besar secara terus-menerus berpotensi menambah tekanan terhadap sumber daya air, terutama ketika wilayah menghadapi pendangkalan waduk akibat sedimentasi, penguapan, maupun risiko kemarau panjang.
“Beban ekstraksi 24 jam nonstop untuk data center setara dengan 2,40% debit saluran utama Kalimalang atau 16 m3/detik atau mengambil 7,87% dari alokasi air baku wilayah Karawang atau sekitar 153 juta m3/tahun) sebuah volume yang setara dengan kebutuhan konsumsi air bersih harian bagi lebih dari 220.000 jiwa atau 55.000 kepala keluarga,” ujarnya.
Untuk itu WALHI mendesak pemerintah memberlakukan moratorium pembangunan data center sampai regulasi khusus tersedia. Regulasi ini, kata dia, harus mencakup kepastian daya dukung dan daya tampung lingkungan, kesesuaian tata ruang, serta keterbukaan informasi kepada masyarakat.
WALHI juga meminta agar prinsip Free, Prior and Informed Consent (FPIC) atau persetujuan atas dasar informasi di awal tanpa paksaan diterapkan, disertai partisipasi masyarakat yang bermakna dalam proses perencanaan pembangunan.
“Jelasnya sebelum data center ini harus ada regulasi khusus yang mengatur hal tersebut untuk memastikan daya dukung dan daya tampung, penyesuaian tata ruang, agar tidak ada yang dirugikan,” kata Wahyu.
Dapatkan akses cepat ke berita terkini dan data berharga dari WhatsApp Channel Katadata.co.id
Dapatkan pengalaman membaca lebih nyaman dan nikmati fitur menarik lainnya lewat aplikasi mobile Katadata.",Katadata
"Data Center di Jatiluhur Disorot, IESR Menilai Perlu Ada Aturan Khusus",1 Oktober 2026,"IESR mendesak pemerintah segera terbitkan regulasi lingkungan dan energi untuk antisipasi lonjakan investasi data center dan AI di Indonesia, menyusul proyeksi kebutuhan listrik yang besar.",https://katadata.co.id/digital/teknologi/6abe0997bef5a/data-center-di-jatiluhur-disorot-iesr-menilai-perlu-ada-aturan-khusus,https://cdn1.katadata.co.id/media/images/thumb/2024/06/24/Ilustrasi_data_center-2024_06_24-16_48_41_c084814f1aa0dd759792fc34b20964a9_960x640_thumb.jpg,"Institute for Essential Services Reform (IESR) menilai kasus pembangunan data center BDx di Jatiluhur menunjukkan perlunya aturan yang lebih memadai untuk mengantisipasi pertumbuhan investasi data center dan AI di Indonesia. Terlebih lagi, Kementerian Komunikasi dan Digital (Komdigi) pada Mei memperkirakan kebutuhan listrik data center Indonesia pada 2029 dapat mencapai lebih dari 2 gigawatt (GW) dan proyeksi PLN mencapai 25 GW pada 2035.
“Tanpa standar nasional, setiap proyek dinilai kasus per kasus dan pengawasan bergantung pada inisiatif kepala daerah,” kata Chief Executive Officer IESR Fabby Tumiwa dalam pernyataan pers yang diterima Katadata.co.id, Kamis (1/10).
Untuk itu, IESR mendesak pemerintah pusat, khususnya Komdigi, Kementerian Energi dan Sumber Daya Mineral (ESDM), Kementerian Lingkungan Hidup, Kementerian Pekerjaan Umum, serta Kementerian Koordinator Bidang Perekonomian, segera menerbitkan regulasi perlindungan lingkungan, sosial, dan energi untuk pembangunan data center dan AI.
IESR mengusulkan agar regulasi tersebut mewajibkan penggunaan sistem pendingin tanpa air (waterless) atau sistem sirkulasi tertutup (closed-loop) guna mengurangi persaingan penggunaan air dengan kebutuhan rumah tangga dan pertanian.
Selain itu, IESR mendorong penetapan batas efisiensi energi Power Usage Effectiveness (PUE) di bawah 1,3 serta standar efisiensi perangkat teknologi informasi untuk menekan konsumsi listrik.
Dari sisi energi, IESR mengusulkan kewajiban penggunaan energi terbarukan secara langsung minimal 35% pada 2030 dan 50% pada 2040. Pemenuhan target tersebut dapat dilakukan melalui pembangunan pembangkit di lokasi maupun kontrak pembelian listrik energi terbarukan, bukan hanya melalui sertifikat energi terbarukan.
IESR menyebut usulan tersebut sejalan dengan arah Kebijakan Energi Nasional dalam Peraturan Pemerintah Nomor 40 Tahun 2025, yang menargetkan bauran energi baru dan terbarukan sebesar 36%–40% pada 2040.
“Indonesia ingin menjadi pusat data center di kawasan. Itu peluang, tetapi hanya jika data center yang dibangun hemat air, efisien, dan ditenagai energi terbarukan. Jika tidak, kita menanggung emisi dan krisis air demi melayani permintaan komputasi global,” kata Fabby.
Malaysia, MITI atau Ministry of Investment, Trade and Industry mengeluarkan Guidelines for Sustainable Development of Data Centre, yang melarang perusahaan membangun pusat data baru di lokasi Water Stress Index (WSI) ≥ 0.8.
WSI adalah ukuran seberapa besar permintaan air dibandingkan dengan ketersediaannya di suatu wilayah. Nilai 0 berarti air melimpah, sedangkan satu menunjukkan seluruh sumber air yang tersedia sudah digunakan atau krisis pasokan air.
Komisi Layanan Air Nasional atau SPAN Malaysia sedang menyusun pedoman ketat dan bisa mewajibkan penggunaan sumber non-potable, air olahan, air sumur, recycled condensate, serta menetapkan persyaratan perizinan pasokan dan potensi premium pricing untuk air terolah untuk data center.
Dengan pengaturan yang lebih detail, Malaysia menjadi pilihan raksasa teknologi seperti Nvidia dan Google untuk membangun pusat data alias data center, khususnya untuk AI.
Sementara di Indonesia, regulasi terkait penggunaan air untuk data center di Indonesia diatur lewat Peraturan Menteri Pekerjaan Umum dan Perumahan Rakyat atau Permen PUPR Nomor 2/2024 tentang Tata Cara Perizinan Berusaha Penggunaan Sumber Daya Air dan Persetujuan Penggunaan Sumber Daya Air.
Pasal 23 berbunyi, “setiap pengguna sumber daya air harus menyusun rencana efisiensi penggunaan air dan rencana penggunaan ulang (reuse) air limbah”.
Selain itu, Peraturan Menteri Lingkungan Hidup Dan Kehutanan atau Permen LHK Nomor 1 Tahun 2021 tentang Program Penilaian Peringkat Kinerja Perusahaan Dalam Pengelolaan Lingkungan Hidup, pemerintah mendorong pemberian insentif bagi pelaku usaha yang mencapai efisiensi air dan energi. Namun tidak ada rincian mengenai efisiensi air maupun energi.
Dapatkan akses cepat ke berita terkini dan data berharga dari WhatsApp Channel Katadata.co.id
Dapatkan pengalaman membaca lebih nyaman dan nikmati fitur menarik lainnya lewat aplikasi mobile Katadata.",Katadata
"Data Center BDx Disetop Sementara, IESR Desak Kajian Lingkungan Menyeluruh",1 Oktober 2026,"Pembangunan Data Center AI BDx di Jatiluhur dihentikan sementara oleh Pemprov Jabar karena belum melengkapi dokumen AMDAL dan PBG, meski IESR mendesak kajian lengkap.",https://katadata.co.id/digital/teknologi/6abdfedc27c0f/data-center-bdx-disetop-sementara-iesr-desak-kajian-lingkungan-menyeluruh,https://cdn1.katadata.co.id/media/images/thumb/2024/11/15/Indonesia_AI_Day_2024-2024_11_15-18_04_53_71ff474f40db4808234db3c856143c29_960x640_thumb.jpg,"Gubernur Jawa Barat Dedi Mulyadi menghentikan sementara pembangunan pusat data yang berfokus pada kecerdasan buatan (AI) milik BDx Data Centers di kawasan Jatiluhur, Kabupaten Purwakarta. Meski begitu, Institute for Essential Services Reform (IESR) tetap mendesak agar kajian lingkungan dan dampak sosial pembangunan fasilitas ini dilakukan secara menyeluruh sebelum konstruksi dilanjutkan.
Pemerintah Provinsi Jawa Barat menyetop pembangunan data center BDx di Jatiluhur, karena belum mengantongi analisis dampak lingkungan (AMDAL) dan persetujuan pembangunan gedung (PBG).
Data center AI yang berada di lahan seluas 8.000 meter itu mulai dibangun sejak 22 September. Proyek ini akan memiliki kapasitas daya listrik hingga 640 Megawatt (MW).
Dikutip dari laman PPID Jabar, proyek pembangunan data center AI milik BDx tidak bisa dilanjutkan sebelum ada dokumen AMDAL dan PBG. Ketiadaan dua dokumen ini berpotensi menimbulkan masalah dalam pembangunan proyek.
Ia meminta kepada konsultan untuk segera menyerahkan persyaratan yang dibutuhkan agar AMDAL dan PBG pembangunan pusat data AI dikeluarkan Pemerintah Kabupaten Purwakarta.
""PBG dan AMDAL belum keluar. Jangan dulu berjalan proyeknya. Berhentikan dulu pembangunannya,"" kata KDM, sapaan akrab Dedi Mulyadi, dikutip dari laman resmi, Rabu (30/9).
KDM juga meminta konsultan membuka kajian analisis proyek itu kepada masyarakat, terutama terkait potensi kebisingan dan penggunaan air Waduk Jatiluhur. Ia pun meminta konsultas memastikan keberadaan pusat data AI tidak menggangu pemanfaatan air Waduk Jatiluhur bagi petani.
Sementara itu, IESR  mendesak agar kajian lingkungan dan dampak sosial pembangunan data center milik BDx Data Center di kawasan Jatiluhur, itu dilakukan secara menyeluruh sebelum konstruksi dilanjutkan.
IESR meminta seluruh perizinan, termasuk AMDAL dan PBG, diterbitkan terlebih dahulu. Lembaga ini juga meminta hasil kajian dampak proyek terhadap lingkungan dan masyarakat dibuka kepada publik.
Chief Executive Officer IESR Fabby Tumiwa mengatakan investasi data center merupakan bagian penting dari pertumbuhan ekonomi digital Indonesia. Namun, pembangunan infrastruktur ini perlu memperhatikan keberlanjutan sumber daya air, keandalan pasokan listrik, serta hak masyarakat untuk memperoleh informasi.
“Investasi data center merupakan bagian penting dari pertumbuhan ekonomi digital Indonesia. Namun, pembangunan harus tetap berjalan dengan menghormati keberlanjutan sumber daya air, keandalan listrik, dan hak masyarakat untuk memperoleh informasi,” ujar Fabby dalam pernyataan resmi, Kamis (1/10).
IESR menyoroti kebutuhan air proyek BDx, terutama pada tahap pengembangan berikutnya. Kebutuhan air fasilitas tersebut diperkirakan mencapai 384 liter per detik, setara sekitar 33.000 meter kubik per hari atau lebih dari 12 juta meter kubik per tahun.
Kebutuhan air tersebut direncanakan bersumber dari Waduk Jatiluhur, yang menjadi salah satu penopang irigasi sawah di sentra produksi padi Jawa Barat.
Menurut IESR, besarnya kebutuhan air tersebut memerlukan kajian cermat untuk memastikan pembangunan data center tidak mengganggu alokasi air bagi masyarakat dan sektor pertanian, termasuk petani yang menggunakan air untuk irigasi.
Oleh karena itu, IESR meminta AMDAL dan analisis dampak sosial-lingkungan disusun secara komprehensif dengan melibatkan masyarakat terdampak secara bermakna. Dokumen kajian tersebut juga diminta dibuka kepada publik sebelum konstruksi dilanjutkan.
“IESR menegaskan penghentian sementara ini harus dimanfaatkan untuk kajian yang sungguh-sungguh, bukan sekadar mempercepat penerbitan izin,” kata Fabby.
Selain kebutuhan air, IESR menyoroti konsumsi listrik data center BDx yang direncanakan memiliki kapasitas 640 MW. Apabila beroperasi penuh sepanjang tahun, fasilitas tersebut diperkirakan mengonsumsi listrik hingga sekitar 5,6 terawatt-jam (TWh) per tahun.
IESR mendesak agar kajian dampak kebutuhan listrik proyek tersebut terhadap keandalan sistem kelistrikan Jawa-Madura-Bali diumumkan kepada publik.
Kajian tersebut perlu mencakup kecukupan cadangan daya, kebutuhan pembangunan jaringan transmisi dan gardu induk, serta sumber pembangkit yang akan memasok listrik ke fasilitas tersebut.
IESR juga meminta pemerintah mengungkap potensi dampak terhadap akses listrik pelanggan PLN, termasuk rumah tangga, usaha mikro, kecil, dan menengah (UMKM), serta industri.
“Satu fasilitas 640 MW membutuhkan listrik sebesar keluaran pembangkit besar. Publik berhak tahu dari mana listrik itu berasal, apakah akan menambah pembakaran batu bara, dan apakah pelanggan PLN lainnya ikut menanggung risikonya, baik berupa gangguan pasokan maupun beban biaya,” ujar Fabby.
Dapatkan akses cepat ke berita terkini dan data berharga dari WhatsApp Channel Katadata.co.id
Dapatkan pengalaman membaca lebih nyaman dan nikmati fitur menarik lainnya lewat aplikasi mobile Katadata.",Katadata
"Indonesia Punya 204 Data Center, Terbanyak Keempat di Asia",30 September 2026,"Indonesia berada di urutan keempat di Asia dengan 204 fasilitas, sekaligus menjadi pasar data center terbesar di Asia Tenggara dalam daftar DataCenterMap.",https://katadata.co.id/digital/teknologi/6abc8e9a8b475/indonesia-punya-204-data-center-terbanyak-keempat-di-asia,https://cdn1.katadata.co.id/media/images/thumb/2026/06/16/2026_06_16-16_50_00_6fccdd9c-6979-11f1-8ba5-0242ac12000a_960x640_thumb.jpg,"Indonesia tercatat memiliki 204 fasilitas data center pada September 2026, menjadikannya negara dengan jumlah pusat data terbanyak keempat di Asia. Posisi Indonesia berada di bawah Cina, India, dan Jepang.
Menurut DataCenterMap, Cina menempati posisi teratas dengan 376 fasilitas data center atau pusat data. India menyusul dengan 305 fasilitas, sedangkan Jepang memiliki 261 fasilitas.
Indonesia berada di urutan keempat dengan 204 fasilitas, sekaligus menjadi pasar data center terbesar di Asia Tenggara dalam daftar tersebut.
Malaysia berada di posisi berikutnya dengan 125 fasilitas, disusul Korea Selatan sebanyak 105 fasilitas. Adapun Amerika menempati posisi teratas dengan data center terbanyak di dunia sebanyak 4.767 fasilitas tercatat.
Dari sisi persebaran fasilitas pusat data di dalam negeri tersebar di 32 kota di Indonesia dan masih terkonsentrasi di Jakarta. Ibu kota tercatat memiliki 107 fasilitas, atau lebih dari separuh total pusat data nasional dalam daftar tersebut.
Batam menempati posisi kedua dengan 20 fasilitas, diikuti Surabaya sebanyak sembilan fasilitas. Berikut daftar lengkapnya:
Menurut DataCenterMap, pengembangan infrastruktur digital di Indonesia menghadapi tantangan geografis sebagai negara kepulauan. Indonesia memiliki sekitar 18.000 pulau, sehingga pembangunan jaringan telekomunikasi berbasis kabel tetap secara luas tidak mudah, terutama di wilayah yang berpenduduk jarang.
Dalam laporan industri telekomunikasi pada 2022, perluasan dan peningkatan jaringan serat optik serta jaringan seluler disebut terus berlangsung. Namun, kondisi geografis Indonesia membuat pemerataan infrastruktur telekomunikasi membutuhkan upaya tersendiri.
“Di sisi lain, perkembangan layanan digital turut mendorong kebutuhan terhadap infrastruktur yang menopang penyimpanan dan pemrosesan data. Data center menjadi bagian penting dari ekosistem tersebut, termasuk untuk layanan komputasi awan, aplikasi digital, dan berbagai aktivitas ekonomi berbasis internet,” kata peneliti DataCenterMap, dikutip Rabu (30/9).
Dapatkan akses cepat ke berita terkini dan data berharga dari WhatsApp Channel Katadata.co.id
Dapatkan pengalaman membaca lebih nyaman dan nikmati fitur menarik lainnya lewat aplikasi mobile Katadata.",Katadata
IDPRO: Pembangunan Data Center Harus Memperhatikan Aspek Lingkungan,29 September 2026,"IDPRO telah merilis Green Data Center White Paper untuk mendorong penerapan berbagai aspek pusat data ramah lingkungan, mulai dari efisiensi energi, pengelolaan lingkungan, pemanfaatan EBT.",https://katadata.co.id/digital/teknologi/6abb64434f5c2/idpro-pembangunan-data-center-harus-memperhatikan-aspek-lingkungan,https://cdn1.katadata.co.id/media/images/thumb/2026/06/16/2026_06_16-16_50_00_6fccdd9c-6979-11f1-8ba5-0242ac12000a_960x640_thumb.jpg,"Asosiasi Penyelenggara Data Center Indonesia (IDPRO) menilai pembangunan data center, termasuk yang direncanakan di kawasan Waduk Jatiluhur, perlu memperhatikan aspek keberlanjutan atau sustainability.
Ketua Umum IDPRO Hendra Suryakusuma mengatakan, kekhawatiran mengenai penggunaan air, kebutuhan listrik, emisi karbon, hingga dampak pembangunan terhadap masyarakat sekitar merupakan hal yang valid.
“Aspek-aspek tersebut harus menjadi bagian dari perencanaan, analisis mengenai dampak lingkungan (AMDAL), serta pengelolaan operasional data center,” kata Hendra kepada Katadata, Selasa (29/9).
Meski demikian, Hendra mengingatkan agar pembahasan mengenai dampak lingkungan dilakukan secara proporsional dan berdasarkan data serta teknologi yang benar-benar digunakan oleh fasilitas tersebut.
Menurut dia, teknologi data center terus berkembang, termasuk dalam hal efisiensi energi, penggunaan air, sistem pendinginan atau cooling, pemanfaatan energi terbarukan dan rendah karbon, serta pengukuran dan pengurangan emisi.
Karena itu, penggunaan air dan energi pada setiap fasilitas data center tidak bisa disamaratakan. Penilaian terhadap dampak lingkungan perlu mempertimbangkan karakteristik dan teknologi yang diterapkan pada masing-masing proyek.
“Data center saat ini tidak bisa digeneralisasi seolah seluruhnya menggunakan teknologi cooling, sumber energi, atau konsumsi air yang sama,” ujarnya.
Sebagai informasi, operator pusat data asal Singapura, BDx Data Centers, telah memulai pembangunan kompleks pusat data berbasis kecerdasan buatan atau artificial intelligence (AI) berkapasitas 640 megawatt (MW) di Jatiluhur, Kabupaten Purwakarta, Jawa Barat.
Hendra mengatakan, IDPRO telah menempatkan isu keberlanjutan sebagai salah satu agenda utama industri. Pada 2022, asosiasi tersebut menerbitkan Green Data Center White Paper bersama Masyarakat Energi Terbarukan Indonesia (METI).
Dokumen tersebut mendorong penerapan berbagai aspek pusat data ramah lingkungan, mulai dari efisiensi energi, pengelolaan lingkungan, pemanfaatan energi terbarukan, hingga pengelolaan emisi.
Komitmen tersebut, lanjut Hendra, akan diperkuat melalui rencana peluncuran Indonesia Sustainable Data Center Indexpada 2026. Indeks ini disiapkan untuk menyediakan kerangka pengukuran keberlanjutan data center yang mempertimbangkan karakteristik dan kondisi Indonesia.
“Kami ingin Indonesia memiliki framework yang lebih terukur untuk melihat sustainability sebuah data center sesuai dengan karakteristik dan kondisi Indonesia. Jadi pembicaraan mengenai sustainability tidak berhenti pada persepsi atau klaim, tetapi semakin berbasis indikator dan data yang dapat diukur,” katanya.
Khusus untuk proyek di Jatiluhur, Hendra menilai kajian proyek secara menyeluruh perlu dilihat terlebih dahulu sebelum menarik kesimpulan mengenai dampaknya terhadap lingkungan.
Dalam aspek penggunaan air, misalnya, sejumlah hal yang perlu diketahui mencakup kebutuhan air aktual, sumber air yang digunakan, teknologi pendinginan, tingkat efisiensi, serta pengelolaan air buangan.
Kajian juga perlu memastikan apakah penggunaan air untuk operasional data center berpotensi memengaruhi alokasi air bagi masyarakat dan sektor pertanian.
Sementara dari sisi kelistrikan, menurut Hendra, perlu ada kejelasan mengenai besaran kebutuhan energi, sumber pasokan listrik, efisiensi penggunaan energi, serta porsi energi rendah karbon atau energi terbarukan yang dapat dimanfaatkan.
“Jadi IDPRO mendukung adanya transparansi dan kajian yang proper,” katanya.
Data center Bagi Ekonomi Digital
Di sisi lain, Hendra mengingatkan agar kekhawatiran terhadap dampak lingkungan tidak serta-merta membentuk persepsi bahwa pembangunan data center selalu berdampak buruk atau tidak memberikan manfaat yang sebanding.
Menurut dia, data center merupakan infrastruktur dasar bagi berbagai layanan digital, mulai dari komputasi awan (cloud), kecerdasan buatan (AI), layanan keuangan digital, perdagangan elektronik (e-commerce), telekomunikasi, hingga layanan pemerintahan digital.
“Investasinya juga menciptakan aktivitas ekonomi bukan hanya ketika data center sudah beroperasi, tetapi sejak tahap konstruksi, melalui kebutuhan engineering, mechanical-electrical, jaringan, security, maintenance, supply chain, hingga pengembangan tenaga kerja dengan keahlian teknis,” katanya.
Hendra menambahkan, pembangunan kapasitas data center dan komputasi AI di dalam negeri semakin strategis bagi Indonesia. Menurut dia, Indonesia perlu memiliki infrastruktur komputasi sendiri agar tidak hanya menjadi pengguna teknologi, sementara infrastrukturnya dibangun di negara lain.
“Karena itu, menurut IDPRO diskusinya sebaiknya bukan ‘data center versus lingkungan’. Yang harus kita dorong adalah bagaimana Indonesia bisa membangun data center dan infrastruktur AI yang besar, kompetitif, tetapi pada saat yang sama semakin sustainable,” ujar Hendra.
Dapatkan akses cepat ke berita terkini dan data berharga dari WhatsApp Channel Katadata.co.id
Dapatkan pengalaman membaca lebih nyaman dan nikmati fitur menarik lainnya lewat aplikasi mobile Katadata.",Katadata
"Boy Thohir Masuk NextAI MGLV di Tengah Geliat Data Center, Bagaimana Prospeknya?",29 September 2026,"PT NexAI Digital Infrastruktur Tbk (MGLV) sedang merombak bisnisnya secara besar-besaran. Dari perusahaan perlengkapan rumah tangga, perseroan akan menjadi pemain penyedia infrastruktur pusat data",https://katadata.co.id/finansial/bursa/6abb2ac9098b9/boy-thohir-masuk-nextai-mglv-di-tengah-geliat-data-center-bagaimana-prospeknya,https://cdn1.katadata.co.id/media/images/thumb/2024/06/21/Ilustrasi_data_center-2024_06_21-16_27_18_6c362b5bff8a19f814980711e099eae2_960x640_thumb.png,"PT NexAI Digital Infrastruktur Tbk (MGLV) sedang merombak bisnisnya secara besar-besaran. Dari perusahaan perlengkapan rumah tangga, perseroan akan menjadi pemain baru penyedia infrastruktur pusat data berbasis kecerdasan buatan atau AI data center.
Perubahan bisnis tersebut turut menarik perhatian investor. Harga saham MGLV bahkan telah melonjak ratusan persen sepanjang tahun ini, termasuk dengan masuknya kendaraan investasi keluarga Thohir sebagai salah satu pemegang saham perseroan.
Pada penutupan perdagangan Bursa Efek Indonesia (BEI), Senin (29/9), saham MGLV bertengger di level Rp 15.000 per saham. Padahal, pada awal tahun atau 2 Januari 2026 saham MGLV masih berada di level Rp 2.200.
Bila dilihat lebih jauh harga saham MGLV telah melonjak 581,82% sejak awal tahun. Kapitalisasi pasar perseroan mencapai Rp 28,57 triliun, dengan porsi saham yang beredar di publik atau free float sebesar 32,92%.
MGLV sebelumnya berdiri pada 1990 dengan nama PT Pancamagram Wisesa. Perseroan awalnya bergerak di bidang impor marmer dan granit untuk memasok kebutuhan proyek perumahan hingga gedung bertingkat. Namun, perseroan kini mengubah kegiatan usahanya dan mengembangkan bisnis di sektor infrastruktur komputasi, pusat data serta konsultasi manajemen.
MGLV akan menjalankan bisnis infrastruktur komputasi melalui anak usahanya, yakni PT Nextier Askara Center (NAC) dan PT Nextier GenAi Center (NGC). Kedua perusahaan ini diakuisisi perusahaan dan diumumkan pada 9 September 2026.
NAC akan mengoperasikan fasilitas pusat data di Kawasan Industri Jababeka, Cikarang, Bekasi. Perusahaan tersebut mengelola proyek JababekaDC yang saat ini dalam tahap ekspansi dengan penambahan kapasitas listrik sebesar 36 megawatt (MW). Setelah ekspansi selesai, total kapasitas JababekaDC ditargetkan mencapai 42 MW.
Sementara itu, NGC akan mengembangkan pusat data di luar wilayah Jabodetabek, tepatnya di Jawa Tengah. NGC bertanggung jawab atas pembangunan BatangDC di Kawasan Industri Terpadu Batang dengan target kapasitas hingga 60 MW.
NAC dan NGC merupakan anak usaha yang dikendalikan MGLV dengan kepemilikan masing-masing sebesar 99,9%. Penambahan modal tersebut setara dengan 99% dari modal disetor masing-masing perusahaan.
Dengan pengembangan kedua proyek tersebut, MGLV tengah membangun portofolio infrastruktur pusat data yang berfokus pada kebutuhan komputasi AI.
Tim riset BRI Danareksa Sekuritas menyebut MGLV tengah melakukan pivot ke bisnis AI data center. Berdasarkan perhitungan discounted cash flow (DCF), nilai ekuitas MGLV diperkirakan berada pada kisaran Rp 4,9 triliun untuk kapasitas 102 MW hingga Rp 106 triliun untuk kapasitas 900 MW pada 2031.
Dengan kapitalisasi pasar MGLV yang saat ini sekitar Rp 27,8 triliun, BRI Danareksa Sekuritas menilai valuasi dengan basis kapasitas 102 MW sudah tercermin dalam harga saham.
Transformasi bisnis MGLV juga menarik perhatian investor sekaligus pengusaha kakap, keluarga Thohir. Keluarga Thohir kemudian menanamkan investasi ke perusahaan ini.
Berdasarkan data pemegang saham per 29 September 2026, dalam struktur pemegang saham perseroan terdapat Trinugraha Thohir dan Trinugraha Thohir Harmoni. Keduanya adalah kendaraan investasi keluarga Thohir di sejumlah perusahaan tercatat di BEI.
Garibaldi Thohir alias Boy Thohir tercatat sebagai salah satu pengelola utama kendaraan investasi tersebut.
Trinugraha Thohir Harmoni menggenggam 92,5 juta saham MGLV atau setara 4,86% dari total saham perseroan. Sementara Trinugraha Thohir memiliki 42,86 juta saham atau setara 2,25%.
Pada 9 September 2026, Boy Thohir secara pribadi ikut masuk investasi ke MGLV. Dia tercatat memborong 30 juta saham MGLV. Dia mengatakan melihat prospek yang menjanjikan di tengah melesatnya perkembangan infrastruktur.
“Saya melihat prospek perusahaan menjanjikan di tengah pesatnya perkembangan infrastruktur teknologi masa depan,” kata Boy dalam keterangannya dikutip Selasa (29/9).
Untuk mendukung pengembangan bisnis pusat data, MGLV juga memperoleh fasilitas pinjaman dari PT Bank Negara Indonesia Tbk (BBNI) melalui dua anak usahanya tersebut, yaitu NAC dan NGC.
NAC mengantongi fasilitas pinjaman dari BNI dengan nilai maksimal Rp 4,125 triliun. Fasilitas tersebut akan digunakan antara lain untuk membiayai sebagian pengambilalihan fasilitas data center di Kawasan Industri Jababeka, Cikarang, Bekasi.
Dana tersebut juga akan digunakan untuk membiayai sebagian proyek pengembangan JababekaDC, termasuk belanja modal untuk penambahan kapasitas sebesar 36 MW sehingga total kapasitas pusat data tersebut mencapai 42 MW. Sebagian dana juga digunakan untuk membiayai bunga selama masa konstruksi.
Sementara itu, NGC memperoleh fasilitas pinjaman dari BNI dengan nilai maksimal Rp 6,629 triliun. Fasilitas tersebut akan digunakan untuk membiayai sebagian pembangunan BatangDC hingga mencapai kapasitas 60 MW, termasuk biaya dan pengeluaran terkait fasilitas pinjaman serta sebagian bunga selama masa konstruksi.
Sehingga total fasilitas pinjaman yang diperoleh NAC dan NGC dari BNI mencapai sekitar Rp 10,75 triliun.
Sebelum memperoleh fasilitas kredit tersebut, MGLV juga menambah modal kepada NAC dan NGC dengan total Rp 98 miliar.
Penambahan modal tersebut diputuskan pada 17 September 2026. Masing-masing anak usaha memperoleh tambahan modal Rp 49 miliar atau setara dengan 49.000 saham.
MGLV menyatakan penambahan modal dilakukan untuk mendukung pengembangan dan peningkatan skala usaha NAC dan NGC. Dana tersebut juga digunakan untuk memenuhi kebutuhan administrasi dan perizinan usaha, termasuk penyesuaian data serta dokumen master list yang diperlukan untuk menjalankan kegiatan usaha kedua anak perusahaan.
Perseroan juga akan melakukan penambahan modal melalui penerbitan Hak Memesan Efek Terlebih Dahulu (HMETD) atau rights issue. Perseroan akan menerbitkan maksimal 285,73 juta saham baru dengan target dana mencapai Rp 2,54 triliun.
Dalam prospektus ringkas yang diterbitkan, NexAI menetapkan harga pelaksanaan rights issue Rp 8.880 per saham. Jumlah saham baru yang ditawarkan sebanyak-banyaknya 285.732.512 saham atau setara 13,04% dari jumlah saham setelah aksi korporasi.
Harga pelaksanaan tersebut berada jauh di bawah harga saham MGLV di pasar. Berdasarkan data perdagangan Jumat (11/9) pukul 09.25 WIB, saham MGLV berada di level Rp15.400 per saham. Bila merujuk harga hari ini maka pelaksanaan right issue berada dengan diskon sekitar 42%.
Presiden Direktur NexAI Ahmad Zulfikar mengatakan, dana yang dihimpun melalui rights issue ini akan langsung mendukung pembangunan AI data center yang dirancang untuk standar tier III. Langkah ini sejalan dengan arah bisnis baru yang telah disetujui pemegang saham.
“Ini adalah langkah konkret bagi kami untuk merealisasikan visi transformasi Perseroan. Data center kami dirancang untuk mendukung kebutuhan hosting chip AI dengan teknologi terbaru yang tersedia di industri saat ini,” ujar Zulfikar seperti dikutip Jumat (11/9).
Dalam aksi ini, setiap pemegang 100 saham lama akan memperoleh 15 HMETD, sedangkan setiap satu HMETD memberikan hak untuk membeli satu saham baru. Sebaliknya, pemegang saham yang tidak melaksanakan haknya berpotensi mengalami penurunan persentase kepemilikan atau dilusi maksimum 13,04%.
Dapatkan akses cepat ke berita terkini dan data berharga dari WhatsApp Channel Katadata.co.id
Dapatkan pengalaman membaca lebih nyaman dan nikmati fitur menarik lainnya lewat aplikasi mobile Katadata.",Katadata
Konsumsi Listrik Data Center yang Dilayani PLN Capai 2.378 GWh,26 September 2026,"PT PLN (Persero) mencatat konsumsi listrik dari 159 pelanggan pusat data (data center) yang dilayaninya mencapai 2.378 gigawatt hour (GWh), dengan 99% kapasitas masih terpusat di Jawa-Madura-Bali.",https://katadata.co.id/berita/energi/6ab78979234da/konsumsi-listrik-data-center-yang-dilayani-pln-capai-2378-gwh,https://cdn1.katadata.co.id/media/images/thumb/2025/05/15/Fasilitas_pusat_data_pertama_Equinix_di_Jakarta_JK1_Data_Center-2025_05_15-16_33_09_a593cac8057d750538d22f15087d28cf_960x640_thumb.jpeg,"PT PLN (Persero) mencatat konsumsi listrik dari 159 pelanggan pusat data ( data center ) yang dilayaninya mencapai 2.378 gigawatt hour (GWh). Besarnya kebutuhan listrik dari industri tersebut menunjukkan pentingnya peran infrastruktur energi dalam menopang keberlangsungan ekonomi digital.
“Pertumbuhan kebutuhan listrik dalam ekosistem data center menunjukkan semakin pentingnya infrastruktur energi bagi pertumbuhan ekonomi digital,” ungkap Direktur Utama PLN, Darmawan Prasodjo, dalam keterangannya di Jakarta, Sabtu (26/9).
Menurut dia, ekspansi industri data center membutuhkan dukungan kelistrikan dengan spesifikasi yang semakin kompleks. Kebutuhan tersebut mencakup kapasitas yang memadai, tingkat keandalan tinggi, kualitas daya yang terjaga, hingga penggunaan sumber energi bersih. Karena itu, PLN terus mempersiapkan infrastruktur dan layanan kelistrikan yang disesuaikan dengan kebutuhan serta rencana ekspansi para pelanggan data center.
Darmawan menuturkan PLN akan memperkuat infrastruktur ketenagalistrikan untuk mengimbangi pertumbuhan industri pusat data di Indonesia. Langkah tersebut dinilai penting seiring pesatnya perkembangan kecerdasan buatan atau artificial intelligence (AI) dan transformasi digital.
“PLN ingin pengembangan infrastruktur ketenagalistrikan dapat berjalan seiring dengan perkembangan sektor digital. Karena itu, perencanaan perlu dilakukan sejak awal agar kebutuhan energi dapat diantisipasi dan investasi dapat tumbuh secara berkelanjutan,” katanya.
Executive Vice President Penjualan dan Pelayanan Pelanggan Enterprise PLN, Dini Sulistyawati mengungkapkan, PLN saat ini melayani 159 pelanggan data center dengan total kapasitas listrik tersambung mencapai 2.038 megavolt ampere (MVA). Sekitar 99% kapasitas tersebut masih terpusat pada sistem kelistrikan Jawa-Madura-Bali, dengan Jawa Barat menjadi salah satu kawasan utama pengembangan data center.
Kendati demikian, pembangunan pusat data kini mulai meluas ke sejumlah wilayah di luar Jawa-Madura-Bali, termasuk Sumatra, Kalimantan, dan Sulawesi. Perluasan tersebut diperkirakan akan mendorong peningkatan kebutuhan listrik dari sektor teknologi. Oleh sebab itu, PLN menilai perencanaan infrastruktur kelistrikan perlu diselaraskan dengan karakteristik kebutuhan dan potensi pertumbuhan di masing-masing wilayah.
Dini mengungkapkan, 159 pelanggan data center PLN saat ini mencatat konsumsi listrik sebesar 2.378 GWh. “Kami percaya ini baru permulaan. Kecerdasan buatan, cloud computing, layanan digital, serta pertumbuhan ekonomi digital Indonesia akan terus menciptakan kebutuhan listrik baru dalam skala yang sangat signifikan,” ujarnya.
Menurut Dini, tantangan PLN ke depan adalah menjaga keseimbangan antara percepatan penambahan kapasitas listrik dengan keandalan pasokan, keterjangkauan tarif, dan stabilitas sistem dalam jangka panjang. Karena itu, pembangunan pembangkit dan jaringan listrik perlu dirancang secara terintegrasi sejak tahap awal agar mampu mengantisipasi pertumbuhan kebutuhan energi industri data center.
PLN pun mendorong penerapan pendekatan early alignment, yakni koordinasi antara PLN dan pengembang sejak tahap awal perencanaan pusat data.
“Komitmen lebih awal dan koordinasi lebih erat dari kedua belah pihak, didukung proyeksi permintaan yang lebih jelas, jadwal energisasi yang realistis, kecepatan pengembangan kapasitas yang tepat, serta kerja sama yang lebih kuat antara PLN, pelanggan, dan pemerintah,” kata Dini.
Dapatkan akses cepat ke berita terkini dan data berharga dari WhatsApp Channel Katadata.co.id
Dapatkan pengalaman membaca lebih nyaman dan nikmati fitur menarik lainnya lewat aplikasi mobile Katadata.",Katadata
Bahlil Promosikan Pembangunan Data Center di Indonesia: Harga Listrik Kompetitif,22 September 2026,Menteri Energi dan Sumber Daya Mineral (ESDM) Bahlil Lahadalia menawarkan proyek pembangunan data center (pusat data) di Indonesia.,https://katadata.co.id/berita/energi/6ab2795a05f5c/bahlil-promosikan-pembangunan-data-center-di-indonesia-harga-listrik-kompetitif,https://cdn1.katadata.co.id/media/images/thumb/2026/07/09/Bahlil_Lahadalia-2026_07_09-16_32_22_77fceb56d2727b95a53848d0d52cf1ed_960x640_thumb.png,"Menteri Energi dan Sumber Daya Mineral (ESDM) Bahlil Lahadalia menawarkan proyek pembangunan data center (pusat data) di Indonesia. Hal ini dilakukan di tengah sulitnya pemenuhan kebutuhan sumber energi terbarukan oleh beberapa negara untuk pusat data.
Menurut Bahlil, para investor tidak perlu ragu untuk membangun data center di Indonesia sebab negara ini memiliki wilayah yang terbesar di kawasan Asia Tenggara. Indonesia tercatat memiliki 17 ribu lebih pulau.
“Sumber energi (listrik) kami tidak hanya dari matahari, air, panas bumi, angin, dan lainnya. Saya yakin harga (energi yang kami tawarkan) akan jauh lebih kompetitif dibandingkan produksi listrik dari negara lain,” kata Bahlil dalam Electricity Connect 2026 di ICE BSD, Tangerang, Selasa (22/9).
Melihat potensi tersebut, Bahlil menyebut pemerintah akan memberikan kemudahan bagi calon investor. Dalam kesempatan tersebut dia menyampaikan hingga saat ini Indonesia sudah menerima beberapa permintaan ekspor listrik dari sejumlah negara tetangga.
Bahlil juga menjamin ketersediaan energi listrik untuk data center. “Menyangkut listrik saya pikir tidak ada masalah, begitu mereka menyampaikan keinginan dan kapasitas kebutuhan listrik maka pasti PLN akan menyiapkan,” ujarnya.
Dia menyebut Indonesia membuka potensi ekspor listrik, asal hal tersebut mendatangkan keuntungan bagi negara. Menurutnya, pada dasarnya setiap negara memang harus saling membantu.
“(Boleh saja), tapi harga (listriknya) jangan yang sesuai kemauan dia saja, ini uang negara harus win-win. (Namanya) kerja sama itu harus saling menguntungkan bukan saling menekan,” ujarnya.
Ketua Partai Golkar ini menyebut dirinya telah mendapatkan arahan dari Presiden Prabowo Subianto bahwa Indonesia harus menjalin pertemanan dengan seluruh pihak. Kendati demikian, hubungan ini harus dimaknai sebagai relasi etika baik yang saling menghargai, sehingga tidak boleh ada unsur tekanan untuk Indonesia.
Indonesia di bawah pemerintahan Prabowo, Bapak Presiden Prabowo Subianto dan saya diperintahkan sebagai Menteri ESDM, kita pengin untuk berkawan kepada semua orang.
“Indonesia menganut asas politik bebas aktif, kepada negara tetangga tolong pakai adat ketimuran dalam bernegosiasi. Jangan membuat perasaan tersinggung karena dampaknya akan kurang bagus,” ucapnya.
Perkembangan kecerdasan buatan atau AI dan pembangunan pusat data menjadi salah satu pendorong baru kebutuhan listrik di Indonesia. Pertumbuhan infrastruktur digital ini membutuhkan pasokan listrik dalam jumlah besar sekaligus mendorong kebutuhan energi yang berasal dari sumber yang lebih hijau.
CEO Standard Chartered Indonesia Dony Donosepoetro mengatakan, kebutuhan investasi ekonomi hijau Indonesia tidak hanya berasal dari pembangkit energi baru dan terbarukan alias EBT, tetapi juga dari kendaraan listrik, infrastruktur digital, hingga pusat data.
“Digitalisasi dengan AI. Hal itu membutuhkan banyak daya, data center. Ini semuanya demand-nya juga increasing, growing, harus to be green, power by green energy,” ujar Dony dalam diskusi berjudul 'Investing in Sustainable Leaders: Mobilizing Capital for Indonesia's Future' Katadata SAFE 2026 di Jakarta, Rabu (16/9).
Menurutnya, meningkatnya kebutuhan listrik juga membutuhkan investasi besar pada jaringan distribusi. Hal ini dibutuhkan untuk menghubungkan sumber energi dengan pusat konsumsi. “Green distribution itu butuh miliaran dolar,” katanya.
Dony mengungkapkan, Bank Dunia dalam lembaga internasional lain memperkirakan kebutuhan investasi ekonomi hijau bisa mencapai sekitar US$ 100 miliar atau Rp 1.768,7 triliun (kurs Rp 17.687 per dolar AS) hingga US$ 200 miliar atau Rp 3.537,4 triliun pada 2030.
Kebutuhan itu mencakup pembangkit dan jaringan listrik, rantai industri kendaraan listrik, digitalisasi serta berbagai infrastruktur lainnya.
“Indonesia punya peluang yang sangat besar dari green economy, butuh uang banyak, namun pada saat yang sama, hal ini menghadirkan peluang yang sangat besar bagi banyak investor global,” ujarnya.
Dapatkan akses cepat ke berita terkini dan data berharga dari WhatsApp Channel Katadata.co.id
Dapatkan pengalaman membaca lebih nyaman dan nikmati fitur menarik lainnya lewat aplikasi mobile Katadata.",Katadata
AI dan Data Center Jadi Mesin Baru Permintaan Listrik Energi Hijau Indonesia,16 September 2026,"Perkembangan AI dan pusat data mendongkrak kebutuhan listrik Indonesia, sekaligus mendorong investasi besar-besaran untuk pasokan energi yang lebih hijau.",https://katadata.co.id/digital/teknologi/6aaa487d628d3/ai-dan-data-center-jadi-mesin-baru-permintaan-listrik-energi-hijau-indonesia,https://cdn1.katadata.co.id/media/images/thumb/2025/05/15/Fasilitas_pusat_data_pertama_Equinix_di_Jakarta_JK1_Data_Center-2025_05_15-16_33_09_a593cac8057d750538d22f15087d28cf_960x640_thumb.jpeg,"Perkembangan kecerdasan buatan atau AI dan pembangunan pusat data menjadi salah satu pendorong baru kebutuhan listrik di Indonesia. Pertumbuhan infrastruktur digital ini membutuhkan pasokan listrik dalam jumlah besar sekaligus mendorong kebutuhan energi yang berasal dari sumber yang lebih hijau.
CEO Standard Chartered Indonesia Dony Donosepoetro mengatakan, kebutuhan investasi ekonomi hijau Indonesia tidak hanya berasal dari pembangkit energi baru dan terbarukan alias EBT, tetapi juga dari kendaraan listrik, infrastruktur digital, hingga pusat data.
“Digitalisasi dengan AI. Hal itu membutuhkan banyak daya, data center. Ini semuanya demand -nya juga increasing, growing , harus to be green, power by green energy ,” ujar Dony dalam diskusi berjudul ' Investing in Sustainable Leaders: Mobilizing Capital for Indonesia's Future' Katadata SAFE 2026 di Jakarta, Rabu (16/9).
Menurutnya, meningkatnya kebutuhan listrik juga membutuhkan investasi besar pada jaringan distribusi. Hal ini dibutuhkan untuk menghubungkan sumber energi dengan pusat konsumsi. “ Green distribution itu butuh miliaran dolar,” katanya.
Dony mengungkapkan, Bank Dunia dalam lembaga internasional lain memperkirakan kebutuhan investasi ekonomi hijau bisa mencapai sekitar US$ 100 miliar atau Rp 1.768,7 triliun (kurs Rp 17.687 per dolar AS) hingga US$ 200 miliar atau Rp 3.537,4 triliun pada 2030.
Kebutuhan itu mencakup pembangkit dan jaringan listrik, rantai industri kendaraan listrik, digitalisasi serta berbagai infrastruktur lainnya.
“Indonesia punya peluang yang sangat besar dari green economy, butuh uang banyak, namun pada saat yang sama, hal ini menghadirkan peluang yang sangat besar bagi banyak investor global,” ujarnya.
Menurut Dony, modal global saat ini memiliki minat besar terhadap proyek-proyek transisi energi dan ekonomi hijau di negara berkembang, termasuk Indonesia.
Meski peluang pembiayaan besar, Dony mengatakan Indonesia perlu mempercepat eksekusi proyek agar modal global tidak beralih ke negara lain. “Proyeknya masih growing di Indonesia sehingga para financier saling sikut-sikutan untuk mendapatkan proyek di Indonesia,” katanya.
Namun, Indonesia bukan satu-satunya negara yang menjadi tujuan investasi. Negara berkembang lain juga menawarkan proyek transisi energi.
“Kalau negara lain eksekusinya lebih cepat, kan kita punya banyak emerging markets in the world yang memang juga melakukan energi transisi, tidak hanya Indonesia,” ujar Dony.
Oleh karena itu, ia menilai tantangan Indonesia saat ini bukan semata mencari modal, tetapi memastikan proyek dapat segera dieksekusi. Standard Chartered sendiri memiliki komitmen pembiayaan dan investasi sebesar US$ 300 miliar atau Rp 5.306,1 triliun untuk ekonomi hijau hingga 2030.
Untuk kawasan ASEAN, bank itu juga berkomitmen US$ 2 miliar atau Rp 35,37 triliun dalam pengembangan ASEAN Power Grid (APG), yang bertujuan memperkuat interkoneksi energi hijau di kawasan.
Dapatkan akses cepat ke berita terkini dan data berharga dari WhatsApp Channel Katadata.co.id
Dapatkan pengalaman membaca lebih nyaman dan nikmati fitur menarik lainnya lewat aplikasi mobile Katadata.",Katadata
Banten Bidik Investasi Data Center di Kawasan Ekonomi Khusus ETKI BSD,15 September 2026,Pemprov Banten berkomitmen mendukung pengembangan KEK ETKI Banten yang berada di kawasan BSD. Kawasan ini tengah mengajukan rencana perluasan area seiring tingginya minat investor.,https://katadata.co.id/berita/daerah/6aa8f7952e094/banten-bidik-investasi-data-center-di-kawasan-ekonomi-khusus-etki-bsd,https://cdn1.katadata.co.id/media/images/thumb/2023/03/30/2023_03_30-22_25_40_75e212ce-cf12-11ed-ade2-0a36aed4cb60_960x640_thumb.jpg,"Pemerintah Provinsi (Pemprov) Banten membidik peluang masuknya investasi berbasis teknologi seperti fasilitas pusat data (data center) di Kawasan Ekonomi Khusus (KEK) Edukasi, Teknologi, dan Kesehatan Internasional (ETKI) Banten di Bumi Serpong Damai (BSD).
Gubernur Banten Andra Soni mengatakan Provinsi Banten saat ini memiliki dua KEK yang ditetapkan oleh pemerintah pusat.Kedua KEK itu adalah KEK Tanjung Lesung yang terfokus pada sektor pariwisata dan KEK ETKI Banten yang bergerak di sektor pendidikan, kesehatan, ekonomi kreatif, dan teknologi digital.
Pemprov Banten berkomitmen mendukung pengembangan KEK ETKI Banten yang berada di kawasan BSD. Kawasan ini tengah mengajukan rencana perluasan area seiring tingginya minat investor.
""Nantinya akan banyak teknologi yang masuk, salah satunya data center. Kehadiran infrastruktur ini sangat diperlukan oleh pemerintah guna mendukung ekosistem digital di Indonesia,"" ujar Andra, seperti dikutip dari Antara, Selasa (15/9).
Demi mendukung pengembangan KEK, saat ini Pemprov Banten tengah menjalin kerja sama dengan pihak pengelola KEK ETKI untuk meningkatkan Sumber Daya Manusia (SDM) dengan membuka akses pendidikan dan pelatihan yang selaras dengan kebutuhan dunia industri.
""Kami telah membangun kerja sama dengan pihak pengelola. Mereka memfasilitasi anak-anak Banten agar memiliki kesempatan yang sama untuk mendapatkan pendidikan dan pelatihan yang berkualitas di sini,"" ujarnya.
Andra menyebut KEK ETKI Banten memiliki kemajuan yang signifikan. Dengan target investasi 20 tahun yang diproyeksikan mencapai Rp 18 triliun, pada tahun pertama kawasan ini mampu merealisasikan investasi senilai Rp 1,9 triliun dengan penyerapan tenaga kerja 1.773 orang.
Dalam lima tahun ke depan, kawasan ini ditargetkan mampu mencetak investasi senilai Rp 6 triliun. Pengembangan KEK tersebut diharapkan tidak hanya meningkatkan serapan tenaga kerja tetapi juga mampu mendongkrak ekosistem perekonomian Banten secara lebih luas.
""Harapan kami, keberadaan KEK ini mampu mengangkat pertumbuhan ekonomi Provinsi Banten. Dengan ekonomi yang terus tumbuh, dampaknya akan dirasakan langsung oleh masyarakat Banten,"" kata Andra.
Kepala Divisi Operasional Badan Usaha Pembangun dan Pengelola (BUPP) KEK ETKI Banten Lindawaty mengatakan KEK ETKI Banten sebelumnya ditetapkan pada Oktober 2024 melalui Peraturan Pemerintah (PP) Nomor 38 Tahun 2024, dan berdiri di atas lahan seluas kurang lebih 59,68 hektare ini belum mencapai fase akhir pengembangan. Progres pembangunan kawasan itu telah mencapai 50%, khususnya di sisi timur. Sementara itu, sisi barat masih dalam tahap pengembangan.
Hingga saat ini, ada 29 tenant yang beroperasi atau membangun fasilitas di dalam kawasan, dari sedikitnya 50 pelaku usaha yang ditargetkan pada lima tahun ke depan. Sektor kesehatan tercatat sebagai salah satu daya tarik investasi di KEK ETKI Banten.
Beberapa bidang usaha kesehatan yang hadir meliputi In Vitro Fertilization (IVF) atau bayi tabung, klinik kecantikan dan estetika, klinik onkologi serta laboratorium genetik.
Pihak pengelola juga terus berkoordinasi dengan Pemprov Banten untuk memaksimalkan promosi kawasan dan membuka peluang kolaborasi dengan pelaku usaha lokal.
""Kami bersama Pemprov Banten berupaya mempromosikan KEK melalui sistem aplikasi investasi. Selain itu, kami juga membuka peluang kolaborasi dengan mempertemukan ( business matching ) para pelaku usaha di sekitar kawasan dengan mitra bisnis yang sudah ada di kawasan,"" ujar Lindawaty.
Dapatkan akses cepat ke berita terkini dan data berharga dari WhatsApp Channel Katadata.co.id
Dapatkan pengalaman membaca lebih nyaman dan nikmati fitur menarik lainnya lewat aplikasi mobile Katadata.",Katadata
"Trump Tolak Rem Pengembangan AI, Khawatir Cina Diuntungkan",15 September 2026,Trump justru memperingatkan bahwa pihak yang menentang perkembangan AI dan infrastruktur pendukungnya berpotensi menguntungkan Cina.,https://katadata.co.id/digital/teknologi/6aa8c27629320/trump-tolak-rem-pengembangan-ai-khawatir-cina-diuntungkan,https://cdn1.katadata.co.id/media/images/thumb/2026/02/20/Presiden_Amerika_Serikat_Donald_Trump_saat_berpidato_di_pertemua-2026_02_20-01_57_03_fe91fabee56a158ff1d175271b811360_960x640_thumb.png,"Presiden Amerika Serikat (AS) Donald Trump menolak seruan untuk memperlambat pengembangan kecerdasan buatan alias AI dan pembangunan data center. Trump justru memperingatkan bahwa pihak yang menentang perkembangan AI dan infrastruktur pendukungnya berpotensi menguntungkan Cina .
Sikap tersebut kembali ditegaskan Trump saat CEO Nvidia Jensen Huang tengah berbicara dalam acara All-In Summit di Los Angeles, Senin (14/9). Trump menelepon Huang , CEO Nvidia itu kemudian menyalakan pengeras suara agar percakapan tersebut dapat didengar oleh peserta acara.
Dalam percakapan sekitar lima menit itu, Trump menyebut penolakan terhadap pembangunan data center sebagai sebuah hoaks. “Percayalah, itu semua cuma tipuan,” kata Trump, dikutip CNBC Internasional , Selasa (15/8).
Trump kemudian membela pembangunan data center yang menjadi fondasi bagi pengembangan AI. Menurutnya, fasilitas tersebut dapat menciptakan kekayaan bagi masyarakat dan negara bagian.
“Pusat-pusat data itu luar biasa, pusat-pusat data tersebut membuat orang menjadi kaya dan juga membuat negara bagian menjadi kaya,” ujarnya.
Trump bahkan menyamakan data center dengan sumber daya strategis bagi perekonomian AS. Menurutnya, data center merupakan minyak bumi untuk 20 hingga 25 tahun ke depan.
Dalam percakapan dengan Huang, Trump juga menyinggung pihak-pihak yang menentang pembangunan data center dan pengembangan AI. Menurut dia, mereka justru dapat bermain di tangan pihak yang ingin melihat AS gagal mempertahankan keunggulannya dalam teknologi AI.
“Mereka justru bermain sesuai keinginan banyak pihak yang tidak ingin hal itu terjadi,” kata Trump.
Trump kemudian menyebut kemungkinan adanya kepentingan politik maupun Cina di balik penolakan tersebut. “Itu bisa jadi orang-orang politik, dan juga China,” ujarnya.
Trump menegaskan AS tidak akan membiarkan kondisi tersebut menghambat pengembangan AI. Huang kemudian menyatakan persetujuannya.
“Anda benar. Kami tidak akan membiarkan hal itu terjadi,” kata Huang.
Pernyataan Trump tersebut muncul di tengah meningkatnya kekhawatiran mengenai keamanan AI. Sejumlah pemimpin perusahaan teknologi justru mendorong pengembangan AI yang lebih hati-hati, termasuk CEO Anthropic Dario Amodei.
Amodei mengusulkan agar pemerintah AS mewajibkan audit independen terhadap model AI paling canggih atau frontier AI . Seruan tersebut mendapat dukungan dari sejumlah pemimpin industri, termasuk CEO OpenAI Sam Altman dan Elon Musk.
Namun, Trump menilai kekhawatiran tersebut berlebihan. Dalam unggahan di Truth Social, ia menyebut seruan untuk memperlambat pengembangan AI dan meningkatkan regulasi sebagai hoaks.
Trump juga mengatakan AS sudah memiliki mekanisme untuk mengawasi dan menindak perusahaan AI, sehingga tidak membutuhkan tambahan pengawasan seperti yang didorong sejumlah pelaku industri.
“Satu-satunya kendali atau mekanisme pengawasan yang dibutuhkan AI adalah presiden yang kuat dan cerdas (IQ tinggi), dan AS memiliki sosok itu secara luar biasa!” tulis Trump.
Trump juga menilai keraguan terhadap pengembangan AI dapat membuat Cina memperoleh keuntungan dalam persaingan teknologi dengan AS.
Di tengah perdebatan tersebut, Huang mengatakan perusahaan AI sebenarnya memiliki pilihan untuk memperlambat pengembangan teknologi tanpa harus menunggu pemerintah membuat aturan.
“Ada banyak hal yang bisa dilakukan, seperti menunda atau mengatur kecepatan pengembangan. Itu semua adalah langkah sukarela yang bisa mereka ambil jika merasa perusahaan mereka sudah tidak terkendali,” ujar Huang, dikutip dari Reuters , Selasa (15/9).
Huang menolak kekhawatiran bahwa perkembangan AI harus dihentikan karena potensi risiko ekstrem. Ia menilai perusahaan dapat mengambil langkah keselamatan secara sukarela sembari tetap mempertahankan pengembangan teknologi.
Sementara itu, Wakil Presiden AS JD Vance juga mempertanyakan permintaan sejumlah perusahaan AI agar pemerintah mengatur industri tersebut. “Saya merasa agak aneh dengan fakta bahwa begitu banyak perusahaan teknologi AI terdepan (yang mendatangi pemerintah dan memohon agar pemerintah mengatur mereka,” ujar Vance.
Ketua DPR AS Mike Johnson mengatakan Trump diperkirakan bertemu dengan para eksekutif perusahaan AI dalam waktu dekat. Pertemuan tersebut akan membahas tanggung jawab perusahaan dalam menjaga keamanan AI serta kemungkinan peran pemerintah dalam pengawasan industri.
Kekhawatiran mengenai keamanan AI juga bukan hanya berasal dari perdebatan soal kemungkinan AI kehilangan kendali. Sejumlah perusahaan teknologi dan keamanan siber telah memperingatkan bahwa AI dapat digunakan untuk meningkatkan kemampuan serangan siber.
OpenAI bersama lebih dari 100 perusahaan teknologi dan keamanan siber memperingatkan serangan siber berbasis kecerdasan buatan (AI) akan semakin meluas dan canggih dalam beberapa bulan ke depan. Mereka menilai dunia memiliki waktu terbatas untuk memperkuat pertahanan sebelum kemampuan AI semakin banyak dimanfaatkan untuk menyerang.
“Kita memiliki waktu yang terbatas untuk memperkuat pertahanan siber,” demikian tertulis dalam surat terbuka bertajuk A Call for Collective Action on Cyber Defense yang dipublikasikan di situs resmi OpenAI.
Surat itu ditandatangani oleh ratusan organisasi dari sektor teknologi, keamanan siber, keuangan, telekomunikasi, hingga infrastruktur, termasuk Google, Microsoft, Amazon Web Services (AWS), Anthropic, Cisco, Cloudflare, CrowdStrike, Nokia, Visa, Mastercard, Oracle, Palo Alto Networks, hingga OpenAI.
Jendela waktu yang terbatas disebut tersedia untuk memperkuat pertahanan siber. OpenAI dan para penandatangan memperkirakan dalam beberapa bulan mendatang serangan siber yang didukung AI akan menjadi jauh lebih luas dan canggih seiring kemampuan model AI di berbagai negara terus berkembang.
Mereka juga memperingatkan bahwa ancaman tersebut tidak hanya menyasar perusahaan teknologi. Layanan yang menjadi tumpuan masyarakat, mulai dari rumah sakit, fasilitas pengolahan air, hingga infrastruktur yang menopang internet, juga berada dalam Risiko.
Peringatan OpenAI tersebut sejalan dengan kekhawatiran Bill Gates mengenai perkembangan AI. Dalam tulisan di Gates Notes bertajuk The Turbulent AI Era is Here , Gates mengatakan kemampuan AI mulai digunakan untuk serangan siber.
“Para ahli keamanan siber paling cerdas yang saya kenal merasa khawatir akan situasi beberapa tahun ke depan, karena pihak penyerang memperoleh kemampuan baru yang ampuh lebih cepat daripada kemampuan pihak pertahanan dalam memperbaiki segala celah kerentanan,” tulis Gates.
Gates menilai persoalan tersebut muncul karena AI dapat digunakan di dua sisi. Model yang sama yang dapat membantu perusahaan menemukan kelemahan perangkat lunak untuk kemudian diperbaiki juga dapat membantu pelaku kejahatan mengeksploitasi kelemahan tersebut.
Selain itu, Gates menyatakan sumber daya yang diperlukan untuk melakukan serangan juga disebut semakin rendah. Saat ini banyak pihak belum mampu memisahkan kemampuan tersebut dari penggunaan yang bersifat wajar atau tidak berbahaya.
Gates bahkan memperingatkan bahwa pelaku dengan kemampuan terbatas dapat menggunakan AI untuk menargetkan individu, perusahaan, hingga pemerintah. Perlombaan tersebut membuat persoalan keamanan siber menjadi semakin mendesak.
Dapatkan akses cepat ke berita terkini dan data berharga dari WhatsApp Channel Katadata.co.id
Dapatkan pengalaman membaca lebih nyaman dan nikmati fitur menarik lainnya lewat aplikasi mobile Katadata.",Katadata
"AI Bikin Kebutuhan Listrik Korea Selatan Melonjak, Setara 20 Reaktor Nuklir",11 September 2026,Korea Selatan diperkirakan menghadapi lonjakan permintaan listrik besar-besaran didorong ekspansi produksi cip oleh Samsung dan SK Hynix serta pembangunan pusat data AI baru.,https://katadata.co.id/digital/teknologi/6aa3d251dc6b3/ai-bikin-kebutuhan-listrik-korea-selatan-melonjak-setara-20-reaktor-nuklir,https://cdn1.katadata.co.id/media/images/thumb/2025/09/15/Ilustrasi_reaktor_nuklir-2025_09_15-09_57_13_633caa59fd13facb38089c85da88be28_960x640_thumb.jpg,"Permintaan listrik Korea Selatan diperkirakan melonjak tajam dalam beberapa tahun mendatang akibat rencana perusahaan pembuat cip Samsung Electronics dan SK Hynix untuk memperluas produksi serta pembangunan pusat data AI baru.
“Kebutuhan listrik yang didorong oleh AI saja akan meningkatkan permintaan listrik Korea Selatan sebesar 25 hingga 30 gigawatt,” ujar Menteri Iklim, Energi, dan Lingkungan Kim Sung-whan dalam wawancara dengan Reuters.
Selain itu, negara ini harus menghadapi peningkatan permintaan listrik akibat peralihan dari kendaraan bermesin bensin ke kendaraan listrik, serta beralih ke sistem pemanas berbasis listrik alih-alih gas, tambahnya.
Pernyataan tersebut disampaikan menjelang rencana pemerintah untuk mengungkap pembaruan peta jalan energi jangka panjang negara itu bulan depan, yang akan diperpanjang dua tahun hingga 2040. Salah satu fokus utamanya, apakah Korea Selatan akan mengumumkan rencana pembangunan lebih banyak reaktor nuklir.
Kim menolak berkomentar mengenai berapa banyak lagi reaktor yang menurutnya dibutuhkan negara tersebut. Alasannya, masalah itu sedang ditinjau oleh para ahli. Namun, ia menggambarkan energi nuklir sebagai elemen penting untuk dipertimbangkan dalam struktur pembangkit listrik dari bauran energi Korea Selatan.
Jika tambahan daya sebesar 25 hingga 30 gigawatt tersebut diperoleh hanya dari energi nuklir, jumlah itu setara dengan kapasitas sekitar 20 reaktor berdasarkan standar unit rancangan Korea Selatan saat ini.
Ekonomi terbesar keempat di Asia ini saat ini memiliki 26 reaktor nuklir, dan energi nuklir memenuhi kebutuhan listrik negara tersebut dengan porsi sedikit di bawah sepertiga dari total kebutuhan.
Samsung dan SK Hynix telah berkomitmen untuk membangun pabrik baru di wilayah barat daya negara itu sebagai bagian dari ""mega proyek"" senilai 800 triliun won atau Rp10.488 triliun (kurs Rp 13,11 per won) yang diumumkan oleh pemerintah tahun ini.
""Proyek-proyek yang awalnya direncanakan rampung sekitar tahun 2045 telah dipercepat secara signifikan dan kini dijadwalkan selesai pada awal tahun 2030-an,"" ujar Kim.
Kim juga menyebutkan bahwa sejumlah perusahaan teknologi AS, termasuk Nvidia (NVDA.O), telah menyatakan minat untuk membangun pusat data di Korea Selatan berkat pasokan listriknya yang andal.
“Meskipun Korea Selatan berupaya meningkatkan penggunaan energi terbarukan, yang saat ini mencakup 11% dari kebutuhan listriknya, ketergantungan pada energi nuklir tetap tak terelakkan untuk saat ini, terlepas dari risiko keselamatannya,” katanya.
Sebuah jajak pendapat yang dilakukan oleh badan pemerintah Korea Energy Information Culture Agency menemukan bahwa 79% dari 2.000 responden mendukung dimasukkannya pembangkit listrik tenaga nuklir baru ke dalam peta jalan tersebut.
Namun, pada Mei, kelompok masyarakat di Ulsan mengumpulkan lebih dari 10.000 tanda tangan sebagai bentuk penolakan terhadap penambahan reaktor dengan alasan keselamatan.
Kim mengatakan ia tidak memperkirakan bahwa klaster pabrik cip yang direncanakan di wilayah barat daya negara itu akan membutuhkan pembangkit listrik tenaga nuklir baru, karena sudah ada enam reaktor yang beroperasi di sana, ditambah dengan pembangkit listrik tenaga surya dan angin yang sudah ada.
Sebaliknya, wilayah seperti Seoul, yang bergantung pada listrik yang disalurkan dari kawasan tersebut, akan membutuhkan tambahan pembangkit listrik tenaga surya atau bahkan pembangkit listrik tenaga gas alam cair (LNG).
Sumber energi lain di Korea Selatan mencakup batu bara, yang saat ini memenuhi 29% kebutuhan listrik negara tersebut, sementara gas mencakup 27%.
Negara ini memiliki 60 pembangkit listrik tenaga batu bara dan menargetkan untuk menghentikan operasionalnya secara bertahap pada 2040. Kendati demikian, 20 di antaranya masih akan memiliki masa pakai desain resmi yang melampaui batas waktu tersebut, sehingga salah satu opsinya adalah mempertahankan pembangkit-pembangkit itu sebagai cadangan daya darurat.
""Ini semacam cadangan daya untuk keamanan. Kita tidak pernah tahu apa yang mungkin terjadi, jadi membongkar semuanya secara total bisa menempatkan kita dalam situasi sulit,"" kata Kim.
Dapatkan akses cepat ke berita terkini dan data berharga dari WhatsApp Channel Katadata.co.id
Dapatkan pengalaman membaca lebih nyaman dan nikmati fitur menarik lainnya lewat aplikasi mobile Katadata.",Katadata
"TikTok Bangun Pusat Data Baru di Finlandia, Kapasitas 150 MW",9 September 2026,"Pusat data ini merupakan bagian dari Project Clover, proyek senilai 12 miliar euro atau Rp 245,17 triliun yang dijalankan TikTok untuk memperkuat keamanan data pengguna di Uni Eropa.",https://katadata.co.id/digital/teknologi/6aa100183d9be/tiktok-bangun-pusat-data-baru-di-finlandia-kapasitas-150-mw,https://cdn1.katadata.co.id/media/images/thumb/2026/07/03/Tokopedia-Tiktok-2026_07_03-17_56_01_7c194edd5be0486ebb3c6a177f2d57b6_960x640_thumb.jpg,"TikTok , perusahaan milik ByteDance, akan membangun pusat data atau data center baru di Kouvola, Finlandia. Fasilitas dengan kapasitas 150 megawatt (MW) itu menjadi bagian dari ekspansi infrastruktur digital Finlandia yang tengah berkembang di tengah meningkatnya kebutuhan komputasi berbasis kecerdasan buatan atau AI.
Informasi tersebut tercantum dalam laporan dampak ekonomi pengembangan pusat data di Kouvola yang dibuat atas permintaan TikTok dan Hyperco selaku pengembang fasilitas yang dirilis minggu lalu. Pusat data ini merupakan bagian dari Project Clover, proyek senilai 12 miliar euro atau Rp 245,17 triliun (kurs Rp 20.430 per US$) yang dijalankan TikTok untuk memperkuat keamanan data pengguna di Uni Eropa.
Pembangunan tahap pertama fasilitas Kouvola dimulai pada September 2025. Tahap ini akan menyediakan kapasitas 50 MW dan ditargetkan selesai pada 2027. Tahap kedua akan menambah kapasitas data center sebesar 100 MW sehingga total kapasitas yang disiapkan untuk TikTok mencapai 150 MW.
Juru bicara Tiktok mengatakan kepada CNBC bahwa perusahaan baru akan menjadi penyewa setelah fasilitas tersebut selesai dan siap digunakan. Pusat data itu akan menjadi bagian dari Project Clover.
Sebelumnya, TikTok mengumumkan investasi 1 miliar euro atau Rp 20,43 triliun untuk pusat data lain di Lahti pada April lalu. Ekspansi TikTok berlangsung ketika Finlandia semakin dilirik sebagai lokasi pembangunan pusat data. Ketersediaan lahan dan pasokan listrik membuat negara tersebut menjadi salah satu pilihan bagi perusahaan teknologi yang membutuhkan kapasitas komputasi besar.
Dalam beberapa bulan terakhir, sejumlah proyek pusat data dengan kapasitas hingga ratusan megawatt diumumkan di Finlandia. Pure DC, misalnya, berencana menginvestasikan 1,5 miliar euro atau Rp 30,65 triliun untuk membangun kompleks pusat data berkapasitas 110 MW. Fasilitas tersebut masih memiliki peluang untuk diperluas hingga lebih dari 550 MW.
Arcem juga memiliki rencana untuk membangun fasilitas dengan kapasitas hingga 500 MW. Sementara itu, Nebius pada Maret lalu mengumumkan rencana membangun salah satu fasilitas AI terbesar di Eropa di Finlandia.
Perusahaan produsen cip, Nvidia, juga ikut mendorong perkembangan infrastruktur AI di kawasan Nordik. Nvidia disebut berupaya mempertemukan perusahaan pengguna GPU dengan operator pusat data yang memiliki kapasitas untuk menjalankan teknologi tersebut.
Dapatkan akses cepat ke berita terkini dan data berharga dari WhatsApp Channel Katadata.co.id
Dapatkan pengalaman membaca lebih nyaman dan nikmati fitur menarik lainnya lewat aplikasi mobile Katadata.",Katadata
"Booming Data Center Dongkrak Bisnis DMAS, 75% Permintaan Lahan dari Data Center",8 September 2026,"DMAS menyebut kawasan tersebut memiliki sejumlah fasilitas yang mendukung kebutuhan industri data center, mulai dari pasokan listrik dengan layanan premium hingga jaringan serat optik.",https://katadata.co.id/digital/teknologi/6a9f89a7a3b7e/booming-data-center-dongkrak-bisnis-dmas-75-permintaan-lahan-dari-data-center,https://cdn1.katadata.co.id/media/images/thumb/2024/06/05/Kota_Deltamas_Gunakan_Aspal_Campuran_Plastik-2024_06_05-06_49_57_d1a88d1d56d8eef4b8755a105dce6739_960x640_thumb.jpeg,"PT Puradelta Lestari Tbk (DMAS) mencatat permintaan lahan industri yang cukup kuat sepanjang semester I 2026. Permintaan lahan dari sektor data center mendominasi penjualan DMAS.
DMAS mencatat prapenjualan atau marketing sales sebesar Rp 1,15 triliun pada semester pertama 2026.  Direktur dan Sekretaris Perusahaan Puradelta Lestari Tondy Suwanto mengatakan, pencapaian tersebut terutama ditopang oleh permintaan dari sektor industri, khususnya data center .
""Prapenjualan perseroan pada semester pertama tahun 2026 telah mencapai 55% dari target tahun ini. Capaian prapenjualan pada periode ini didominasi oleh sektor industri khususnya sektor data center, "" kata Tondy dalam pernyataan tertulisnya, dikutip Selasa (8/9).
Total permintaan  lahan industri yang masuk ke kawasan industri Kota Deltamas mencapai sekitar 85 hektare. Dari jumlah tersebut, sekitar 75% berasal dari sektor data center atau setara dengan sekitar 63,75 hektare.
Tingginya permintaan tersebut tidak lepas dari dukungan infrastruktur yang disiapkan di kawasan Kota Deltamas, Cikarang. DMAS menyebut kawasan tersebut memiliki sejumlah fasilitas yang mendukung kebutuhan industri data center , mulai dari pasokan listrik dengan layanan premium hingga jaringan serat optik dengan tingkat redundansi yang andal.
Selain itu, kawasan tersebut memiliki sistem looping untuk menjaga ketersediaan pasokan air bersih maupun air daur ulang, serta pusat komando data dan keamanan.
Kota Deltamas sendiri dikembangkan sebagai kawasan terpadu berbasis industri di Cikarang Pusat dengan luas area pengembangan sekitar 3.200 hektare. Kawasan ini mencakup area industri, hunian, dan komersial serta dilengkapi akses tol langsung dan berbagai fasilitas pendukung.
DMAS menyatakan akan terus meningkatkan fasilitas dan layanan di kawasan tersebut seiring dengan tingginya permintaan lahan industri. Perseroan menargetkan Kota Deltamas dapat berkembang sebagai kawasan terpadu modern dan pusat aktivitas regional di timur Jakarta.
Dapatkan akses cepat ke berita terkini dan data berharga dari WhatsApp Channel Katadata.co.id
Dapatkan pengalaman membaca lebih nyaman dan nikmati fitur menarik lainnya lewat aplikasi mobile Katadata.",Katadata
PGEO Bidik Pasokan Listrik Data Center dan AI lewat Panas Bumi,8 September 2026,PT Pertamina Geothermal Energy (PGEO) siap menyediakan listrik dari energi terbarukan panas bumi sebagai sumber andal untuk pertumbuhan pusat data dan ekosistem AI di Indonesia.,https://katadata.co.id/finansial/korporasi/6a9f79357b393/pgeo-bidik-pasokan-listrik-data-center-dan-ai-lewat-panas-bumi,https://cdn1.katadata.co.id/media/images/thumb/2025/09/15/2025_09_15-19_42_00_a956538b-9239-11f0-b2e7-27691799e7cd_960x640_thumb.jpg,"PT Pertamina Geothermal Energy Tbk ( PGEO ) atau PGE tengah membidik peluang dari pertumbuhan pusat data atau data center hingga akal imitasi (AI) di Indonesia. Mereka menyiapkan panas bumi sebagai sumber listrik energi baru terbarukan (EBT) untuk menopang pertumbuhan pusat data dan ekosistem AI.
Direktur Utama PGE Ahmad Yani mengatakan Indonesia tengah memasuki era transformasi digital yang mendorong kenaikan kebutuhan pusat data.
Berdasarkan data Kementerian Komunikasi dan Digital (Komdigi) serta Asosiasi Penyelenggara Jasa Internet Indonesia (APJII), jumlah pengguna internet di Indonesia mencapai 235,26 juta orang dengan 185 fasilitas pusat data yang diperkirakan terus bertambah hingga 2029–2030.
Ia menjelaskan pusat data dan AI  memiliki kebutuhan energi yang spesifik, yaitu pasokan listrik yang stabil, tersedia selama 24 jam, sekaligus bersih.
Karakteristik tersebut sulit dipenuhi oleh sumber energi terbarukan yang bersifat intermiten. Menurutnya, pusat data membutuhkan pasokan listrik yang andal sekaligus hijau.
“Panas bumi adalah energi domestik yang bersih dan mampu beroperasi sebagai baseload sepanjang waktu, sehingga sangat cocok menjadi tulang punggung green data center di Indonesia,” ujar Ahmad Yani dalam keterbukaan informasi BEI, Senin (7/9).
Ahmad mengatakan PGEO mengkaji pengembangan elektrifikasi green data center berbasis panas bumi di Area Kamojang, Jawa Barat. PGE merancang proyek tersebut sebagai pilot project untuk menguji model bisnis, menjajaki kebutuhan calon pengguna, hingga menyiapkan pasar.
Demi mendorong pengembangan data center berbasis EBT, khususnya panas bumi, Ahmad menilai sejumlah membutuhkan dukungan dari berbagai aspek.
Pertama, pemerintah perlu menyempurnakan regulasi tarif agar lebih kompetitif, transparan, dan dapat diprediksi. Kedua, pemerintah perlu memperluas pemanfaatan insentif fiskal dan green financing.
Ketiga, para pemangku kepentingan perlu memperkuat sinkronisasi antara Wilayah Kerja Panas Bumi (WKP), Rencana Usaha Penyediaan Tenaga Listrik (RUPTL), jaringan, power purchase agreement (PPA), dan target commercial operation date (COD). Keempat, PGE perlu menyelaraskan strateginya dengan kebijakan pemerintah dalam blueprint pengembangan pusat data dan panas bumi nasional.
PGEO juga memasukkan inisiatif elektrifikasi green data center tersebut ke dalam strategi Beyond Electricity. Strategi ini juga mencakup elektrifikasi green hydrogen, pemanfaatan langsung uap panas bumi, hingga layanan teknologi dan laboratorium.
Ia menilai melalui strategi tersebut, PGEO berupaya menciptakan permintaan baru terhadap energi panas bumi sekaligus mempercepat pemanfaatan potensi yang selama ini belum terserap.
Dari sisi kapasitas, PGE menargetkan kapasitas sekitar 1 gigawatt (GW) pada 2028 dan meningkat menjadi sekitar 1,8 GW pada 2034. PGEO akan menopang target tersebut dengan portofolio sumber daya sekitar 3 GW dan mengoptimalkan pengembangannya melalui pipeline proyek yang telah disiapkan.
PGE juga menyelaraskan pengembangan panas bumi tersebut dengan agenda swasembada energi pemerintah, termasuk alokasi panas bumi sebesar 5,2 GW dalam RUPTL.
“Hal ini juga mendukung cita-cita Indonesia untuk menjadi produsen panas bumi terbesar dunia pada 2030,” kata Ahmad Yani.
Dapatkan akses cepat ke berita terkini dan data berharga dari WhatsApp Channel Katadata.co.id
Dapatkan pengalaman membaca lebih nyaman dan nikmati fitur menarik lainnya lewat aplikasi mobile Katadata.",Katadata
"Booming Data Center Indonesia Dibayangi Krisis Listrik, Air dan SDM",1 September 2026,"Ledakan investasi Data Center untuk AI di Indonesia menghadapi tantangan besar mulai dari ketersediaan listrik, infrastruktur, hingga kebutuhan air dan talenta khusus menurut Moody's.",https://katadata.co.id/digital/teknologi/6a96af9899589/booming-data-center-indonesia-dibayangi-krisis-listrik-air-dan-sdm,https://cdn1.katadata.co.id/media/images/thumb/2024/06/24/Ilustrasi_data_center-2024_06_24-16_48_41_c084814f1aa0dd759792fc34b20964a9_960x640_thumb.jpg,"Ledakan investasi pusat data di Indonesia membawa peluang besar dari pertumbuhan kecerdasan buatan alias AI, tetapi juga menghadirkan tantangan baru.
Moody’s Ratings menilai ekspansi data center berskala besar menghadapi risiko eksekusi, terutama terkait ketersediaan listrik dan kesiapan infrastruktur. Di saat yang sama, kebutuhan air untuk pendinginan serta talenta dengan keahlian khusus menjadi tantangan yang harus dikejar Indonesia.
Dalam analisisnya, Moody’s menilai pertumbuhan pusat data berbasis AI kini semakin dibatasi oleh sejumlah hal. “Lonjakan AI semakin terkendala bukan oleh permintaan daya komputasi, melainkan oleh ketersediaan daya, infrastruktur transmisi, dan jadwal penyambungan aliran Listrik,” tulis Moody’s dalam laporan Power Without Delivery pada Juli 2026, dikutip Selasa (1/9).
Moody’s menjelaskan terdapat sejumlah tahapan antara pembangunan fisik dan operasi komersial, mulai dari penyelesaian konstruksi, ketersediaan listrik, energization , commissioning , pemasangan infrastruktur komputasi hingga peningkatan utilisasi.
Risiko itu relevan bagi Indonesia yang tengah menarik investasi pusat data dalam skala besar.  Pemerintah sebelumnya menyebut kapasitas data center yang telah terbangun mencapai sekitar 580 megawatt (MW), sementara minat investasi baru mencapai sekitar 1,3 gigawatt (GW).
Nilai investasi yang terkait dengan rencana tersebut diperkirakan mencapai US$ 15 miliar - US$ 20 miliar atau sekitar atau sekitar Rp 266,6 triliun - Rp 355,58 triliun.
Data center AI membutuhkan listrik dalam jumlah besar dan pasokan yang stabil karena fasilitas beroperasi sepanjang waktu. Bukan hanya ketersediaan pembangkit, tetapi juga kemampuan jaringan dan transmisi menyalurkan listrik ke lokasi data center.
Moody’s menempatkan power availability sebagai salah satu risiko penting dalam pengembangan data center. Keterlambatan memperoleh sambungan listrik dapat membuat fasilitas yang secara fisik telah selesai dibangun belum dapat menghasilkan pendapatan secara optimal.
Risiko tersebut menjadi semakin besar ketika pembangunan data center terkonsentrasi di kawasan tertentu. Pertumbuhan kapasitas yang terlalu cepat dapat menciptakan ketidakseimbangan antara kebutuhan listrik pusat data dan kemampuan jaringan setempat.
Selain listrik, kebutuhan air juga menjadi persoalan yang tidak bisa diabaikan. Air digunakan dalam berbagai sistem pendinginan data center untuk menjaga suhu perangkat komputasi yang menghasilkan panas tinggi.
Moody’s dalam analisis industri data center menyebut peningkatan kebutuhan listrik dan air telah menarik perhatian regulator serta memberikan tekanan terhadap infrastruktur lokal, khususnya di wilayah yang mengalami keterbatasan sumber daya.
Persoalan air juga semakin relevan seiring meningkatnya kepadatan komputasi akibat AI. Semakin besar kapasitas komputasi yang ditempatkan dalam satu fasilitas, semakin tinggi kebutuhan pendinginan.
Karena itu, pengembang mulai mengadopsi teknologi yang lebih efisien. Dalam tulisannya di Gates Notes berjudul A Turbulent AI Era and Critical Choices to Make , Bill Gates mengatakan solusi perlu dikembangkan di tengah perkembangan AI. “Masyarakat menyuarakan kekhawatiran terkait kebutuhan energi dan air bagi pusat data. Tanpa adanya solusi, sebagian kelompok akan mendesak penghentian total pengembangan dan penerapan AI,” tulis Gates.
Data Center Indonesia Hadapi Tantangan SDM dan Hacker
Tantangan selanjutnya berada pada sisi sumber daya manusia. Pertumbuhan data center membutuhkan tenaga kerja dengan keahlian yang lebih spesifik dibandingkan industri teknologi pada umumnya.
Fasilitas hyperscale dan data center AI membutuhkan engineer serta teknisi yang memahami kelistrikan, sistem pendinginan, jaringan, keamanan, operasi fasilitas dan infrastruktur komputasi. Kebutuhan tersebut meningkat seiring semakin kompleksnya teknologi yang digunakan.
Kebutuhan Indonesia terhadap talenta digital yang terus meningkat., Wakil Menteri Komunikasi dan Digital (Komdigi) Nezar Patria mengatakan kebutuhan talenta digital Indonesia diperkirakan mencapai sekitar sembilan juta orang pada 2030.
Namun, kemampuan Indonesia dalam menghasilkan talenta digital saat ini baru mencapai sekitar tiga juta lebih. Artinya, terdapat kesenjangan sekitar enam juta talenta yang harus dipenuhi dalam beberapa tahun ke depan.
“Tanpa talent yang kuat, saya kira kekayaan data kita pada akhirnya akan berserak ke mana-mana, dicuri, dibaca, akan di-capture oleh mereka yang lebih powerful,” kata Nezar dalam pernyataan tertulisnya.
Menurut Nezar, kebutuhan talenta tersebut menjadi semakin penting karena lanskap keamanan siber telah mengalami perubahan. Ancaman tidak lagi hanya berasal dari peretas yang bekerja secara konvensional, tetapi juga mulai memanfaatkan teknologi AI
Nezar mengatakan AI dapat digunakan untuk memperkuat sistem pertahanan siber, tetapi pada saat yang sama dapat dimanfaatkan pelaku kejahatan untuk meningkatkan kemampuan serangan.
Bahkan, perkembangan AI memungkinkan serangan siber dilakukan secara lebih otomatis. Dengan teknologi tersebut, aktivitas serangan tidak lagi sepenuhnya bergantung pada peretas manusia. “Yang bekerja bukan lagi hacker, tapi agentic AI yang melakukan serangan-serangan siber itu,” katanya.
Dapatkan akses cepat ke berita terkini dan data berharga dari WhatsApp Channel Katadata.co.id
Dapatkan pengalaman membaca lebih nyaman dan nikmati fitur menarik lainnya lewat aplikasi mobile Katadata.",Katadata
"IHSG Rawan Terkoreksi, Saham BBCA, ASII, MDKA, GGRM Masuk Rekomendasi Analis",5 Oktober 2026,"Indeks Harga Saham Gabungan atau IHSG rawan terkoreksi pada perdagangan saham awal pekan ini, Senin (5/10). Sentimen apa saja yang berpotensi memengaruhi kinerja indeks hari ini?",https://katadata.co.id/finansial/bursa/6ac2e26828ed0/ihsg-rawan-terkoreksi-saham-bbca-asii-mdka-ggrm-masuk-rekomendasi-analis,https://cdn1.katadata.co.id/media/images/thumb/2026/07/27/IHSG_ditutup_turun_017_atau_1065_poin_ke_level_6185_Foto_Katadat-2026_07_27-17_13_45_95f007e9ae5192b830d7cfb68d154903_960x640_thumb.jpg,"Indeks Harga Saham Gabungan atau IHSG rawan terkoreksi pada perdagangan saham awal pekan ini, Senin (5/10). Lalu apa saja yang berpotensi menjadi sentimen dalam pergerakan saham hari ini?
Analis MNC Sekuritas, Herditya Wicaksana mengatakan, IHSG menguat 0,46% ke level 6.036 pada Jumat (2/10) diiringi tingginya volume perdagangan. Namun, secara mingguan, IHSG masih terkoreksi 3,28% dan telah berada di bawah MA20 weekly. Dia memperkirakan posisi IHSG saat ini merupakan bagian dari wave c dari wave (y).
“Cermati area koreksi yang dapat kami perkirakan di rentang 5.850–5.911,” tulis Herditya dalam risetnya, Senin (5/10).
MNC Sekuritas menargetkan area support IHSG berada di kisaran 5.949–5.872, sementara level resistance diperkirakan berada pada rentang 6.187–6.297.
Support adalah area harga saham tertentu yang diyakini sebagai titik terendah pada satu waktu. Saat menyentuh support , harga umumnya akan kembali naik karena daya beli saham naik.
Sementara resistance merupakan tingkat harga saham tertentu yang dinilai sebagai titik tertinggi. Setelah saham menyentuh level ini, biasanya akan ada aksi jual cukup besar hingga laju kenaikan harga tertahan.
MNC Sekuritas merekomendasikan trading buy untuk saham PT Gudang Garam Tbk (GGRM) akumulasi beli di rentang Rp 16.675–Rp 16.850 dengan target harga di Rp 17.575–Rp 18.250, sementara level stoploss di bawah Rp 16.575.
Kemudian PT Indosat Tbk (ISAT) direkomendasikan buy on weakness pada area Rp 2.110–Rp 2.180 dengan target harga di Rp 2.400–Rp 2.480, dan stoploss di bawah Rp 2.050.
Di samping itu, Phintraco Sekuritas melihat Wall Street ditutup menguat pada perdagangan Jumat (2/10)  setelah data nonfarm payrolls (NFP) AS berada di bawah ekspektasi dan meningkatkan harapan pasar The Fed tidak akan menaikkan suku bunga bulan ini.
NFP AS hanya bertambah 29.000 pada September, melambat dari 133.000 pada Agustus dan jauh di bawah estimasi 90.000. Tingkat pengangguran juga naik menjadi 4,2% dari 4,1%. Kendati menguat, Wall Street ditutup di bawah level tertinggi intraday setelah imbal hasil US Treasury kembali naik usai sempat melemah.
Phintraco Sekuritas melihat turunnya harga minyak setelah negara-negara G7 berencana melepas 100 juta barel cadangan minyak dalam empat bulan ke depan. Sementara itu, harga emas spot turun 0,8% menjadi US$ 4.145 per troy ounce pada 2 Oktober seiring penguatan dolar AS dan imbal hasil US Treasury.
Phintraco menilai perhatian pasar global masih melihat perkembangan konflik di Timur Tengah dan pergerakan pasar obligasi pemerintah. Dari AS, investor akan mencermati risalah rapat FOMC, data ISM Service PMI, dan data awal Michigan Consumer Sentiment.
Adapun risalah rapat FOMC akan dirilis pada Rabu (7/10). Investor akan mencari petunjuk lebih lanjut mengenai arah kebijakan moneter The Fed. Data inflasi PCE dan nonfarm payrolls yang berada di bawah ekspektasi sebelumnya kian memperkuat ekspektasi pasar terhadap ruang The Fed untuk mempertahankan suku bunga.
“Serta pernyataan dovish dari beberapa pejabat the Fed telah menimbulkan harapan the Fed akan pertahankan suku bunga pada Oktober,” tulis Phintraco dalam analisisnya, Senin (5/10).
Adapun Phintraco Sekuritas menyebut pada pekan ini investor akan mencermati sejumlah data ekonomi domestik. Mulai dari cadangan devisa yang akan dirilis pada 7 Oktober, indeks keyakinan konsumen pada 8 Oktober, hingga data penjualan ritel dan penjualan otomotif pada 9 Oktober.
Secara teknikal, indikator Stochastic RSI membentuk golden cross di area oversold , sementara histogram MACD masih berada di area negatif. IHSG juga ditutup di atas MA3.
“Diperkirakan IHSG sideways cenderung menguat pada kisaran 6.000-6.200  pekan ini,” tulis Phintraco.
Phintraco Sekuritas merekomendasikan saham PT Astra International Tbk (ASII), PT Bumi Resources Minerals Tbk (BRMS), PT Bank Central Asia Tbk (BBCA), PT Barito Pacific Tbk (BRPT), dan PT Merdeka Copper Gold Tbk (MDKA).
Keputusan investasi sepenuhnya menjadi tanggung jawab investor. Artikel ini bukan merupakan ajakan untuk membeli atau menjual saham tertentu.
Dapatkan akses cepat ke berita terkini dan data berharga dari WhatsApp Channel Katadata.co.id
Dapatkan pengalaman membaca lebih nyaman dan nikmati fitur menarik lainnya lewat aplikasi mobile Katadata.",Katadata
"Saham GOTO Bangkit dari ARB Rp 28, Efek Realisasi Buyback Rp 3,5 Triliun?",5 Oktober 2026,Saham PT GoTo Gojek Tokopedia Tbk (GOTO) mulai bangkit setelah harganya mengalami auto rejection bawah (ARB) empat hari beruntun hingga menyentuh Rp 28 pada awal bulan ini.,https://katadata.co.id/finansial/bursa/6ac2f3dc5c074/saham-goto-bangkit-dari-arb-rp-28-efek-realisasi-buyback-rp-3-5-triliun,https://cdn1.katadata.co.id/media/images/thumb/2026/07/03/Logo_GOTO_Gojek_Tokopedia_Tbk-2026_07_03-20_36_07_31df7ac1ecbb6a6b4bf38e6ffad3d922_960x640_thumb.jpg,"Saham PT GoTo Gojek Tokopedia Tbk (GOTO) mulai bangkit setelah harganya mengalami auto rejection bawah (ARB) empat hari beruntun hingga menyentuh Rp 28 pada awal bulan ini.
Pada perdagangan Jumat (2/10) lalu, saham GOTO rebound dan untuk pertama kalinya tak lagi menyentuh batas ARB sejak “gembok gocap” resmi dibuka Bursa Efek Indonesia (BEI) pada 28 September 2026. Saham GOTO melonjak 7,14% ke level Rp 30 dengan kapitalisasi pasarnya mencapai Rp 34,22 triliun.
Pergerakan GOTO akhir pekan lalu itu berlangsung di tengah realisasi program pembelian kembali saham atau buyback senilai triliunan rupiah oleh perusahaan. Berdasarkan keterbukaan informasi BEI, manajemen GOTO menyebut pemegang saham telah memberikan persetujuan terhadap program buyback saham periode 2026–2027 dengan nilai maksimal mencapai Rp 3,5 triliun.
Aksi buyback dapat dilakukan selama 12 bulan, mulai 19 Juni 2026 hingga 18 Juni 2027. Dengan periode yang masih panjang, GOTO dapat melakukan pembelian kembali saham dengan mempertimbangkan kondisi pasar, kebutuhan modal kerja, dan posisi keuangan perusahaan. Apalagi GOTO sempat menyebut buyback memberikan fleksibilitas dalam mengelola permodalan, termasuk mengoptimalkan struktur modal.
“Implementasi dari buyback saham oleh perseroan akan bergantung pada keputusan manajemen, dengan mempertimbangkan berbagai faktor, termasuk kondisi pasar global dan nasional terkini beserta segala dinamika yang terjadi pada saat ini,” tulis manajemen GOTO pada keterbukaan informasi BEI, Kamis (1/10).
Manajemen GOTO menyebut pertimbangan itu mencakup potensi dampak perubahan ketentuan peraturan perundang-undangan terkait dengan kegiatan usaha perseroan, kepentingan GOTO, hingga upaya memberikan manfaat optimal bagi seluruh pemegang saham.
Equity Research Analyst MNC Sekuritas, Christian Immanuel Sitorus, menyoroti hilangnya antrean jual ARB, tingginya volume transaksi, dan masih ada amunisi buyback membuat saham GOTO mulai menarik untuk dicermati.
Menurut Christian, koreksi GOTO dalam beberapa hari terakhir lebih banyak dipengaruhi sentimen pasar dan penyesuaian mekanisme perdagangan, bukan perubahan fundamental bisnis perusahaan. “Kalau melihat level harganya sekarang, terlihat GOTO sudah memasuki area bottoming ,” ungkap Christian dalam analisisnya, dikutip Senin (5/10).
Dia juga menyebut tekanan jual yang sebelumnya sangat besar mulai terserap dan antrean ARB juga telah lepas. Kondisi itu menunjukkan pasar mulai menemukan keseimbangan harga baru usai saham GOTO babak belur.
Menurut Christian, gap antara harga saham dan fundamental GOTO saat ini juga sudah terlalu lebar. Pada level harga saat ini, saham GOTO dinilai sudah sangat terdiskon. Apabila melihat bisnis dan fundamental perseroan, nilai GOTO masih berpotensi berada di atas Rp 50 per saham.
“Jadi ketika tekanan jual mulai mereda, ruang untuk rebound menjadi semakin terbuka,” ucap Christian.
Di sisi lain, jika menilik kinerja keuangannya, GOTO telah membukukan laba bersih selama dua kuartal berturut-turut pada 2026. Masing-masing sebesar Rp 171 miliar pada kuartal pertama dan Rp 252 miliar pada kuartal kedua 2026.
Pertumbuhan bisnis juga masih berlanjut. Pada kuartal kedua 2026, pendapatan bersih GOTO tumbuh sekitar 31% secara tahunan menjadi Rp 5,7 triliun. Sementara itu, EBITDA Grup yang disesuaikan untuk pertama kalinya menembus Rp 1 triliun.
GoTo juga mempertahankan target EBITDA Grup yang disesuaikan untuk sepanjang 2026 di kisaran Rp 3,2 triliun hingga Rp 3,4 triliun.
Keputusan investasi sepenuhnya menjadi tanggung jawab investor. Artikel ini bukan merupakan ajakan untuk membeli atau menjual saham tertentu.
Dapatkan akses cepat ke berita terkini dan data berharga dari WhatsApp Channel Katadata.co.id
Dapatkan pengalaman membaca lebih nyaman dan nikmati fitur menarik lainnya lewat aplikasi mobile Katadata.",Katadata
"Wall Street Naik, Data Tenaga Kerja AS Picu Harapan The Fed Tahan Suku Bunga",5 Oktober 2026,Wall Street menguat pada perdagangan Jumat (2/10) setelah laporan ketenagakerjaan Amerika Serikat (AS) menunjukkan hasil yang jauh lebih lemah dari perkiraan.,https://katadata.co.id/finansial/bursa/6ac2e5b7ee664/wall-street-naik-data-tenaga-kerja-as-picu-harapan-the-fed-tahan-suku-bunga,https://cdn1.katadata.co.id/media/images/thumb/2023/10/12/Wall_Street-2023_10_12-05_49_35_0273c4bff7e4397bb82f6cdc82040de1_960x640_thumb.png,"Wall Street menguat pada perdagangan Jumat (2/10) setelah laporan ketenagakerjaan Amerika Serikat (AS) menunjukkan hasil yang jauh lebih lemah dari perkiraan. Data itu memicu ekspektasi bahwa bank sentral AS, Federal Reserve (The Fed), akan mempertahankan suku bunga pada pertemuan Oktober ini.
Dow Jones Industrial Average naik 250 poin atau 0,5% ke level 51.176,46. S&P 500 menguat 0,7% atau 56,27 poin menjadi 7.722,72 dan Nasdaq Composite melonjak 1,2% atau 319,27 poin ke 27.190,86. Nasdaq sempat mencetak rekor tertinggi sepanjang masa pada awal perdagangan sebelum terkoreksi seiring berbaliknya arah imbal hasil obligasi pemerintah AS.
Meski secara harian indeks bursa AS menguat pada Jumat, Dow Jones masih turun sekitar 1,3% sepanjang pekan. S&P 500 melemah 0,3%, dan Nasdaq justru terangkat 0,6%. Kenaikan Jumat juga menjadi kenaikan Nasdaq untuk tiga hari perdagangan berturut-turut.
Lalu imbal hasil obligasi Pemerintah AS sempat turun setelah rilis laporan ketenagakerjaan September. Namun, yield kemudian naik lagi hingga menekan Wall Street.
Saham teknologi memimpin kenaikan pasar seiring meningkatnya selera risiko investor. Nvidia mencetak rekor tertinggi sepanjang masa untuk pertama kalinya sejak Mei, meski akhirnya ditutup di bawah rekor penutupan sebelumnya. Saham CrowdStrike, Palo Alto Networks, dan AMD juga sempat mencetak rekor tertinggi sepanjang masa. Saham AMD ditutup naik hampir 3%.
Adapun laporan ketenagakerjaan nonpertanian menunjukkan ekonomi AS hanya menambah 29.000 pekerjaan pada September. Sementara itu, tingkat pengangguran naik menjadi 4,2%. Angka tersebut jauh di bawah konsensus Dow Jones yang memperkirakan penambahan 84.000 pekerjaan dengan tingkat pengangguran tetap 4,1%.
Kepala Strategi Pasar Osaic, Phil Blancato mengatakan, data tersebut menjadi gambaran yang diharapkan pasar karena pasar tenaga kerja melemah tanpa ada tanda-tanda ekonomi melambat. “Tidak terlalu panas, tidak terlalu dingin, tidak terlalu bagus, dan tidak melemah,” kata Blancato dikutip CNBC International , Senin (5/10).
Data tersebut membuat investor kembali menghitung peluang langkah The Fed berikutnya. Berdasarkan perdagangan futures Fed funds, pelaku pasar melihat peluang 77% The Fed mempertahankan suku bunga pada pertemuan Oktober, menurut CME FedWatch Tool.
Kepala Investasi Nuveen, Saira Malik mengatakan, laporan ketenagakerjaan tersebut berpotensi menopang pasar menjelang musim laporan keuangan yang diperkirakan akan mencatat kinerja “sangat kuat”.
“Jadi, saya pikir ini bisa menjadi awal dari reli Santa Claus yang selama ini kita harapkan,” kata Malik dalam program “Squawk Box” CNBC.
Di sisi lain, turunnya harga minyak menjadi sentimen positif untuk pasar saham. Penurunan harga minyak itu menyusul laporan bahwa sejumlah negara Eropa mempertimbangkan pelepasan cadangan bahan bakar strategis sebagai respons terhadap tekanan dari pemerintahan Presiden AS Donald Trump.
Pada perdagangan Kamis (1/10), Wall Street juga ditutup naik tipis pada awal Oktober. Namun, Dow Jones dan S&P 500 masih lesu secara mingguan ditekan pasar obligasi global. Nasdaq menjadi satu-satunya indeks utama yang diperkirakan mencatat kenaikan sepanjang pekan ini.
Dapatkan akses cepat ke berita terkini dan data berharga dari WhatsApp Channel Katadata.co.id
Dapatkan pengalaman membaca lebih nyaman dan nikmati fitur menarik lainnya lewat aplikasi mobile Katadata.",Katadata
