title,published_date,summary,article_url,source,tag,scraped_at,content,image_url
IESR: Pemerintah perlu terbitkan regulasi terkait pusat data,2 Oktober 2026,Institute for Essential Services Reform (IESR) menyatakan pemerintah perlu mempercepat penerbitan regulasi terkait ...,https://www.antaranews.com/berita/5769233/iesr-pemerintah-perlu-terbitkan-regulasi-terkait-pusat-data,ANTARA,Data Center di Indonesia,2026-10-05 01:48:23,"Jakarta (ANTARA) - Institute for Essential Services Reform (IESR) menyatakan pemerintah perlu mempercepat penerbitan regulasi terkait safeguard AI dan pusat data atau data center yang menjadikan standar lingkungan, sosial, dan energi sebagai syarat perizinan.
""Tanpa standar nasional, setiap proyek dinilai kasus per kasus dan pengawasan bergantung pada inisiatif kepala daerah,"" kata Chief Executive Officer IESR Fabby Tumiwa saat dikonfirmasi di Jakarta, Jumat.
Menurut dia, kasus penghentian proyek data center di Jatiluhur, Jawa Barat, menunjukkan Indonesia belum memiliki aturan main yang memadai untuk menghadapi gelombang investasi data center dan AI.
Padahal pada Mei lalu, Komdigi, kata dia, memperkirakan kebutuhan listrik data center Indonesia pada 2029 dapat mencapai lebih dari 2 GW. Sementara PLN memperkirakan kebutuhan listrik data center dapat mencapai 25 GW di 2035.
Untuk itu, IESR mendesak pemerintah pusat, khususnya Kementerian Komunikasi dan Digital, Kementerian ESDM, Kementerian Lingkungan Hidup, dan Kementerian Pekerjaan Umum dan Kementerian Koordinator Bidang Perekonomian, untuk mengambil langkah.

Seperti segera menerbitkan regulasi safeguard AI dan data center yang menjadikan standar lingkungan, sosial, dan energi sebagai syarat perizinan.
""Mewajibkan seluruh data center di Indonesia menggunakan sistem pendingin tanpa air (waterless) atau sirkulasi tertutup (closed-loop), agar tidak bersaing dengan kebutuhan air minum dan pertanian,"" ujarnya.
Selain itu, IESR mendesak pemerintah menetapkan batas efisiensi energi Power Usage Effectiveness (PUE) di bawah 1,3 dan standar efisiensi perangkat IT yang bisa menurunkan konsumsi energi bagi seluruh data center.
Tidak hanya itu, pemerintah juga perlu mewajibkan data center menggunakan energi terbarukan secara langsung, minimal 35 persen pada 2030 dan 50 persen pada 2040, melalui pembangkit di lokasi maupun kontrak pembelian listrik energi terbarukan, bukan sekadar sertifikat.
Kewajiban tersebut kata Febby sejalan dengan arah Kebijakan Energi Nasional (PP 40/2025) yang menargetkan bauran energi baru dan terbarukan 36-40 persen pada 2040, sebagai sektor baru dengan kebutuhan energi besar dan permodalan kuat, data center semestinya mencapainya lebih awal, bukan membebani pencapaian target nasional.

""Indonesia ingin menjadi pusat data center di kawasan. Itu peluang, tetapi hanya jika data center yang dibangun hemat air, efisien, dan ditenagai energi terbarukan. Jika tidak, kita menanggung emisi dan krisis air demi melayani permintaan komputasi global. Pemerintah perlu bergerak cepat sebelum puluhan proyek serupa terkunci dengan standar yang rendah,"" katanya menambahkan.
IESR siap mendukung pemerintah pusat dan daerah dalam menyusun standar data center hijau yang melindungi masyarakat, lingkungan, dan iklim.
Baca juga: KDM hentikan pembangunan data center AI Jatiluhur akibat tanpa Amdal
Baca juga: IESR dukung penghentian sementara BDx Data Center di Jatiluhur
Baca juga: IESR dukung penghentian sementara BDx Data Center di Jatiluhur

Pewarta: Khaerul Izan Editor: Kelik Dewanto Copyright © ANTARA 2026
Dilarang keras mengambil konten, melakukan crawling atau pengindeksan otomatis untuk AI di situs web ini tanpa izin tertulis dari Kantor Berita ANTARA.",https://img.antaranews.com/cache/1200x800/2026/09/29/3B4CA193-E073-47D9-AF33-5FFF97132484.jpeg
PLN Batam pastikan keandalan listrik dukung pertumbuhan data center,2 Oktober 2026,"PLN Batam, Kepulauan Riau (Kepri) memastikan kesiapan sistem kelistrikan untuk mendukung pertumbuhan industri data ...",https://www.antaranews.com/berita/5767905/pln-batam-pastikan-keandalan-listrik-dukung-pertumbuhan-data-center,ANTARA,Data Center di Indonesia,2026-10-05 01:48:23,"Batam (ANTARA) - PLN Batam, Kepulauan Riau (Kepri) memastikan kesiapan sistem kelistrikan untuk mendukung pertumbuhan industri data center (pusat data) dan ekonomi digital yang terus berkembang dan tumbuh positif di kota itu.
“PLN Batam berkomitmen untuk mendukung pertumbuhan ekonomi digital dan industri data center dengan memastikan ketersediaan listrik yang andal, kompetitif, dan berkelanjutan,” ujar Direktur Utama PT PLN Batam Kwin Fo dalam keterangan resmi yang diterima di Batam, Jumat.
Pihaknya terus mempersiapkan sistem kelistrikan Batam untuk mengantisipasi pertumbuhan kebutuhan listrik di masa depan, termasuk melalui pengembangan kapasitas pembangkitan secara bertahap sesuai dengan pertumbuhan permintaan.
Ia mengatakan hal tersebut pada kegiatan Data Centre World Asia bagian dari rangkaian Tech Week Singapore 2026 yang digelar di Singapura.
Menurut Kwin Fo, perkembangan industri data center telah menempatkan Batam pada radar investasi global.

Kedekatan geografis dengan Singapura, dukungan infrastruktur, serta ekosistem investasi yang terus berkembang menjadi sejumlah faktor yang meningkatkan daya tarik Batam bagi industri digital dan data center.
“Ketika berbicara mengenai pengembangan data center di Indonesia, Batam semakin dikenal oleh investor global. Kedekatannya dengan Singapura dan posisinya sebagai bagian dari kawasan perdagangan bebas memberikan nilai tambah yang sangat menarik bagi investor, khususnya di sektor teknologi dan AI (kecerdasan buatan),” katanya menjelaskan.
Kwin Fo juga menyampaikan bahwa Badan Pengusahaan (BP) Batam memiliki peran penting dalam menciptakan ekosistem investasi yang mendukung percepatan pengembangan industri di Batam.
Menurutnya, kemudahan dan kecepatan proses perizinan menjadi salah satu faktor yang dapat meningkatkan daya saing Batam dalam menarik investasi global.
“Batam memiliki keunggulan sebagai kawasan perdagangan bebas. Dukungan BP Batam dalam memberikan kemudahan dan kecepatan proses investasi menjadi salah satu faktor penting yang membuat Batam semakin menarik bagi investor teknologi dan data center,” tambah Kwin Fo.

Selain aspek keandalan pasokan listrik, PLN Batam juga terus memperkuat komitmen terhadap penyediaan energi yang lebih hijau.
Ia mengatakan pengembangan energi terbarukan tersebut akan terus diperluas secara bertahap.
“Pertumbuhan data center tidak hanya membutuhkan listrik dalam jumlah besar, tetapi juga membutuhkan listrik yang semakin hijau. Karena itu, PLN Batam mempersiapkan keduanya secara bersamaan: keandalan sistem kelistrikan untuk mendukung pertumbuhan industri dan peningkatan pemanfaatan energi terbarukan untuk mendukung agenda keberlanjutan,” kata Kwin Fo.
Partisipasi PLN Batam dalam Data Centre World Asia menjadi bagian dari upaya perusahaan untuk memperkuat hubungan dengan komunitas bisnis dan teknologi global sekaligus memperkenalkan potensi Batam sebagai salah satu pusat pertumbuhan ekonomi digital dan industri data center di kawasan Asia.
Baca juga: PLN Batam hadirkan promo tambah daya listrik jelang HUT Kemerdekaan RI
Baca juga: PLN Batam bangun gardu baru di Punggur guna atasi gangguan kelistrikan

Pewarta: Amandine Nadja Editor: Ahmad Wijaya Copyright © ANTARA 2026
Dilarang keras mengambil konten, melakukan crawling atau pengindeksan otomatis untuk AI di situs web ini tanpa izin tertulis dari Kantor Berita ANTARA.",https://img.antaranews.com/cache/1200x800/2026/10/02/29278bc7-cf6a-49ab-a66a-454b91a7f053.jpeg
Pengamat nilai Indonesia menjanjikan bagi investasi data center,29 September 2026,Managing Director Energy Shift Institute (ESI) Putra Adhiguna menilai Indonesia menjanjikan sebagai tujuan investasi ...,https://www.antaranews.com/berita/5763371/pengamat-nilai-indonesia-menjanjikan-bagi-investasi-data-center,ANTARA,Data Center di Indonesia,2026-10-05 01:48:23,"Jakarta (ANTARA) - Managing Director Energy Shift Institute (ESI) Putra Adhiguna menilai Indonesia menjanjikan sebagai tujuan investasi pusat data atau data center melalui insentif kompetitif, listrik andal, dan transisi energi bertahap.
Menurut Putra, pemerintah dapat memperkuat daya tarik investasi pusat data dengan merancang insentif yang tetap mengedepankan nilai tambah domestik sehingga manfaat ekonomi lebih besar dirasakan Indonesia.
""Indonesia negara menjanjikan untuk pasar DC (data center), tetapi insentif harus berpijak pada unsur keadilan nilai tambah dalam negeri dan transisi yang lebih hijau, termasuk dalam sumber energinya,"" kata Putra dihubungi ANTARA di Jakarta, Selasa.
Dia menyampaikan hal itu merespon pernyataan Menteri Energi dan Sumber Daya Mineral (ESDM) Bahlil Lahadalia yang menawari para investor untuk memanfaatkan pulau-pulau di Indonesia guna membangun data center atau pusat data.
Putra mendorong agar pemberian insentif tidak hanya diberikan berdasarkan besarnya nilai investasi, melainkan harus dikaitkan dengan kontribusi terhadap penciptaan nilai tambah di dalam negeri.

Menurutnya, industri pusat data menciptakan lapangan kerja permanen yang relatif terbatas, sekitar 15 pegawai untuk setiap investasi senilai 100 juta dolar Amerika Serikat (AS), sehingga manfaat ekonominya perlu diukur secara lebih menyeluruh.
Karena itu, Putra menilai pemerintah perlu memastikan setiap pemberian insentif benar-benar didasarkan pada bukti kontribusi terhadap perekonomian nasional agar kebijakan tersebut tetap adil dan efektif.
Di sisi lain, ia mengatakan investor pusat data memiliki kebutuhan yang beragam, mulai dari harga listrik yang kompetitif hingga ketersediaan energi bersih untuk mendukung operasional jangka panjang.
Namun demikian, Putra menilai keandalan pasokan listrik tetap menjadi pertimbangan utama investor sehingga PT PLN perlu memastikan sistem kelistrikan mampu memenuhi pertumbuhan kebutuhan pusat data tanpa mengganggu layanan kepada masyarakat maupun industri lainnya.
Baca juga: PLN sebut konsumsi energi data center sebesar 2.378 GWh

Baca juga: BP Batam pastikan keandalan energi dukung 1,47 GW data center
Ia juga mendorong pemerintah mengarahkan pengembangan pusat data menuju penggunaan energi hijau secara bertahap, misalnya melalui target pemanfaatan energi bersih sebesar 30 persen, kemudian meningkat menjadi 50 persen hingga 70 persen.
Menurut Putra, pendekatan bertahap tersebut lebih realistis dibanding langsung mewajibkan penggunaan 100 persen energi bersih, sekaligus memberikan kepastian bagi pelaku usaha untuk berinvestasi.
""Dengan cara itu maka pelaku usaha diberikan sebuah dorongan yang lebih terukur dan data center tidak menjadi alasan untuk ekspansi PLTU dan justru menghambat transisi bersih,"" tuturnya.
Ia menambahkan kombinasi insentif yang dikaitkan dengan nilai tambah domestik, pasokan listrik yang andal, dan peningkatan penggunaan energi bersih akan memperkuat posisi Indonesia sebagai tujuan investasi pusat data yang kompetitif dan berkelanjutan.
Sebelumnya, Menteri Energi dan Sumber Daya Mineral (ESDM) Bahlil Lahadalia menawari para investor untuk memanfaatkan pulau-pulau di Indonesia guna membangun data center atau pusat data.

“Bapak-ibu semua, tidak perlu ragu para investor kalau membangun data center di Indonesia. Wilayah kami ini wilayah yang terbesar di kawasan Asia Tenggara, pulau kami masih terlalu banyak,” ujar Bahlil dalam acara Electricity Connect 2026 yang digelar di Tangerang, Banten, Selasa (22/9).
Selain itu, tutur Bahlil, Indonesia juga memiliki potensi energi yang besar untuk mendukung operasional data center. Ia mencontohkan potensi energi dari matahari, air, panas bumi, angin, dan lain-lainnya.
Tak hanya memiliki keunggulan berupa wilayah yang luas dan sumber energi yang berlimpah, Bahlil juga menyampaikan biaya produksi listrik di Indonesia pasti jauh lebih kompetitif apabila dibandingkan dengan negara-negara lain.
“Kami akan memberikan kemudahan-kemudahan bagi bapak-ibu semua,” ucap Bahlil di hadapan para audiens Electricity Connect 2026.
Adapun salah satu aspek yang menjadi perhatian dalam membangun data center adalah kepastian pasokan listrik untuk memenuhi kebutuhan pusat data. Bahlil memastikan tidak ada permasalahan dalam pemenuhan kebutuhan listrik data center.

Baca juga: NEXT Indonesia: DSI perlu fokus pada pengawasan, integrasi data ekspor
Baca juga: AHY: Kebutuhan pasokan energi di era AI harus diperhitungkan
Baca juga: Bahlil tawari investor manfaatkan pulau Indonesia untuk data center
Pewarta: Muhammad Harianto Editor: Budhi Santoso Copyright © ANTARA 2026
Dilarang keras mengambil konten, melakukan crawling atau pengindeksan otomatis untuk AI di situs web ini tanpa izin tertulis dari Kantor Berita ANTARA.",https://img.antaranews.com/cache/1200x800/2026/09/29/3B4CA193-E073-47D9-AF33-5FFF97132484.jpeg
Bahlil tawari investor manfaatkan pulau Indonesia untuk data center,22 September 2026,Menteri Energi dan Sumber Daya Mineral (ESDM) Bahlil Lahadalia menawari para investor untuk memanfaatkan pulau-pulau di ...,https://www.antaranews.com/berita/5752952/bahlil-tawari-investor-manfaatkan-pulau-indonesia-untuk-data-center,ANTARA,Data Center di Indonesia,2026-10-05 01:48:23,"Tangerang, Banten (ANTARA) - Menteri Energi dan Sumber Daya Mineral (ESDM) Bahlil Lahadalia menawari para investor untuk memanfaatkan pulau-pulau di Indonesia guna membangun data center atau pusat data.
“Bapak-ibu semua, tidak perlu ragu para investor kalau membangun data center di Indonesia. Wilayah kami ini wilayah yang terbesar di kawasan Asia Tenggara, pulau kami masih terlalu banyak,” ujar Bahlil dalam acara Electricity Connect 2026 yang digelar di Tangerang, Banten, Selasa.
Selain itu, tutur Bahlil, Indonesia juga memiliki potensi energi yang besar untuk mendukung operasional data center . Ia mencontohkan potensi energi dari matahari, air, panas bumi, angin, dan lain-lainnya.
Tak hanya memiliki keunggulan berupa wilayah yang luas dan sumber energi yang berlimpah, Bahlil juga menyampaikan biaya produksi listrik di Indonesia pasti jauh lebih kompetitif apabila dibandingkan dengan negara-negara lain.
“Kami akan memberikan kemudahan-kemudahan bagi bapak-ibu semua,” ucap Bahlil di hadapan para audiens Electricity Connect 2026.

Adapun salah satu aspek yang menjadi perhatian dalam membangun data center adalah kepastian pasokan listrik untuk memenuhi kebutuhan pusat data.
Baca juga: Pengamat: Perizinan pembangunan pusat data harus cepat dan pasti
Baca juga: Danantara siap perluas investasi pusat data seiring permintaan tinggi
Dalam kesempatan tersebut, Bahlil memastikan tidak ada permasalahan dalam pemenuhan kebutuhan listrik data center .
""Begitu mereka menyampaikan keinginannya, terus ditambah berapa kapasitas kebutuhan listrik yang dibutuhkan, pasti PLN akan menyiapkan,"" ujarnya.

Kementerian Investasi dan Hilirisasi/Badan Koordinasi Penanaman Modal (BKPM) menawarkan peluang investasi pusat data di Indonesia kepada investor China dalam forum bisnis Indonesia-China Partnership Forum di Jakarta, Kamis (23/7).
Deputi Bidang Pelayanan Penanaman Modal Kementerian Investasi dan Hilirisasi/BKPM Andi Maulana mengatakan perkembangan data center menjadi salah satu peluang investasi yang menjanjikan karena didukung pertumbuhan ekonomi digital Indonesia yang termasuk tercepat di Asia Tenggara.
Berdasarkan paparan BKPM yang mengutip Mordor Intelligence, nilai pasar data center Indonesia mencapai sekitar 1,44 miliar dolar AS pada 2025 dan diperkirakan meningkat menjadi 1,83 miliar dolar AS pada 2026.
Nilai tersebut diproyeksikan terus tumbuh menjadi 3,48 miliar dolar AS pada 2031 dengan laju pertumbuhan tahunan majemuk (compound annual growth rate/CAGR) sebesar 13,71 persen.
Sementara itu, nilai pasar data center global diperkirakan meningkat dari 386,71 miliar dolar AS pada 2025 menjadi 684,39 miliar dolar AS pada 2031.
Baca juga: RI tawarkan peluang investasi data center kepada pelaku usaha China

Baca juga: BP: Batam siap jadi pusat infrastruktur kecerdasan buatan skala global
Baca juga: Iklim investasi dan insentif dorong pertumbuhan industri pusat data
Pewarta: Putu Indah Savitri Editor: Budhi Santoso Copyright © ANTARA 2026
Dilarang keras mengambil konten, melakukan crawling atau pengindeksan otomatis untuk AI di situs web ini tanpa izin tertulis dari Kantor Berita ANTARA.",https://img.antaranews.com/cache/1200x800/2026/09/22/IMG_9541-2.jpg
Pengamat: Infrastruktur digital harus hasilkan transfer teknologi,15 September 2026,Pengamat Telekomunikasi sekaligus Direktur Eksekutif Indonesia ICT Institute Heru Sutadi mengatakan pembangunan ...,https://www.antaranews.com/berita/5741245/pengamat-infrastruktur-digital-harus-hasilkan-transfer-teknologi,ANTARA,Data Center di Indonesia,2026-10-05 01:48:23,"Jakarta (ANTARA) - Pengamat Telekomunikasi sekaligus Direktur Eksekutif Indonesia ICT Institute Heru Sutadi mengatakan pembangunan infrastruktur digital di Indonesia membutuhkan Foreign Direct Investment (FDI) karena berbiaya tinggi, namun yang tak kalah penting harus menghasilkan transfer teknologi.
""Investasi asing perlu diarahkan pemerintah agar menghasilkan transfer teknologi, peningkatan kompetensi SDM dan nilai tambah ekonomi bagi Indonesia,"" kata Heru saat dikonfirmasi di Jakarta, Selasa.
Menurut dia, FDI atau penanaman modal asing (PMA) sangat penting, karena pembangunan data center atau infrastruktur digital membutuhkan modal yang besar, teknologi maju, dan kemampuan operasional yang tidak sedikit.
Akan tetapi, lanjut dia, pemerintah jangan hanya mengejar besarnya investasi yang masuk, karena yang terpenting investasi tersebut dapat memberikan dampak positif bagi negara.
""Yang lebih penting adalah kualitas investasinya, seperti apakah membangun kapasitas baru, apakah menggunakan tenaga kerja lokal, melibatkan perusahaan Indonesia, membayar pajak di daerah, serta menciptakan ekosistem digital baru,"" ujar dia.

Heru menambahkan bahwa FDI harus bisa menjadi instrumen yang bisa membangkitkan kemampuan nasional dan jangan sampai Indonesia hanya sebagai tempat untuk pembangunan data center tanpa ada timbal balik pada kemampuan dalam negeri.
""FDI seharusnya menjadi pengungkit kemampuan nasional, bukan sekadar menjadikan Indonesia sebagai lokasi pembangunan gedung data center,"" katanya menambahkan.
Kementerian Investasi dan Hilirisasi/Badan Koordinasi Penanaman Modal (BKPM) menawarkan peluang investasi pusat data (data center) di Indonesia kepada investor China dalam forum bisnis Indonesia-China Partnership Forum di Jakarta, Kamis (23/7).
Deputi Bidang Pelayanan Penanaman Modal Kementerian Investasi dan Hilirisasi/BKPM Andi Maulana mengatakan perkembangan data center menjadi salah satu peluang investasi yang menjanjikan karena didukung pertumbuhan ekonomi digital Indonesia yang termasuk tercepat di Asia Tenggara.
“Perkembangan data center atau pusat data menjadi salah satu peluang investasi yang sangat menjanjikan,” kata Andi dalam forum bisnis yang dihadiri oleh perwakilan dari 27 perusahaan China itu.

Berdasarkan paparan BKPM yang mengutip Mordor Intelligence, nilai pasar data center Indonesia mencapai sekitar 1,44 miliar dolar AS pada 2025 dan diperkirakan meningkat menjadi 1,83 miliar dolar AS pada 2026.
Nilai tersebut diproyeksikan terus tumbuh menjadi 3,48 miliar dolar AS pada 2031 dengan laju pertumbuhan tahunan majemuk ( compound annual growth rate /CAGR) sebesar 13,71 persen.
Sementara itu, nilai pasar data center global diperkirakan meningkat dari 386,71 miliar dolar AS pada 2025 menjadi 684,39 miliar dolar AS pada 2031.
Pewarta: Khaerul Izan Editor: Virna P Setyorini Copyright © ANTARA 2026
Dilarang keras mengambil konten, melakukan crawling atau pengindeksan otomatis untuk AI di situs web ini tanpa izin tertulis dari Kantor Berita ANTARA.",https://img.antaranews.com/cache/1200x800/2026/09/10/IMG_0425.jpeg
PGE siapkan pasokan listrik baseload untuk Green Data Center,4 September 2026,PT Pertamina Geothermal Energy Tbk (PGE) menyiapkan panas bumi sebagai sumber listrik baseload energi baru terbarukan ...,https://www.antaranews.com/berita/5726405/pge-siapkan-pasokan-listrik-baseload-untuk-green-data-center,ANTARA,Data Center di Indonesia,2026-10-05 01:48:23,"Jakarta (ANTARA) - PT Pertamina Geothermal Energy Tbk (PGE) menyiapkan panas bumi sebagai sumber listrik baseload energi baru terbarukan (EBT) untuk menopang pertumbuhan pusat data (data center) dan ekosistem akal imitasi (AI) di Indonesia.
“Pusat data membutuhkan listrik yang andal dan hijau sekaligus. Panas bumi adalah energi domestik yang bersih dan mampu beroperasi sebagai baseload sepanjang waktu, sehingga sangat cocok menjadi tulang punggung green data center di Indonesia,” ujar Direktur Utama PGE Ahmad Yani dalam keterangannya yang diterima di Jakarta, Jumat.
Menurut data Kementerian Komunikasi dan Digital (Komdigi) dan Asosiasi Penyelenggara Jasa Internet Indonesia (APJII), Indonesia tengah memasuki era transformasi digital dengan meningkatnya kebutuhan akan data center.
Perkembangan ini didukung oleh 235,26 juta pengguna internet dan 185 fasilitas yang diperkirakan terus bertambah hingga 2029-2030.
Ahmad Yani menjelaskan, kebutuhan pusat data dan AI factory memiliki karakter yang sangat spesifik, yakni pasokan listrik harus stabil, tersedia 24 jam, sekaligus bersih. Karakter tersebut sulit dipenuhi sumber energi terbarukan yang bersifat intermiten.

Baca juga: PLN pasok listrik pusat data 2x725 MVA untuk Digital Edge
Baca juga: PLN siap suplai listrik untuk dukung industri 'data center' nasional
Ia mengatakan, PGE telah memulai langkah konkret melalui kajian pengembangan elektrifikasi green data center dengan energi panas bumi di Area Kamojang, Jawa Barat.
Proyek tersebut dirancang sebagai pilot project dan proof of concept untuk memvalidasi model bisnis, menjajaki kebutuhan calon pengguna, serta menyiapkan pasar.
Guna mendorong optimalisasi pengembangan data center berbasis EBT, tutur dia, khususnya panas bumi, terdapat beberapa langkah kunci yang perlu dukungan penuh.

Pertama, menyempurnakan regulasi tarif agar lebih kompetitif, transparan, dan predictable; kemudian, memperluas pemanfaatan insentif fiskal dan green financing.
“Ketiga, memperkuat sinkronisasi WKP, RUPTL, jaringan, PPA, dan target COD. Keempat, diperlukan penyesuaian strategi dengan kebijakan pemerintah dalam blueprint pengembangan data center sekaligus panas bumi nasional,” ujar Ahmad Yani.
Baca juga: Google investasi pada pembangkit listrik tenaga gas untuk pusat data
Baca juga: Dyah Roro Esti dorong energi ramah lingkungan untuk listrik pusat data
Pewarta: Putu Indah Savitri Editor: Budhi Santoso Copyright © ANTARA 2026
Dilarang keras mengambil konten, melakukan crawling atau pengindeksan otomatis untuk AI di situs web ini tanpa izin tertulis dari Kantor Berita ANTARA.",https://img.antaranews.com/cache/1200x800/2026/06/26/pge-catat-kenaikan-produksi-listrik-pada-kuartal-i-2026-2812073.jpg
ESDM harapkan hasil rekomendasi kebijakan dari IEE Series 2026,2 September 2026,Kementerian Energi dan Sumber Daya Mineral (ESDM) berharap Indonesia Energy & Engineering (IEE) Series ...,https://www.antaranews.com/berita/5723047/esdm-harapkan-hasil-rekomendasi-kebijakan-dari-iee-series-2026,ANTARA,Data Center di Indonesia,2026-10-05 01:48:23,"Jakarta (ANTARA) - Kementerian Energi dan Sumber Daya Mineral (ESDM) berharap Indonesia Energy & Engineering (IEE) Series 2026 yang digelar di JIExpo Kemayoran, Jakarta, hingga 12 September mendatang menghasilkan rekomendasi yang dapat menjadi masukan dalam penyusunan kebijakan pemerintah.
Direktur Jenderal Energi Baru, Terbarukan, dan Konservasi Energi (EBTKE) Eniya Listiani Dewi mengatakan pemerintah membutuhkan masukan dari berbagai asosiasi  untuk mendukung kajian dan penyusunan kebijakan di sektor EBTKE.
“Sebab, masukan dari asosiasi dan stakeholder itu sangat penting (bagi pemerintah),"" kata Eniya saat ditemui usai pembukaan IEE Series - Energy Week 2026 di Jakarta, Rabu.
Menurut dia, masukan dari asosiasi di sektor energi baru, terbarukan, dan konservasi energi antara lain diperlukan dalam berbagai kajian mengenai pembangkit listrik tenaga surya (PLTS) dan harga yang menjadi salah satu landasan pemerintah dalam menentukan kebijakan.
Baca juga: IEE Series 2026 Perkuat Kolaborasi Industri dan Ketahanan Bencana

Selain itu, Eniya mencontohkan peran asosiasi dalam mendukung pengembangan sumber daya manusia di bidang efisiensi energi, antara lain melalui pengembangan auditor energi dan manajer energi.
Ia mengatakan pemerintah berharap kegiatan yang mempertemukan berbagai pemangku kepentingan tidak berhenti pada diskusi, tetapi menghasilkan kesimpulan dari setiap sesi yang dapat menjadi rekomendasi bagi pemerintah.
“Kita ingin adanya kesimpulan dari masing-masing sesi. Tidak hanya gelar wicara, tetapi ada hasil yang menjadi rekomendasi pemerintah,” ujarnya.
Eniya mengatakan Menteri ESDM juga mendorong seluruh pemangku kepentingan dalam ekosistem EBTKE untuk dapat berkumpul dan memberikan masukan secara bersama-sama.
“Karena seluruh ekosistemnya harus ada,” kata dia.

IEE Series - Energy Week 2026 berlangsung pada 2–5 September 2026 di JIExpo Kemayoran, Jakarta, dengan menghadirkan Electric & Power Indonesia, The Battery Show Indonesia, dan Data Center Asia–Indonesia.
Kegiatan tersebut mengangkat tema “Sustainability for Industrial Transformation” dan mempertemukan pelaku industri, asosiasi, penyedia teknologi, akademisi, serta pemangku kepentingan di sektor energi dan infrastruktur digital.
Seri pameran teknologi dan industri terbesar di Indonesia ini menyediakan berbagai gelar wicara dan forum diskusi yang berfokus pada sektor energi, kelistrikan, dan teknik (engineering), hingga menyinggung sektor otomotif.
Baca juga: ESDM: Mandatori BBM E20 bergantung pada kesiapan bahan baku
Baca juga: ESDM kaji kesiapan CPO untuk penerapan biodiesel B60 pada 2027
Baca juga: Pemerintah dorong pengembangan EBT di tengah gejolak geopolitik

Pewarta: Pamela Sakina Editor: Mahmudah Copyright © ANTARA 2026
Dilarang keras mengambil konten, melakukan crawling atau pengindeksan otomatis untuk AI di situs web ini tanpa izin tertulis dari Kantor Berita ANTARA.",https://img.antaranews.com/cache/1200x800/2026/09/02/IMG_1134.jpeg
Danantara siap perluas investasi pusat data seiring permintaan tinggi,27 Agustus 2026,Badan Pengelola Investasi (BPI) Danantara siap memperluas investasi di sektor pusat data (data center) seiring ...,https://www.antaranews.com/berita/5714187/danantara-siap-perluas-investasi-pusat-data-seiring-permintaan-tinggi,ANTARA,Data Center di Indonesia,2026-10-05 01:48:23,"Jakarta (ANTARA) - Badan Pengelola Investasi (BPI) Danantara siap memperluas investasi di sektor pusat data (data center) seiring tingginya permintaan terhadap infrastruktur digital di Indonesia.
Chief Technology Officer (CTO) Danantara Sigit Puji Santosa mengatakan kebutuhan terhadap kapasitas data center saat ini terus meningkat, bahkan kapasitas baru yang dibangun langsung terserap pasar.
""Kalau kita membangun 100 megawatt, 200 megawatt, habis langsung,"" ujar dia di Jakarta, Kamis.
Menurut dia, permintaan data center di Indonesia saat ini sangat besar. Setiap investasi baru untuk pembangunan pusat data disebut langsung diikuti dengan penyerapan kapasitas oleh pasar.
Ia mengatakan kondisi tersebut menyebabkan waktu tunggu untuk memperoleh kapasitas data center dapat mencapai enam bulan hingga satu tahun.

""Permintaan data center luar biasa besar, sehingga terjadi kelangkaan, harus menunggu enam bulan, sembilan bulan sampai setahun,"" katanya.
Menurut dia, Indonesia saat ini memiliki sekitar 45 data center berskala besar. Namun, tingginya kebutuhan terhadap infrastruktur digital membuat ketersediaan kapasitas menjadi tantangan.
Danantara, kata dia, siap mengambil bagian dalam pengembangan infrastruktur tersebut, termasuk menyiapkan kebutuhan teknologi dan komponen pendukung bagi industri pusat data.
Selain infrastruktur pusat data, Sigit mengatakan bahwa Danantara juga menaruh perhatian pada pengembangan chip semikonduktor terutama artificial intelligence (AI) chip yang kebutuhannya meningkat pesat.
Ia mengatakan Danantara telah menjalin kerja sama dengan perusahaan semikonduktor Inggris Arm Limited untuk mengembangkan desain chip.

Sejumlah badan usaha milik negara (BUMN) juga dilibatkan dalam pengembangan tersebut.
Ia menambahkan kebutuhan terhadap AI chip saat ini juga mengalami peningkatan tajam secara global, dengan waktu tunggu untuk memperoleh chip tersebut di sejumlah negara dapat mencapai enam hingga sembilan bulan.
Menurut Sigit, Danantara akan menyiapkan kebutuhan infrastruktur digital mulai dari sistem, subsistem, hingga komponen yang diperlukan untuk menangkap peluang pertumbuhan industri tersebut.
Namun demikian, ia mengatakan pengembangan infrastruktur digital masih menghadapi sejumlah tantangan, antara lain keterbatasan daya serta kompleksitas proses dan regulasi.
""Memang tantangannya cukup besar, tapi juga peluangnya juga cukup besar,"" ucap Sigit.
Baca juga: Airlangga sebut data center jadi kunci pertumbuhan ekonomi 8 persen

Baca juga: Menko Airlangga: RI-Singapura dorong pusat data regional
Baca juga: Danantara kaji proyek hilirisasi dan data center sebelum berinvestasi
Pewarta: Shofi Ayudiana Editor: Kelik Dewanto Copyright © ANTARA 2026
Dilarang keras mengambil konten, melakukan crawling atau pengindeksan otomatis untuk AI di situs web ini tanpa izin tertulis dari Kantor Berita ANTARA.",https://img.antaranews.com/cache/1200x800/2026/05/08/IMG_0273.jpeg
"Menkeu evaluasi dampak FTA, kaji potensi ekonomi dari sektor industri",20 Agustus 2026,Menteri Keuangan Purbaya Yudhi Sadewa mengevaluasi efek perjanjian perdagangan bebas atau Free Trade Agreement (FTA) ...,https://www.antaranews.com/berita/5703855/menkeu-evaluasi-dampak-fta-kaji-potensi-ekonomi-dari-sektor-industri,ANTARA,Data Center di Indonesia,2026-10-05 01:48:23,"Jakarta (ANTARA) - Menteri Keuangan Purbaya Yudhi Sadewa mengevaluasi efek perjanjian perdagangan bebas atau Free Trade Agreement (FTA) sambil menggali potensi ekonomi yang muncul dari sektor industri yang terdampak.
“Bulan September ke depan, kami ubah pendekatan Kemenkeu dari potensi ekonomi, termasuk free trade , agar pertumbuhan ekonomi bisa laju kencang minimal di 6 persen di akhir 2026,” kata Purbaya dalam kegiatan Free Trade Agreements on Indonesia Industrialization and Economic Perforamance , sebagaimana dikutip dari keterangan tertulis di Jakarta, Kamis.
Menkeu ingin melakukan pemetaan berdasarkan dampak nyata terhadap masing-masing industri. Industri yang tidak memiliki prospek perlu diidentifikasi, sementara sektor yang masih bisa diselamatkan harus mendapatkan strategi yang tepat.
Dia juga menyoroti industri baru yang saat ini belum menjadi kekuatan utama Indonesia tetapi memiliki prospek pertumbuhan tinggi, contohnya data center .
Menurutnya, Indonesia memiliki peluang besar untuk menarik investasi pusat data, tetapi pemerintah harus memastikan ketersediaan energi untuk mendukung perkembangan industri tersebut.

Selain itu, Purbaya juga melihat peluang dari kerja sama perdagangan Indonesia dengan Eropa, khususnya terkait produk yang menggunakan energi baru terbarukan.
Dia menilai fasilitas perdagangan tersebut dapat menjadi peluang bagi industri Indonesia untuk meningkatkan daya saing ekspor.
Menkeu mencontohkan sektor tekstil dan alas kaki yang berpotensi mendapatkan keuntungan dari penggunaan energi terbarukan dalam proses produksinya. Menkeu juga membuka kemungkinan memperkuat investasi energi panas bumi melalui PT Geo Dipa Energi untuk mendukung kawasan industri.
“Saya kan punya Geo Dipa, saya bisa drill lebih banyak geotermal, saya investasi di situ untuk memberi energi ke suatu pusat industri tekstil atau industri tekstil yang sudah ada, sehingga dia bisa ekspor ke Eropa dengan lebih kompetitif,” katanya menambahkan.
Selanjutnya, Menkeu menyampaikan bahwa pendekatan tersebut menggarisbawahi bahwa pemerintah perlu menemukan sektor mana yang memiliki peluang untuk berkembang dan kemudian menentukan intervensi yang diperlukan.

Purbaya juga melihat bahwa tantangan perdagangan bebas bukan semata-mata persoalan ancaman bagi industri dalam negeri. Justru, kata dia, FTA harus dimanfaatkan untuk mengidentifikasi peluang baru, meningkatkan daya saing industri, memperkuat energi, menarik investasi, serta mendorong ekspor bernilai tambah.

Baca juga: Apindo mendorong percepatan implementasi ragam perjanjian dagang
Baca juga: Mendag sebut perjanjian dagang pacu minat investasi
Baca juga: Pakar: Optimalisasi industri-perjanjian dagang pacu kinerja ekspor RI

Pewarta: Imamatul Silfia Editor: Faisal Yunianto Copyright © ANTARA 2026
Dilarang keras mengambil konten, melakukan crawling atau pengindeksan otomatis untuk AI di situs web ini tanpa izin tertulis dari Kantor Berita ANTARA.",https://img.antaranews.com/cache/1200x800/2026/08/20/WhatsApp-Image-2026-08-20-at-17.53.02.jpeg
JLL: Indonesia berpeluang jadi pusat data center regional,18 Agustus 2026,Konsultan properti Jones Lang LaSalle atau JLL menilai Indonesia berpeluang menjadi tujuan investasi pusat data (data ...,https://www.antaranews.com/berita/5699703/jll-indonesia-berpeluang-jadi-pusat-data-center-regional,ANTARA,Data Center di Indonesia,2026-10-05 01:48:23,"Jakarta (ANTARA) - Konsultan properti Jones Lang LaSalle atau JLL menilai Indonesia berpeluang menjadi tujuan investasi pusat data (data center) di kawasan Asia Tenggara seiring meningkatnya kebutuhan infrastruktur digital dan perkembangan teknologi kecerdasan buatan.
Country Head and Head of Logistics & Industrial JLL Indonesia Farazia Basarah dalam taklimat media di Jakarta, Selasa, mengatakan arus investasi data center ke Indonesia antara lain dipengaruhi keterbatasan pengembangan di sejumlah negara tetangga.
Menurut dia, sekitar lima hingga tujuh tahun lalu Singapura menjadi salah satu lokasi utama pengembangan data center . Namun, pemerintah Singapura kemudian menerapkan moratorium pembangunan data center karena tingginya konsumsi listrik sektor tersebut.
“Setelah itu development data center akhirnya beralih ke Malaysia dan Batam. Di Malaysia kita melihat di Johor Bahru, semuanya menarik ke Johor Bahru,” kata Farazia.
Namun, pembangunan data center di Johor Bahru kemudian merambah kawasan komersial dan residensial. Kondisi tersebut memunculkan masukan dari masyarakat setempat karena pembangunan pusat data dinilai mengganggu lingkungan sekitar.

Menurut Farazia, pemerintah Johor Bahru akhirnya menerapkan moratorium sehingga ekspansi data center di kawasan tersebut tidak lagi dapat dilakukan secara ekspansif.
“Akibat dari itu, demand akhirnya langsung ke Indonesia, yaitu di Batam dan juga Jakarta,” ujarnya.
Farazia mengatakan Jakarta telah menjadi lokasi pengembangan data center sejak sekitar 2018-2019, terutama untuk mendukung layanan cloud . Namun, skala pengembangannya kini jauh lebih besar seiring meningkatnya kebutuhan data.
Menurut dia, Indonesia memiliki sejumlah faktor yang mendukung pertumbuhan industri data center, termasuk jumlah penduduk yang besar dan tingkat penetrasi internet yang mencapai sekitar 81 persen.
“Dari 290 juta penduduk dan kita melihat Gen Z dan milenial yang benar-benar melek data dan social media, itu juga menambahkan requirement kebutuhan data center ,” katanya.

“Itu adalah salah satu potensi mengapa Indonesia sekarang menjadi pusat destinasi data center ,” katanya menambahkan.
Meski demikian, Farazia mengingatkan bahwa investasi data center memiliki karakteristik berbeda dengan industri manufaktur dari sisi penyerapan tenaga kerja.
Dia mencontohkan pembangunan pabrik dengan luas lahan yang sama berpotensi menciptakan lapangan kerja lebih banyak dibandingkan fasilitas data center.
“Kalau membangun pabrik, misalnya pabrik mobil, mungkin bisa menyerap 500 sampai 1.000 tenaga kerja. Sedangkan data center dengan 20-40 hektare mungkin tidak banyak tenaga kerjanya,” kata Farazia.
Untuk itu, menurut dia, pemerintah perlu memastikan pertumbuhan data center memberikan efek berganda melalui terbentuknya industri pendukung dan ekosistem teknologi di dalam negeri.


Baca juga: JLL: Kebutuhan lahan bangun pusat data di Indonesia terus meningkat
Baca juga: Wali Kota: Batam transformasi ke sektor industri berteknologi tinggi
Baca juga: RI tawarkan peluang investasi data center kepada pelaku usaha China
Pewarta: Shofi Ayudiana Editor: Faisal Yunianto Copyright © ANTARA 2026
Dilarang keras mengambil konten, melakukan crawling atau pengindeksan otomatis untuk AI di situs web ini tanpa izin tertulis dari Kantor Berita ANTARA.",https://img.antaranews.com/cache/1200x800/2026/08/18/tempImagejqDWQZ_1.jpg
JLL: Kebutuhan lahan bangun pusat data di Indonesia terus meningkat,18 Agustus 2026,Kebutuhan lahan untuk pembangunan pusat data (data center) di Indonesia terus meningkat seiring dengan pesatnya ...,https://www.antaranews.com/berita/5699671/jll-kebutuhan-lahan-bangun-pusat-data-di-indonesia-terus-meningkat,ANTARA,Data Center di Indonesia,2026-10-05 01:48:23,"Jakarta (ANTARA) - Kebutuhan lahan untuk pembangunan pusat data (data center) di Indonesia terus meningkat seiring dengan pesatnya pertumbuhan penggunaan data dan kecerdasan buatan (artificial intelligence/AI).
Country Head and Head of Logistics & Industrial JLL Indonesia Farazia Basarah mengatakan sekitar 80 persen permintaan lahan industri yang masuk dalam cakupan riset JLL saat ini berasal dari sektor pusat data.
“Dua sampai tiga tahun lalu mungkin mereka minta sekitar 5 hektare tanah, tapi saat ini requirement yang kita terima mulai dari minimal 10 hektare sampai dengan 30 hektare untuk satu data center ,” kata Farazia dalam taklimat media di Jakarta, Selasa.
Menurut dia, peningkatan kebutuhan lahan tersebut perlu diimbangi dengan kesiapan infrastruktur, khususnya listrik dan air bersih, serta ketersediaan lahan.
Kebutuhan listrik untuk setiap proyek pusat data juga semakin besar. Saat ini, Farazia menyebut satu pusat data dapat membutuhkan pasokan listrik sekitar 100 megawatt (MW) hingga 200 MW.

Dia menilai kebutuhan tersebut semakin menantang karena permintaan pusat data, khususnya yang berkaitan dengan AI, tumbuh sangat cepat.
“Per kuartal itu sangat besar dilihat dari AI, pertumbuhan AI dan mungkin salah satu aplikasi AI juga sudah semakin canggih saat ini. Jadi itu juga berdampak terhadap pertumbuhan data center untuk AI,” kata Farazia.
Berdasarkan hasil riset JLL Indonesia, kapasitas data center yang telah beroperasi mencapai sekitar 450 MW. Tingkat okupansi mencapai sekitar 70 persen di daerah CBD Jakarta dan sekitarnya serta sekitar 80 persen di kawasan Cikarang, Karawang, dan bagian timur Jakarta.
Farazia mengatakan pertumbuhan permintaan pusat data membuat kesiapan infrastruktur menjadi salah satu faktor penting dalam pengembangan industri tersebut di Indonesia.
Selain listrik, ia menyebut pengembang juga perlu memastikan ketersediaan air bersih dan lahan yang memadai untuk mengakomodasi kebutuhan fasilitas data center yang semakin besar.

Pemerintah terus mendorong pengembangan pusat data untuk mendukung pertumbuhan ekonomi digital.
Menteri Koordinator Bidang Perekonomian Airlangga Hartarto menilai Indonesia memiliki sejumlah keunggulan untuk mengembangkan industri tersebut, antara lain ketersediaan lahan, harga energi yang kompetitif, serta sumber energi domestik yang beragam seperti panas bumi, tenaga surya, dan tenaga air.
Pemerintah juga menyiapkan infrastruktur pendukung guna memastikan ketersediaan energi yang andal bagi pengembangan pusat data di berbagai wilayah Indonesia.
Sejalan dengan itu, perkembangan pusat data menjadi salah satu peluang investasi yang dinilai menjanjikan.
Badan Koordinasi Penanaman Modal (BKPM) mengutip Mordor Intelligence menyebut nilai pasar pusat data Indonesia mencapai sekitar 1,44 miliar dolar Amerika Serikat (AS) pada 2025 dan diperkirakan meningkat menjadi 1,83 miliar dolar AS pada 2026.
Nilai tersebut diproyeksikan terus tumbuh menjadi 3,48 miliar dolar AS pada 2031, dengan laju pertumbuhan tahunan majemuk (compound annual growth rate/CAGR) sebesar 13,71 persen.

Baca juga: TrendAI bangun pusat data lokal dukung keamanan siber
Baca juga: Kemkomdigi perkuat kedaulatan digital lewat tiga agenda prioritas
Pewarta: Shofi Ayudiana Editor: Budisantoso Budiman Copyright © ANTARA 2026
Dilarang keras mengambil konten, melakukan crawling atau pengindeksan otomatis untuk AI di situs web ini tanpa izin tertulis dari Kantor Berita ANTARA.",https://img.antaranews.com/cache/1200x800/2026/08/18/tempImagejqDWQZ.jpg
DTI-CX wadah wujudkan konektivitas digital untuk Indonesia berdaulat,6 Agustus 2026,Para pelaku industri hingga perwakilan pemerintah menjadikan Digital Transformation Indonesia Conference & Expo ...,https://www.antaranews.com/berita/5682168/dti-cx-wadah-wujudkan-konektivitas-digital-untuk-indonesia-berdaulat,ANTARA,Data Center di Indonesia,2026-10-05 01:48:23,"Jakarta (ANTARA) - Para pelaku industri hingga perwakilan pemerintah menjadikan Digital Transformation Indonesia Conference & Expo (DTI-CX 2026) sebagai wadah untuk mewujudkan komitmen menghadirkan konektivitas digital yang dapat menciptakan Indonesia berdaulat.
Hal ini senada dengan tema yang diangkat ""Konektivitas Digital untuk Indonesia Berdaulat"" dengan tujuan memperkuat komitmen ekosistem konektivitas digital untuk membangun infrastruktur digital inklusif serta mendorong pemanfaatan teknologi sebagai fondasi kemandirian dan daya saing bangsa.
""Kita butuh teknologi yang inovatif, aman, dan bertanggung jawab. Semua investasi ini seharusnya menjadikan satu tujuan. Hadirnya DTI Series 2026, untuk memastikan teknologi ini tidak hanya menghubungkan Indonesia, tapi juga untuk melindungi hak mereka dan memperkuat masa depan,"" kata Direktur Jenderal Ekosistem Digital Kementerian Komunikasi dan Digital (Kemkomdigi) Edwin Hidayat Abdullah dalam keterangannya yang diterima di Jakarta, Kamis.
Baca juga: Pemerintah tegaskan transformasi digital fondasi pertumbuhan ekonomi
Kegiatan ini merupakan bentuk nyata kolaborasi ekosistem digital Indonesia mulai dari Kemkomdigi, Badan Siber dan Sandi Negara (BSSN), Masyarakat Telematika Indonesia (Mastel), Asosiasi Penyelenggara Jasa Internet Indonesia (APJII), Asosiasi Penylenggara Data Center Indonesia (IDPRO), hingga Perkumpulan Manajemen Sumberdaya Manusia Indonesia (PMSM).

Di dalam DTI-CX 2026 yang berlangsung mulai 5-6 Agustus 2026 di Jakarta International Convention Center, Jakarta Pusat terdapat juga DCTI-CX ( Data Center Tech Indonesia ), DTI-HR ( Human Resource Transformation ), dan CRD-CX ( Cyber Resilience & Defense ).
Semua forum itu bergabung untuk membahas perkembangan dan tantangan transformasi digital Indonesia tidak hanya membahas infrastruktur digital secara fisik tapi juga membahas kecerdasan artifisial (AI), keamanan siber, hingga transformasi SDM untuk menciptakan daya saing di bidang teknologi.
Sebagai perwakilan dari organisasi, Ketua Umum Mastel Sarwoto Atmosutarno mengatakan Indonesia harus mampu membangun ekosistem digital yang tidak hanya berkembang secara teknologi tapi juga memiliki nilai strategis bagi kedaulatan bangsa.
Maka dari itu, konektivitas digital perlu diperkuat kehadirannya mengingat perannya sebagai salah satu hal yang fundamental dalam mewujudkan transformasi digital nasional dan menciptakan ekosistem digital yang sehat.
""Indonesia harus loncat segera ke 5G, Indonesia harus loncat segera ke kripto kuantum, kemudian Indonesia harus loncat juga ke satelit yang non-terrestrial network ,"" kata Sarwoto menyebutkan beragam infrastruktur yang menjadi dasar terciptanya konektivitas digital inklusif.

Baca juga: Kemkomdigi imbau masyarakat cermat periksa konten
Hadirnya DTI-CX 2026 juga bertepatan dengan momentum peringatan Hari Bhakti Postel ke-81 di Indonesia. Harapannya dengan hadirnya wadah kolaborasi ini, maka seluruh bagian ekosistem digital dapat menyamakan persepsi untuk menciptakan konektivitas digital mewujudkan Indonesia berdaulat.
Ketua Pelaksana Hari Bhakti Postel ke-81 Tahun 2026 Theodorus Ardi Hartoko menyampaikan hadirnya DTI-CX 2026 menjadi bukti bahwa seluruh pemangku kepentingan di dalam ekosistem digital Indonesia memiliki cita-cita yang sama yaitu mendukung kemajuan industri telekomunikasi di Indonesia.
Dari sisi industri mereka terus berupaya menghadirkan inovasi dan berbagi pengetahuan untuk mewujudkan penguatan konektivitas digital, sementara dari sisi pemerintah terus mencoba mengakomodasi kebutuhan masyarakat sekaligus ruang untuk para pelaku industri berinovasi.
"" Opportunity for improvement untuk pelaku industri besar sekali, dan kita tidak terlepas dari competitiveness di regional maupun di global,"" kata Theodorus Wintoko.
Baca juga: Pemerintah nyatakan tak ada pembatasan media liput dan wartakan demo

Baca juga: Kemkomdigi: Penanganan radikalisasi di ruang digital perlu kolaborasi
Pewarta: Livia Kristianti Editor: Mahmudah Copyright © ANTARA 2026
Dilarang keras mengambil konten, melakukan crawling atau pengindeksan otomatis untuk AI di situs web ini tanpa izin tertulis dari Kantor Berita ANTARA.",https://img.antaranews.com/cache/1200x800/2026/08/06/IMG-20260805-WA0357.jpg
"PGE pacu potensi pemanfaatan panas bumi untuk ""green data center""",4 Agustus 2026,PT Pertamina Geothermal Energy (PGE) siap mengakselerasi potensi pemanfaatan energi panas bumi (geothermal) dalam ...,https://www.antaranews.com/berita/5679309/pge-pacu-potensi-pemanfaatan-panas-bumi-untuk-green-data-center,ANTARA,Data Center di Indonesia,2026-10-05 01:48:23,"Jakarta (ANTARA) - PT Pertamina Geothermal Energy (PGE) siap mengakselerasi potensi pemanfaatan energi panas bumi ( geothermal ) dalam pengembangan pusat data hijau ( green data center ) di Indonesia.
“Kita sedang berupaya, ini salah satu upaya kita bagaimana mengakselerasi potensi-potensi panas bumi. Jadi bukan kita terjun ke bisnis data center, tapi kita support di sisi energinya,” kata Direktur Utama PGE Ahmad Yani saat ditemui di sela temu media di Jakarta, Selasa.
Pengembangan data center berbasis panas bumi, lanjut dia, merupakan langkah strategis untuk menghadirkan infrastruktur digital yang efisien, andal, dan beremisi rendah, sekaligus memperkuat posisi Indonesia dalam ekonomi digital global.
Melalui inisiatif ini, PGE mengambil peran lebih besar dalam memastikan percepatan transformasi digital nasional berjalan selaras dengan komitmen menuju ekonomi rendah karbon.
“Energi (panas bumi) yang bersih yang bisa kita manfaatkan untuk pengembangan data center, untuk support data center . Kita sudah tahu bahwasannya, geothermal itu baseload green energy, ini kan sangat bisa jalan dengan bisnis data center ke depan, yang fokus kepada green (energy) ,” ujar Ahmad Yani.

Mengutip catatan PGE, berdasarkan proyeksi pertumbuhan konsumsi kelistrikan di industri, hampir 26 persen didorong oleh pertumbuhan data center.
Kapasitas data center nasional diproyeksikan naik dari 520 megawatt (MW) pada 2025 menjadi 1,8 gigawatt (GW) pada 2030.
Hal ini pun membuka peluang bagi PGE untuk terlibat lebih jauh dalam sektor digital rendah karbon dan memastikan bahwa pertumbuhan digital Indonesia dibangun dengan bertanggung jawab serta berkelanjutan.
Di sisi lain, Ahmad Yani mengatakan perusahaan terbuka untuk berdiskusi dengan para pelaku di sektor pusat data yang tertarik dengan potensi pemanfaatan panas bumi dan pembangunan ekosistem pusat data hijau.
“Kita terbuka, semua perusahaan-perusahaan data center yang suka green pasti ada bertemu dengan kita. Semua perusahaan yang ada, kita terbuka untuk melakukan kerja sama, peluang-peluang. Kita akan juga (membahas) bagaimana kita membangun ekosistem,” kata Ahmad Yani.

“Kita meyakinkan para pihak, green baseload energy , kita bisa support , sehingga dengan demikian, akan terbentuk ekosistem. Kita buat ekosistem data center yang bisa support green energy dari geothermal ,” ujarnya menambahkan.

Baca juga: Energi hijau untuk pusat data hijau nasional

Baca juga: Menko Airlangga gandeng Singapura dan Malaysia kembangkan data center

Pewarta: Arnidhya Nur Zhafira Editor: Evi Ratnawati Copyright © ANTARA 2026
Dilarang keras mengambil konten, melakukan crawling atau pengindeksan otomatis untuk AI di situs web ini tanpa izin tertulis dari Kantor Berita ANTARA.",https://img.antaranews.com/cache/1200x800/2026/08/04/IMG_0376.jpeg
"Kemarin, pembelian saham oleh Danantara hingga peluang investasi di RI",24 Juli 2026,"Berita seputar isu ekonomi kemarin, masih menarik untuk disimak pada hari ini, Jumat. Seperti pembelian saham oleh ...",https://www.antaranews.com/berita/5663611/kemarin-pembelian-saham-oleh-danantara-hingga-peluang-investasi-di-ri,ANTARA,Data Center di Indonesia,2026-10-05 01:48:23,"Jakarta (ANTARA) - Berita seputar isu ekonomi kemarin, masih menarik untuk disimak pada hari ini, Jumat. Seperti pembelian saham oleh Danantara hingga peluang investasi pusat data ( data center ) di Indonesia.
Berikut ikhtisar beritanya:
Danantara ambil alih 4 manajer investasi BUMN total AUM Rp170 triliun
Danantara Indonesia melalui PT Danantara Asset Management (DAM) resmi menandatangani Share Purchase Agreement (SPA) atau Perjanjian Pembelian Saham atas saham PT Mandiri Manajemen Investasi (MMI), PT BRI Manajemen Investasi (BRI MI), PT BNI Asset Management (BNI AM), dan PT PNM Investment Management (PNM IM).
Penandatanganan menandai beralihnya pengendalian empat perusahaan manajer investasi BUMN kepada DAM, yang secara kolektif mencatatkan dana kelolaan atau Asset Under Management (AUM) lebih dari Rp170 triliun per Juni 2026.

Baca selengkapnya
Laba konsolidasi Bank Mandiri Rp30,4 T per Juni, tumbuh 24,4 persen
PT Bank Mandiri (Persero) Tbk (kode saham: BMRI) membukukan laba bersih konsolidasi sebesar Rp30,4 triliun per akhir Juni 2026 atau tumbuh 24,4 persen secara tahunan (year on year/yoy).
Adapun laba bersih secara bank only tercatat sebesar Rp28,5 triliun per akhir Juni 2026, tumbuh 25 persen (yoy) dari periode yang sama tahun sebelumnya yang sebesar Rp22,8 triliun.
Baca selengkapnya

Purbaya sebut Panda Bond bantu kurangi ketergantungan dolar
Menteri Keuangan Purbaya Yudhi Sadewa menyebut penerbitan Panda Bond senilai sekitar 1 miliar dolar AS menjadi bagian dari strategi pemerintah untuk mendiversifikasi sumber pendanaan sekaligus mengurangi ketergantungan terhadap dolar AS.
""Ini kan diversifikasi sumber pendanaan kita. Kan sebelumnya kalau global hanya dolar, kita diversifikasi ke Jepang maupun ke Australia, dan di China,"" kata Purbaya di Kompleks Istana Kepresidenan, Jakarta, Kamis.
Baca selengkapnya
Kemenperin minta industri kooperatif sukseskan Sensus Ekonomi
Kementerian Perindustrian (Kemenperin) meminta pelaku industri untuk bersikap kooperatif dalam mendukung pelaksanaan Sensus Ekonomi 2026 yang diselenggarakan oleh Badan Pusat Statistik (BPS).

Kemenperin menilai keterbukaan industri dalam memberikan data yang valid dan akurat menjadi fondasi penting dalam penyusunan kebijakan yang optimal bagi industri nasional.
Baca selengkapnya
RI tawarkan peluang investasi data center kepada pelaku usaha China
Kementerian Investasi dan Hilirisasi/Badan Koordinasi Penanaman Modal (BKPM) menawarkan peluang investasi pusat data (data center) di Indonesia kepada investor China dalam forum bisnis Indonesia-China Partnership Forum di Jakarta, Kamis.
Deputi Bidang Pelayanan Penanaman Modal Kementerian Investasi dan Hilirisasi/BKPM Andi Maulana mengatakan perkembangan data center menjadi salah satu peluang investasi yang menjanjikan karena didukung pertumbuhan ekonomi digital Indonesia yang termasuk tercepat di Asia Tenggara.

Baca selengkapnya
Pewarta: Ahmad Muzdaffar Fauzan Editor: Evi Ratnawati Copyright © ANTARA 2026
Dilarang keras mengambil konten, melakukan crawling atau pengindeksan otomatis untuk AI di situs web ini tanpa izin tertulis dari Kantor Berita ANTARA.",https://img.antaranews.com/cache/1200x800/2026/07/23/WhatsApp-Image-2026-07-23-at-16.16.08.jpeg
RI tawarkan peluang investasi data center kepada pelaku usaha China,23 Juli 2026,Kementerian Investasi dan Hilirisasi/Badan Koordinasi Penanaman Modal (BKPM) menawarkan peluang investasi pusat data ...,https://www.antaranews.com/berita/5662517/ri-tawarkan-peluang-investasi-data-center-kepada-pelaku-usaha-china,ANTARA,Data Center di Indonesia,2026-10-05 01:48:23,"Jakarta (ANTARA) - Kementerian Investasi dan Hilirisasi/Badan Koordinasi Penanaman Modal (BKPM) menawarkan peluang investasi pusat data ( data center ) di Indonesia kepada investor China dalam forum bisnis Indonesia-China Partnership Forum di Jakarta, Kamis.
Deputi Bidang Pelayanan Penanaman Modal Kementerian Investasi dan Hilirisasi/BKPM Andi Maulana mengatakan perkembangan data center menjadi salah satu peluang investasi yang menjanjikan karena didukung pertumbuhan ekonomi digital Indonesia yang termasuk tercepat di Asia Tenggara.
“Perkembangan data center atau pusat data menjadi salah satu peluang investasi yang sangat menjanjikan,” kata Andi dalam forum bisnis yang dihadiri oleh perwakilan dari 27 perusahaan China itu.
Berdasarkan paparan BKPM yang mengutip Mordor Intelligence, nilai pasar data center Indonesia mencapai sekitar 1,44 miliar dolar AS pada 2025 dan diperkirakan meningkat menjadi 1,83 miliar dolar AS pada 2026.
Baca juga: Airlangga sebut data center jadi kunci pertumbuhan ekonomi 8 persen

Nilai tersebut diproyeksikan terus tumbuh menjadi 3,48 miliar dolar AS pada 2031 dengan laju pertumbuhan tahunan majemuk ( compound annual growth rate/ CAGR) sebesar 13,71 persen.
Sementara itu, nilai pasar data center global diperkirakan meningkat dari 386,71 miliar dolar AS pada 2025 menjadi 684,39 miliar dolar AS pada 2031.
Andi mengatakan prospek tersebut sejalan dengan pertumbuhan ekonomi digital Indonesia yang diproyeksikan memiliki nilai gross merchandise value (GMV) sebesar 180 miliar dolar AS hingga 340 miliar dolar AS pada 2030.
Menurut dia, ekonomi digital tidak lagi sekadar menjadi sektor pendukung, melainkan telah berkembang menjadi salah satu pilar utama pertumbuhan ekonomi nasional yang mendorong transformasi di berbagai sektor.
Pewarta: Shofi Ayudiana Editor: Zaenal Abidin Copyright © ANTARA 2026
Dilarang keras mengambil konten, melakukan crawling atau pengindeksan otomatis untuk AI di situs web ini tanpa izin tertulis dari Kantor Berita ANTARA.",https://img.antaranews.com/cache/1200x800/2026/07/23/IMG_0387_1.jpeg
"Populer, Jampidsus mundur dan Presiden minta pejabat introspeksi diri",11 Juli 2026,"Tim Antara merangkum sejumlah berita unggulan yang sayang dilewatkan pada Sabtu, mulai dari Jaksa Agung Muda Tindak ...",https://www.antaranews.com/berita/5645076/populer-jampidsus-mundur-dan-presiden-minta-pejabat-introspeksi-diri,ANTARA,Data Center di Indonesia,2026-10-05 01:48:25,"Jakarta (ANTARA) - Tim Antara merangkum sejumlah berita unggulan yang sayang dilewatkan pada Sabtu, mulai dari Jaksa Agung Muda Tindak Pidana Khusus (Jampidsus) Febrie Adriansyah mengundurkan diri hingga Presiden Prabowo minta pejabat militer, polisi dan jaksa introspeksi diri.
Berikut daftar beritanya:
1. Jaksa Agung terima pengunduran diri Jampidsus Febrie Adriansyah
Jaksa Agung RI Sanitiar Burhanuddin menerima surat pengunduran diri Febrie Adriansyah dari jabatannya sebagai Jaksa Agung Muda Tindak Pidana Khusus (Jampidsus).
Menurut Kepala Pusat Penerangan Hukum (Kapuspenkum) Kejaksaan Agung Anang Supriatna, pengunduran diri Febrie disebut berkaitan dengan proses hukum yang saat ini sedang ditangani penyidik Polri. Selengkapnya di sini.


2. Prabowo minta pejabat militer, polisi dan jaksa introspeksi diri
Presiden Prabowo Subianto meminta seluruh unsur aparatur negara, mulai dari birokrat, pejabat militer, kepolisian, hingga kejaksaan untuk melakukan introspeksi dalam menjalankan tugas dan tanggung jawab kepada rakyat. Baca beritanya di sini.

3. Airlangga ungkap minat investor bangun data center 1,3 GW di RI

Menteri Koordinator Bidang Perekonomian Airlangga Hartarto mengungkapkan sejumlah investor berminat membangun pusat data (data center) di Indonesia dengan total kapasitas mencapai 1,3 gigawatt (GW). Baca di sini.

4. LPDP harus prioritaskan mahasiswa berprestasi dari keluarga tak mampu
Anggota Komisi E DPRD DKI Jakarta Farah Savira meminta pemerintah provinsi memastikan program beasiswa Lembaga Pengelola Dana Pendidikan (LPDP) DKI memprioritaskan mahasiswa berprestasi dari keluarga kurang mampu. Selengkapnya di sini.

5. Indonesia kantongi kemenangan di laga pembuka Piala AFF Putri 2026

Tim nasional sepak bola putri Indonesia mengantongi kemenangan dengan skor 2-0 atas Timor Leste dalam laga pembuka Grup B Piala AFF Putri 2026 di Stadion Kuala Lumpur, Malaysia. Baca di sini.

Pewarta: Agita Tarigan Editor: Edy Sujatmiko Copyright © ANTARA 2026
Dilarang keras mengambil konten, melakukan crawling atau pengindeksan otomatis untuk AI di situs web ini tanpa izin tertulis dari Kantor Berita ANTARA.",https://img.antaranews.com/cache/1200x800/2026/07/10/Konferensi-pers-Jampidsus-100726-Ada-10.jpg
"Airlangga ungkap minat investor bangun data center 1,3 GW di RI",10 Juli 2026,Menteri Koordinator Bidang Perekonomian Airlangga Hartarto mengungkapkan sejumlah investor berminat membangun pusat ...,https://www.antaranews.com/berita/5644769/airlangga-ungkap-minat-investor-bangun-data-center-13-gw-di-ri,ANTARA,Data Center di Indonesia,2026-10-05 01:48:25,"Jakarta (ANTARA) - Menteri Koordinator Bidang Perekonomian Airlangga Hartarto mengungkapkan sejumlah investor berminat membangun pusat data (data center) di Indonesia dengan total kapasitas mencapai 1,3 gigawatt (GW).
Saat ini, kapasitas data center yang telah beroperasi di Indonesia baru sekitar 580 megawatt (MW). Menurut dia, tambahan investasi untuk proyek tersebut diperkirakan bisa mencapai 15 miliar dolar AS hingga 20 miliar dolar AS.
""Yang sudah itu 580 MW, itu mungkin setara 1 juta dolar AS per MW. Nah, kemudian kalau tambahan lagi sekitar 1,3 GW. Ya ini yang sekarang di Batam itu juga investasinya sekitar 15-20 miliar dolar AS yang sudah on the pipeline ,"" ujar Airlangga di Jakarta, Jumat.
Ia mengatakan salah satu calon investornya adalah raksasa teknologi asal AS, Nvidia yang akan bekerja sama dengan mitra dari Australia.
Baca juga: Airlangga sebut data center jadi kunci pertumbuhan ekonomi 8 persen

""Kemudian ada yang direct perusahaan Telkom sendiri akan invest , kemudian di Karawang ini juga hampir seluruh Big Tech itu akan mengembangkan ekspansi daripada data center , karena sekarang data center ini sangat menjadi kunci untuk AI yang mengandalkan kepada quantum computing ,"" jelasnya.
Di sisi lain, pemerintah juga menyiapkan pengembangan sumber daya manusia (SDM) untuk mendukung pertumbuhan industri digital.
Pemerintah telah menjalin kerja sama dengan perusahaan semikonduktor asal Inggris, Arm Ltd., guna memperkuat sektor hulu industri digital. Melalui kerja sama tersebut, pemerintah menargetkan sekitar 15 ribu insinyur ( engineer ) dapat bergabung dalam ekosistem Arm.
""Ini betul-betul membutuhkan SDM baru. Dan SDM baru ini kemarin kita sudah kerja sama dengan Arm chips. Arm ini juga jadi mitra dari Nvidia. Kita ambil yang paling hulu. Jadi ada kebijakan kita downstreaming mineral tapi ada kebijakan dari digital yang kita naik ke upstream. Diharapkan dengan upstream itu nanti kita turun lagi ke downstream. Tetapi kuncinya ini seluruhnya adalah SDM,"" katanya.
Baca juga: BP: Batam siap jadi pusat infrastruktur kecerdasan buatan skala global

Pewarta: Bayu Saputra Editor: Zaenal Abidin Copyright © ANTARA 2026
Dilarang keras mengambil konten, melakukan crawling atau pengindeksan otomatis untuk AI di situs web ini tanpa izin tertulis dari Kantor Berita ANTARA.",https://img.antaranews.com/cache/1200x800/2026/07/11/a3043d1b-d1c4-4fcd-99e7-ecf5d9504ac4.jpg
PLN siap suplai listrik untuk dukung industri 'data center' nasional,2 Juni 2026,"PT PLN (Persero) menyatakan siap untuk menyuplai listrik guna mendukung industri data center, salah satunya melalui ...",https://www.antaranews.com/berita/5591028/pln-siap-suplai-listrik-untuk-dukung-industri-data-center-nasional,ANTARA,Data Center di Indonesia,2026-10-05 01:48:25,"Jakarta (ANTARA) - PT PLN (Persero) menyatakan siap untuk menyuplai listrik guna mendukung industri data center , salah satunya melalui kerja sama strategis dengan PT Starone Mitra Telekomunikasi (BDx Data Centers).
“Pertumbuhan industri data center di Indonesia, khususnya yang berbasis AI, membutuhkan dukungan listrik yang tidak hanya besar secara kapasitas, tetapi juga andal dan stabil,” ujar Direktur Retail dan Niaga PLN Adi Priyanto dalam keterangan resminya yang dikonfirmasi ANTARA dari Jakarta, Selasa.
Kerja sama strategis antara PLN dengan BDx Data Centers mencakup pengembangan infrastruktur kelistrikan berkapasitas total 1,2 gigawatt (GW) untuk kawasan pusat data ( data center ) berbasis akal imitasi (AI) dan layanan digital di Indonesia.
PLN akan memasok listrik sebesar 788 MVA untuk site CGK4 di Jatiluhur, Jawa Barat pada tahap awal, kemudian dilanjutkan dengan penguatan kapasitas kelistrikan sebesar 60 MVA untuk site CGK3A di Jakarta Selatan dan pengembangan jaringan tegangan tinggi sebesar 385 MVA untuk site CGK5 di Suryacipta, Jawa Barat.
“Kami memahami bahwa kepastian energi adalah jantung dari infrastruktur digital ini. Karena itu, PLN siap memastikan BDx Indonesia dapat berekspansi secara optimal,” ucap Adi.

Penyaluran daya untuk site CGK4 direncanakan dilakukan secara bertahap dalam tiga fase, yakni Tahap I sebesar 2 x 150 MVA, Tahap II meningkat menjadi 2 x 265 MVA, hingga mencapai kapasitas akhir Tahap III sebesar 2 x 380 MVA.
Baca juga: PLN tegaskan tak ada kenaikan tarif listrik
Baca juga: PLN: Kenaikan suhu dan aktivitas di rumah pengaruhi tagihan listrik
Untuk mendukung keandalan pasokan, PLN juga membangun Gardu Induk (GI) 150 kilovolt (kV) Jatiluhur Baru yang akan memasok listrik ke kawasan data center BDx.
“PLN juga telah menyiapkan dua line bay khusus pada Gardu Induk tersebut untuk melayani kebutuhan kelistrikan Site CGK4 secara optimal,” kata Adi.

Lebih lanjut, Adi menjelaskan bahwa sinergi antara PLN dan BDx Indonesia merupakan kemitraan jangka panjang yang signifikan bagi pertumbuhan ekonomi nasional.
Tidak hanya Site CGK4, dalam kesepakatan ini PLN juga telah dipercaya mengamankan pasokan daya untuk fasilitas utama BDx Indonesia lainnya, yakni Site CGK3A di Cilandak, Jakarta Selatan, serta Site CGK5 di kawasan industri Suryacipta.
“Sinergi ini bukan sekadar jual beli listrik, melainkan kolaborasi strategis untuk mendorong pertumbuhan ekonomi nasional melalui investasi di sektor teknologi tinggi. PLN terus bertransformasi menjadi mitra andal bagi seluruh investor digital di tanah air,” kata Adi.
CEO BDx Indonesia Agus Hartono Wijaya menyampaikan apresiasi kepada PLN atas pelayanan yang optimal dalam mendukung operasional infrastruktur pusat data yang identik dengan komputasi berperforma tinggi.
“Kami menyampaikan apresiasi setinggi-tingginya kepada PLN yang selama ini telah menjadi mitra strategis dalam mendukung keandalan operasional fasilitas data center milik BDx Indonesia,” ujar Agus.
Menurut dia, keandalan sistem kelistrikan dan kesiapan infrastruktur PLN memberikan kepastian bagi BDx dalam menjalankan pengembangan kapasitas pusat data secara berkelanjutan di Indonesia.

Baca juga: Wamen ESDM perintahkan PLN seimbangkan suplai pembangkit tiap daerah
Baca juga: BP Batam kawal investasi Rp88 triliun pusat data AI di Batam

Pewarta: Putu Indah Savitri Editor: Agus Salim Copyright © ANTARA 2026
Dilarang keras mengambil konten, melakukan crawling atau pengindeksan otomatis untuk AI di situs web ini tanpa izin tertulis dari Kantor Berita ANTARA.",https://img.antaranews.com/cache/1200x800/2026/06/02/WhatsApp-Image-2026-06-02-at-12.19.54_1.jpeg
Liquid cooling jadi solusi utama data center Indonesia di era AI ‎,20 Mei 2026,‎Kebutuhan data center di Indonesia melonjak drastis seiring pesatnya perkembangan kecerdasan buatan (AI) dan cloud ...,https://www.antaranews.com/berita/5575080/liquid-cooling-jadi-solusi-utama-data-center-indonesia-di-era-ai,ANTARA,Data Center di Indonesia,2026-10-05 01:48:25,"Jakarta (ANTARA) - ‎Kebutuhan data center di Indonesia melonjak drastis seiring pesatnya perkembangan kecerdasan buatan (AI) dan cloud computing, mendorong industri beralih dari teknologi pendingin berbasis udara ke liquid cooling sebagai solusi infrastruktur masa depan.
‎‎""Semua data center itu sudah mengarah ke AI data center. Artinya hampir semua data center akan berubah infrastrukturnya dari yang tadinya air cooled sekarang jadi liquid cooled,"" kata Business VP Data Center Schneider Electric Indonesia Ellya Cen dalam Media Masterclass bertema Liquid Cooling & Next-Gen Data Center Infrastructure di Jakarta, Rabu.
‎‎Pergeseran itu tak lepas dari lonjakan kebutuhan daya komputasi yang luar biasa. Kebutuhan daya per rak server terus meningkat drastis seiring hadirnya chip-chip AI generasi terbaru yang semakin padat dan panas.
‎‎""Yang tadinya 3 kilowatt jadi 120 kilowatt. Dan tahun ini kuartal ketiga akan keluar Rubin server, satu raknya itu 600 kilowatt,"" kata Ketua IDPRO Hendra Suryakusuma.
‎‎Lonjakan panas itulah yang membuat pendingin udara konvensional tidak lagi memadai, 70 persen panas di data center bersumber dari server, sehingga mendinginkan seluruh ruangan menjadi cara yang tidak efisien.

Baca juga: Pemerintah siapkan pemerataan pusat data ke Timur Indonesia
‎‎Liquid cooling bekerja dengan mengalirkan campuran air dan glikol langsung ke chip server melalui sistem yang dikenal sebagai direct to chip. Dengan kapasitas hingga 2,3 megawatt per unit, teknologi ini jauh melampaui pendingin udara konvensional yang paling besar hanya mampu menangani 500 kilowatt.
‎‎""Liquid cooling ini menjadi sesuatu yang sangat penting, karena untuk load per rak itu sudah luar biasa meningkat dibandingkan zaman dahulu yang mungkin cuma 13 kilowatt, sekarang sudah lebih dari 130 bahkan nanti mau lebih lagi,"" ujar Ellya.
‎‎Pertumbuhan industri data center Indonesia sendiri mencerminkan besarnya kebutuhan tersebut. IDPRO yang berdiri pada 2016 hanya mengelola 32 megawatt dari 5 anggota, kini telah berkembang menjadi 21 anggota dengan kapasitas operasional sekitar 520 megawatt.
‎‎Secara nasional, total kapasitas terpasang Indonesia sudah melampaui 600 megawatt dan diproyeksikan mencapai 1,6 gigawatt pada akhir 2026. Potensi ini didukung oleh proyeksi internet economy Indonesia yang diperkirakan mencapai 350 miliar dolar pada 2030, menjadikannya yang terbesar di Asia Tenggara.

‎‎Derasnya investasi global turut mendorong ekspansi ini. Posisi geopolitik Indonesia yang stabil membuat banyak investor mengalihkan perhatian ke Indonesia, termasuk sejumlah pemain besar yang menaikkan komitmen investasinya secara signifikan. IDPRO sendiri aktif terlibat dalam pembentukan white paper AI dan green data center sebagai upaya menyiapkan standar industri menghadapi pesatnya pembangunan data center berbasis AI ke depan.
‎‎Di tengah pesatnya pertumbuhan itu, Schneider Electric menegaskan kesiapannya dengan mengakuisisi Motivair, merek liquid cooling asal Amerika Serikat yang mensuplai pendingin untuk 6 dari 10 superkomputer tercepat di dunia.
‎‎Perusahaan mengklaim 95 persen kebutuhan hyperscale data center dapat disuplai penuh, mulai dari sistem kelistrikan, mekanikal, perangkat lunak, hingga liquid cooling, termasuk ketersediaan engineer lokal yang telah tersertifikasi.
Baca juga: DCI nilai lonjakan AI global buka ruang ekspansi bagi data center RI
Baca juga: Pembangunan data center SMX01 Jakarta ditarget rampung pada kuartal IV
Baca juga: BP Batam dukung pengembangan proyek pusat data skala besar

Pewarta: Ida Nurcahyani/Niswah Qintara Rahmani Editor: Mahmudah Copyright © ANTARA 2026
Dilarang keras mengambil konten, melakukan crawling atau pengindeksan otomatis untuk AI di situs web ini tanpa izin tertulis dari Kantor Berita ANTARA.",https://img.antaranews.com/cache/1200x800/2026/05/20/WhatsApp-Image-2026-05-20-at-2.36.53-PM.jpeg
Kemkomdigi jadikan AI dan 5G akselerator Indonesia Emas 2045,29 April 2026,Kementerian Komunikasi dan Digital (Kemkomdigi) menyebutkan kecerdasan artifisial (Artificial Intelligence) dan ...,https://www.antaranews.com/berita/5547420/kemkomdigi-jadikan-ai-dan-5g-akselerator-indonesia-emas-2045,ANTARA,Data Center di Indonesia,2026-10-05 01:48:25,"Jakarta (ANTARA) - Kementerian Komunikasi dan Digital (Kemkomdigi) menyebutkan kecerdasan artifisial (Artificial Intelligence) dan konektivitas 5G merupakan akselerator transformasi digital yang pertumbuhannya harus dijaga untuk mewujudkan Visi Indonesia Emas 2045.
Direktur Jenderal Infrastruktur Digital Kemkomdigi Wayan Toni Supriyanto mengatakan agar efektif berperan sebagai akselerator, AI dan 5G harus terintegrasi sehingga akses terhadap teknologi terbarukan menjadi lebih terbuka dan memudahkan terciptanya inovasi sebagai solusi negara.
""Integrasi antara 5G dan AI akan melahirkan berbagai model bisnis baru dan mempercepat transformasi digital di sektor publik maupun industri,"" kata Wayan dalam forum diskusi di Jakarta, Rabu.
Wayan mengatakan bahwa konektivitas 5G di era serba digital ini adalah fondasi utama agar teknologi-teknologi lain dapat berkembang.
Baca juga: Kemkomdigi ungkap perkembangan lelang spektrum 700 MHz dan 2,6 GHz

Sejak teknologi ini dikenalkan ke publik, masyarakat mengenal layanan komunikasi berkecepatan tinggi, latensinya rendah, dan sejak kehadirannya beragam inovasi digital baru tumbuh.
Beberapa inovasi yang dimaksud di antaranya bahkan menjadi solusi penting di banyak negara seperti industri 4.0, layanan kesehatan digital, hingga kota cerdas.
Sementara untuk AI, popularitasnya di tengah masyarakat global memang baru berkembang di beberapa tahun terakhir namun teknologi ini terbukti mampu mengelola data sebagai dasar pengambilan keputusan, meningkatkan efisiensi kerja, dan menciptakan solusi nyata khususnya ekosistem digital.
Maka dari itu, sebagai strategi jangka panjang dalam infrastruktur digital ke depannya Kemkomdigi bakal membuat kedua teknologi ini mendapatkan porsi pembangunan yang lebih optimal secara nasional.
Untuk memperluas jangkauan 5G, Kemkomdigi bakal menata dan mengoptimalisasi spektrum frekuensi dengan lebih baik agar konektivitas internet cepat bisa semakin merata.

Kemkomdigi juga berencana memperkuat tata kelola ekosistem pusat data (data center) di Indonesia dengan memastikan para pelaku industri tetap menjaga kedaulatan data nasional.
""Data center bukan lagi sekedar fasilitas penyimpanan data, tetapi telah menjadi tulang punggung ekonomi digital dan fondasi utama bagi pengembangan AI,"" katanya.
Baca juga: Kemkomdigi sebut Wikimedia patuh daftar PSE ikut aturan Indonesia
Tidak berhenti pada pembangunan infrastruktur ke depan, Kemkomdigi juga bakal mendukung penciptaan sumber daya manusia (SDM) unggul untuk menjadi talenta digital.
Menurut Wayan, talenta digital yang disiapkan saat ini bukan lagi terbatas pada kemampuan dapat menggunakan teknologi tapi juga mampu menciptakan inovasi khususnya di bidang AI, data, dan jaringan digital.
""Pemerintah melalui Komdigi terus mendorong berbagai program pengembangan talenta digital melalui pelatihan, reskilling, dan kolaborasi dengan industri, serta institusi pendidikan, Target kita jelas. Indonesia tidak hanya menjadi pengguna teknologi, tapi juga menjadi produsen inovasi digital yang kompetitif di tingkat global,"" kata Wayan.

Harapannya ketika langkah-langkah tersebut dikerjakan secara efektif, Indonesia nantinya tidak hanya akan menjadi pasar digital yang besar tapi juga menjadi pemain utama dalam ekosistem digital global.
Hal ini sejalan dengan Visi Indonesia Emas 2045 yang mencita-citakan Indonesia sebagai negara maju dengan ekonomi yang kuat, inklusif, serta berkelanjutan.
Baca juga: Kemkomdigi: 6 Juni batas akhir PSE lapor evaluasi mandiri PP Tunas
Baca juga: Kemkomdigi ingatkan masyarakat berhati-hati saat bertransaksi digital
Baca juga: Kemkomdigi berupaya tingkatkan tata kelola pengamanan data

Pewarta: Livia Kristianti Editor: Mahmudah Copyright © ANTARA 2026
Dilarang keras mengambil konten, melakukan crawling atau pengindeksan otomatis untuk AI di situs web ini tanpa izin tertulis dari Kantor Berita ANTARA.",https://img.antaranews.com/cache/1200x800/2026/04/29/IMG-20260429-WA0039.jpg
RI dorong KEK sebagai salah satu penunjang pertumbuhan ekonomi baru,28 April 2026,Pemerintah mendorong Kawasan Ekonomi Khusus (KEK) sebagai salah satu penunjang pertumbuhan ekonomi yang baru.        ...,https://www.antaranews.com/berita/5545791/ri-dorong-kek-sebagai-salah-satu-penunjang-pertumbuhan-ekonomi-baru,ANTARA,Data Center di Indonesia,2026-10-05 01:48:25,"Jakarta (ANTARA) - Pemerintah mendorong Kawasan Ekonomi Khusus (KEK) sebagai salah satu penunjang pertumbuhan ekonomi yang baru.

Hal tersebut ditempuh melalui percepatan industrialisasi, peningkatan nilai tambah, dan penguatan struktur ekonomi di berbagai wilayah.
“Setiap kementerian/lembaga diharapkan berperan aktif dalam meningkatkan potensi investasi yang masuk ke KEK, melalui upaya percepatan pembangunan infrastruktur wilayah, serta penyederhanaan dan percepatan perizinan berusaha,” kata Menteri Koordinator Bidang Perekonomian Airlangga Hartarto dalam keterangan resmi yang diterima di Jakarta, Selasa.
Sebagaimana diketahui, realisasi pertumbuhan investasi di triwulan I 2026 mencapai Rp498,79 triliun atau tumbuh 7,22 persen secara tahunan (yoy). Disusul oleh penyerapan tenaga kerja sebanyak 706.569 orang atau naik 18,93 persen (yoy).

Dari keseluruhan investasi, sektor hilirisasi tetap menjadi kontributor terbesar dengan angka 30 persen dari total investasi.
Lebih lanjut, Airlangga mencontohkan kebutuhan adanya pusat data ( data center) di Indonesia dalam era kecerdasan artifisial (AI) dan quantum computing seperti sekarang ini.
Terdapat dua lokasi KEK yang dapat menjadi landing point dalam pembangunan data center di Indonesia yaitu Batam dan Bitung.
“Jadi data center ini adalah salah satu peluang. Oleh karena itu, kami minta kepada BUPP untuk terus memonitor, dan juga karena Pak Presiden Prabowo pernah mengatakan bahwa kita perlu fine tuning KEK-KEK yang sudah ada dengan fasilitasnya,” ujar Airlangga.
“Kita akan lanjutkan KEK-KEK yang betul-betul bisa beroperasi penuh dalam waktu 3-4 tahun ke depan sehingga betul-betul menunjang pertumbuhan ekonomi,” katanya menjelaskan.

Pada 23 April lalu, Kemenko Perekonomian telah melaksanakan High-Level Roundtable Discussion Link and Match Pelatihan dan Penempatan Tenaga Kerja di KEK bersama Menteri Ketenagakerjaan.
Setiap BUPP didorong untuk mengoptimalkan kerja sama dengan Kementerian Ketenagakerjaan, khususnya dalam mengidentifikasi serta menyampaikan kebutuhan tenaga kerja di masing-masing KEK, untuk kemudian ditindaklanjuti dengan pelaksanaan pelatihan vokasi yang tepat sasaran.
“Saya berharap hasil Rapat Kerja Nasional KEK yang akan berlangsung dalam dua hari ke depan ini dapat menuntaskan upaya debottlenecking berbagai isu yang saat ini dihadapi, sehingga pelaksanaan program dan kegiatan usaha di KEK dapat berjalan lebih optimal,” kata Menko Airlangga.
Pewarta: Bayu Saputra Editor: Virna P Setyorini Copyright © ANTARA 2026
Dilarang keras mengambil konten, melakukan crawling atau pengindeksan otomatis untuk AI di situs web ini tanpa izin tertulis dari Kantor Berita ANTARA.",https://img.antaranews.com/cache/1200x800/2026/04/28/IMG_0231.jpeg
PLN siap pasok 511 MVA listrik untuk data center di Indonesia,27 April 2026,PT PLN (Persero) siap memasok listrik dengan kapasitas sebesar 511 megavolt ampere (MVA) untuk proyek data center atau ...,https://www.antaranews.com/berita/5543737/pln-siap-pasok-511-mva-listrik-untuk-data-center-di-indonesia,ANTARA,Data Center di Indonesia,2026-10-05 01:48:25,"Jakarta (ANTARA) - PT PLN (Persero) siap memasok listrik dengan kapasitas sebesar 511 megavolt ampere (MVA) untuk proyek data center atau pusat data global PT Digitalland Service One (DayOne) di kawasan industri Kabil Industrial Estate, Batam, Kepulauan Riau.
“Listrik merupakan penggerak utama ekonomi. Dengan infrastruktur kelistrikan yang kuat dan andal tidak hanya menjaga keberlangsungan aktivitas industri, tetapi juga menciptakan iklim yang kondusif bagi investasi serta membuka lebih banyak lapangan kerja,” tutur Direktur Utama PLN Darmawan Prasodjo dalam keterangan resminya yang diterima di Jakarta, Senin.
Darmawan menyampaikan penyediaan listrik yang andal dan terjangkau merupakan fondasi penting dalam mendorong keberlanjutan dan pertumbuhan industri.
Langkah ini tidak hanya menghadirkan pasokan energi, tetapi juga menciptakan multiplier effect yang akan mendorong pertumbuhan ekonomi nasional.
Komitmen tersebut tercermin melalui penandatanganan Perjanjian Jual Beli Tenaga Listrik (PJBTL) dengan kapasitas terbesar untuk data center di Indonesia hingga saat ini, yakni 511 megavolt ampere (MVA).

Sejalan dengan itu, Direktur Utama PT PLN Batam Kwin Fo menyatakan bahwa sistem kelistrikan PLN Batam siap melayani pelanggan skala besar seperti DayOne. Kesiapan ini didukung oleh kecukupan pasokan, keandalan sistem, serta kualitas layanan yang terjaga.
“Kami berharap kerja sama ini memberikan manfaat bagi semua pihak serta berkontribusi nyata terhadap pertumbuhan ekonomi daerah dan peningkatan iklim investasi di Batam. Kami berkomitmen menjaga keandalan pasokan dan kualitas layanan kelistrikan guna mendukung kebutuhan industri secara berkelanjutan,” kata Kwin Fo.
Chief Executive Officer (CEO) DayOne Jamie Khoo menyatakan ekspansi perusahaan di wilayah Batam merupakan bagian dari strategi untuk memperluas kapasitas dan membangun platform infrastruktur digital regional di Asia.
“Ekspansi ini menjadi tonggak penting dalam strategi kami untuk membangun salah satu platform infrastruktur digital terdepan di Asia. Pengembangan yang dilakukan secara berkelanjutan di Batam, mulai dari (kawasan industri) Nongsa hingga (kawasan industri) Kabil, mencerminkan semakin strategisnya peran Batam dalam ekosistem regional perusahaan,” kata Jamie.
Ia menjelaskan bahwa hal ini juga menjadi bagian dari langkah perusahaan untuk pengembangan model Singapura, Johor, dan Riau (SIJORI) sebagai platform pusat data lintas negara yang terintegrasi di kawasan Asia Tenggara.

“Seiring dengan perluasan pengembangan di Batam, kami terus meningkatkan kapasitas untuk menghadirkan layanan data center berskala besar dan berkinerja tinggi guna menjawab kebutuhan cloud dan komputasi canggih yang terus tumbuh di Asia Pasifik,” kata Jamie.

Baca juga: BP Batam dukung pengembangan proyek pusat data skala besar
Baca juga: PLN terbitkan sertifikat energi terbarukan ke perusahaan pusat data
Baca juga: PLN akan suplai listrik untuk pengembangan pusat data di Kota Deltamas

Pewarta: Putu Indah Savitri Editor: Faisal Yunianto Copyright © ANTARA 2026
Dilarang keras mengambil konten, melakukan crawling atau pengindeksan otomatis untuk AI di situs web ini tanpa izin tertulis dari Kantor Berita ANTARA.",https://img.antaranews.com/cache/1200x800/2026/04/27/WhatsApp-Image-2026-04-26-at-17.11.17.jpeg
DAMAC Digital hadirkan data center dukung RI jadi kekuatan digital,13 Maret 2026,Perusahaan infrastruktur digital global DAMAC Digital menghadirkan data center di Jakarta dalam rangka mendukung ...,https://www.antaranews.com/berita/5472734/damac-digital-hadirkan-data-center-dukung-ri-jadi-kekuatan-digital,ANTARA,Data Center di Indonesia,2026-10-05 01:48:25,"Jakarta (ANTARA) - Perusahaan infrastruktur digital global DAMAC Digital menghadirkan data center di Jakarta dalam rangka mendukung Indonesia sebagai kekuatan digital baru Asia.
Pendiri DAMAC Digital Hussain Sajwani mengatakan DAMAC Digital menunjukkan dukungannya untuk mewujudkan impian Indonesia menjadi kekuatan digital baru di Asia. Dukungan itu ditandai dengan dilakukannya proses tutup atap ( topping off) pada kuartal pertama 2026.
“Fase pertama dijadwalkan selesai pada kuartal ketiga tahun 2026, sekaligus juga menjadi bukti kami memperkuat jejak portfolio DAMAC Digital di seluruh wilayah Asia Tenggara,” kata Hussain Sajwani dalam keterangannya di Jakarta, Jumat.
Infrastruktur ini dirancang sebagai pusat data pertama di Indonesia dengan nama JKT01 – Jakarta Central. Bangunan yang didirikan dengan total nilai investasi sebesar 150 juta dolar AS (sekitar Rp 2,3 triliun) ini diharapkan sudah bisa dioperasionalisasikan pada tahun ini.
Hussain Sajwani menjelaskan proses topping off pusat data JKT01 – Jakarta Central ini menjadi pencapaian penting terhadap rampungnya struktur utama bangunan yang berada di lokasi MT Haryono, Jakarta. Ia mengatakan proses yang telah dilakukan ini menjadi progres dari fase konstruksi yang signifikan dibangun hanya dalam waktu enam bulan sejak tahap groundbreaking pada Agustus 2025.

Lebih lanjut dirinya menyampaikan topping off ini dapat juga dilihat sebagai salah satu keberhasilan dalam membangun struktur utama dan fondasi operasional data center di Jakarta. Momen ini, kata dia, menjadi bukti dedikasi dan kolaborasi tim dalam menghadirkan standar kualitas terbaik.
Ia juga menegaskan komitmen untuk memastikan penyelesaian proyek ini terus berjalan lancar demi menghadirkan manfaat berkelanjutan dan memberikan nilai tambah bagi seluruh mitra bisnis dan pemangku kepentingan di Indonesia.
“Milestone konstruksi ini menonjolkan keunggulan engineering dan strategi jangka panjang kami. Dengan infrastruktur yang scalable , kami siap mendukung tujuan Indonesia menjadi salah satu negara dengan kekuatan digital baru di Asia,” ujarnya.
Hussain Sajwani juga menegaskan hadirnya proyek ini menjadi visi perusahaan untuk dapat memperkuat ekosistem ekonomi digital di Indonesia.
“Kami senang melihat kemajuan pesat pembangunan ini yang berhasil rampung dalam waktu singkat guna memenuhi kebutuhan data center generasi terbaru,” katanya.

Sebagaimana diketahui rencana pembangunan Jakarta Data Center (JKT-01) ini kali pertama diumumkan pada tahun 2024. Total nilai investasi yang dikucurkan sebesar 150 juta dolar AS (sekitar Rp 2,3 triliun).
“Pemilihan lokasi di kawasan MT Haryono ini memiliki pertimbangan strategis bahwa daerah ini berada di dalam klaster pusat data yang paling terkoneksi dan bisa menjadi pusat hub data di wilayah Jakarta,” kata Hussain Sajwani.
Bangunan JKT-01 ini hadir dengan fasilitas setinggi enam lantai yang berada di atas lahan dengan luas 3.600 meter persegi dan bangunan seluas 15.080 meter persegi. Nantinya Nantinya bangunan ini akan mendistribusikan daya sebesar 19.2 MW.
“JKT-01 akan memiliki tiga ruang data ( data hall ) seluas masing-masing sekitar 760 meter persegi yang khusus dirancang untuk memberikan efisiensi energi, mendukung operasional berkelanjutan, dan selaras dengan standar global pusat data ramah lingkungan ( green data center ),” kata Hussain Sajwani.
Dia menambahkan kehadiran JKT-01 diproyeksikan dapat menjawab permintaan yang terus meningkat dari Penyedia Layanan Cloud (CSP) dan penyebaran edge computing . Fase pertama dijadwalkan selesai pada kuartal ketiga tahun 2026.
“Fase ini menjadi bukti terhadap jejak portfolio DAMAC Digital di seluruh wilayah Asia Tenggara, dan itu dimulai dari Jakarta,” ujarnya.

Pewarta: Suharsana Aji Sasra J C Editor: Evi Ratnawati Copyright © ANTARA 2026
Dilarang keras mengambil konten, melakukan crawling atau pengindeksan otomatis untuk AI di situs web ini tanpa izin tertulis dari Kantor Berita ANTARA.",https://img.antaranews.com/cache/1200x800/2026/03/13/683.jpg
Industri Data Center Indonesia Diprediksi Terus Tumbuh Seiring Lonjakan Pemanfaatan AI,5 Desember 2025,Jakarta (ANTARA) – Pasar industri pusat data (data center) di Indonesia diproyeksikan terus tumbuh pesat seiring ...,https://www.antaranews.com/berita/5289427/industri-data-center-indonesia-diprediksi-terus-tumbuh-seiring-lonjakan-pemanfaatan-ai,ANTARA,Data Center di Indonesia,2026-10-05 01:48:25,"Jakarta (ANTARA) – Pasar industri pusat data ( data center ) di Indonesia diproyeksikan terus tumbuh pesat seiring meningkatnya penggunaan internet dan teknologi Artificial Intelligence (AI). Lonjakan tersebut mendorong kebutuhan terhadap infrastruktur penyimpanan data yang aman, andal, dan berkapasitas besar.
Sekretaris Jenderal Asosiasi Pengusaha Teknologi Informasi dan Komunikasi Nasional (APTIKNAS), Fanky Christian, mengatakan bahwa perkembangan AI menjadi faktor pendorong utama meningkatnya permintaan data center di Indonesia.
“Potensi pasar data center ini sangat besar. Apalagi dengan penggunaan AI yang semakin masif. AI telah men- trigger banyak hal, salah satunya kebutuhan data center,” ujar Fanky dalam diskusi DTC Summit 2025: Let’s Connect and Beyond di Jakarta, Selasa.
Fanky menambahkan, biaya deployment data center untuk kebutuhan AI diperkirakan mencapai US$23,3 miliar pada 2024. Nilai tersebut disebut sebagai peluang investasi besar apabila masuk ke Indonesia.
Indonesia dinilai berpotensi menjadi pemain utama industri data center di kawasan Asia Tenggara. Selain pertumbuhan ekonomi digital, regulasi seperti Undang-Undang Nomor 27 Tahun 2022 tentang Pelindungan Data Pribadi (UU PDP) serta Peraturan Pemerintah Nomor 71 Tahun 2019 dipandang mendukung pengembangan ekosistem tersebut.

Menurut Fanky, regulasi yang kuat akan mengarah pada kedaulatan data, di mana pusat data harus berada di dalam negeri. Hal ini dinilai menjadi peluang besar bagi pengembangan infrastruktur, perangkat, dan sistem operasi yang mendukung data center lokal maupun global.
“Ini tantangan sekaligus peluang, terutama dari sisi infrastruktur dan perangkat. Selain itu, regulasi juga harus mendukung, termasuk bagi industri lokal,” ujarnya.
Presiden Direktur DTC Netconnect (PT Adhitya Mandiri Pratama), Conny Dewi Purnamawaty, menilai bahwa pusat data akan terus berkembang sejalan dengan kemajuan teknologi. Di era AI, pelaku industri harus menyiapkan data center yang mampu mendukung kebutuhan komputasi tinggi perusahaan.
DTC Netconnect, perusahaan teknologi informasi asal Indonesia, telah mengembangkan produk DTC Smart Series sebagai solusi infrastruktur jaringan data center . Rangkaian produk ini meliputi Smart Rack System, Liquid Cooling System, Modular Smart Containment, Hot & Cold Containment , serta BISOFT: DCIM Monitoring System .
Vice President DTC Netconnect, Endru Ariebowo, menjelaskan bahwa produk-produk DTC Smart Series telah digunakan di berbagai sektor, seperti industri kimia, perbankan dan jasa keuangan, perhotelan, serta perkantoran enterprise .

Pewarta: PR Wire Editor: PR Wire Copyright © ANTARA 2025
Dilarang keras mengambil konten, melakukan crawling atau pengindeksan otomatis untuk AI di situs web ini tanpa izin tertulis dari Kantor Berita ANTARA.",https://img.antaranews.com/cache/1200x800/2025/12/05/WhatsApp-Image-2025-12-05-at-19.54.38.jpeg
Menko Airlangga gandeng Singapura dan Malaysia kembangkan data center,20 November 2025,Menteri Koordinator (Menko) Bidang Perekonomian RI Airlangga Hartarto menggandeng Singapura dan Malaysia untuk ...,https://www.antaranews.com/berita/5255233/menko-airlangga-gandeng-singapura-dan-malaysia-kembangkan-data-center,ANTARA,Data Center di Indonesia,2026-10-05 01:48:25,"Jakarta (ANTARA) - Menteri Koordinator (Menko) Bidang Perekonomian RI Airlangga Hartarto menggandeng Singapura dan Malaysia untuk mengembangkan data center trilateral, untuk menjadi pasar dari Green Super Grid Indonesia.
“Kami sedang membicarakan dengan Singapura dan Malaysia untuk mengembangkan data center trilateral di Indonesia, Singapura, dan Johor,” ujar Airlangga, di Jakarta, Kamis.
Ia menilai terdapat potensi yang bisa dikolaborasikan bersama Singapura dan Malaysia ihwal pembangunan data center tersebut. Tujuannya, ujar Airlangga, adalah untuk berkembang bersama.
Airlangga juga membidik data center trilateral tersebut sebagai pasar untuk Green Super Grid atau jaringan transmisi hijau.
“Kita kan sudah punya MoU suplai energi bersih ke Singapura yang ditandatangani beberapa waktu lalu,” ujar Airlangga pula.

Dalam kesempatan tersebut, Airlangga juga menyampaikan pembangunan Green Super Grid ditargetkan akan meliputi wilayah Sumatera hingga Nusa Tenggara.
Green Super Grid tersebut diharapkan oleh Airlangga dapat terhubung dengan Kepulauan Riau, sehingga Green Super Grid sepanjang 70 ribu km dapat mendukung pengembangan data center regional.
Saat ini, kata dia lagi, data center regional sedang dikembangkan di Batam, Kepulauan Riau.
“Tentu akan kami expand ke Bintan,” kata dia.
Sebelumnya, Kementerian Perencanaan Pembangunan Nasional (PPN)/Badan Perencanaan Pembangunan Nasional (Bappenas) memulai kolaborasi Studi Bersama (Joint Study) untuk pengembangan Green-Enabling Super Grid di Indonesia.

Kesepakatan itu ditandai penandatanganan Pernyataan Bersama (Joint Statement) dengan Sumitomo Corporation, Kansai Electric Power Co Ltd, dan Summit Niaga Indonesia
Inisiatif strategis tersebut bertujuan untuk memperkuat sistem ketenagalistrikan nasional, mempercepat integrasi energi terbarukan, dan mendukung pencapaian target Net Zero Emission (NZE) 2060.
Baca juga: Menkomdigi: Kapasitas pusat data naik 52 persenkurang dari setahun
Baca juga: Iklim investasi dan insentif dorong pertumbuhan industri pusat data
Pewarta: Putu Indah Savitri Editor: Budisantoso Budiman Copyright © ANTARA 2025
Dilarang keras mengambil konten, melakukan crawling atau pengindeksan otomatis untuk AI di situs web ini tanpa izin tertulis dari Kantor Berita ANTARA.",https://img.antaranews.com/cache/1200x800/2025/11/20/IMG_8260.jpg
IEE Series 2025 dorong transformasi industri berkelanjutan,16 September 2025,Indonesia Energy & Engineering (IEE) Series 2025 resmi dibuka di JIExpo Kemayoran dengan mengusung tema ...,https://www.antaranews.com/berita/5111437/iee-series-2025-dorong-transformasi-industri-berkelanjutan,ANTARA,Data Center di Indonesia,2026-10-05 01:48:25,"Jakarta (ANTARA) - Indonesia Energy & Engineering (IEE) Series 2025 resmi dibuka di JIExpo Kemayoran dengan mengusung tema ""Sustainability for Industrial Transformation"" sebagai jawaban atas tantangan pembangunan infrastruktur dan transisi energi nasional.
Ajang yang digelar dua pekan berturut mulai 10 hingga 20 September itu menghadirkan pameran lintas sektor, diskusi, hingga kompetisi dengan melibatkan lebih dari 2.000 perusahaan nasional dan internasional lebih dari 40 negara/negara bagian.
Country Manager Pamerindo Indonesia Lia Indriasari mengatakan IEE Series dirancang sebagai platform kolaborasi multisektor untuk mendorong industri hijau dan memperkuat pembangunan berkelanjutan di Indonesia.
""Melalui inovasi, kolaborasi, dan ruang komunikasi terkait perkembangan teknologi, regulasi, serta isu nasional, kami berharap IEE Series menjadi ajang internasional yang mempertemukan teknologi global dengan kebutuhan pasar di Indonesia,"" kata Lia di Jakarta pada Sabtu (13/9).
Pekan pertama bertajuk Construction & Engineering Week menaungi lima pameran, yakni Construction Indonesia, Concrete Show Southeast Asia, Building Systems & Automation Indonesia, Water Indonesia, serta ADEXCO.

Lebih dari 600 perusahaan memamerkan berbagai inovasi, mulai dari alat berat bertenaga listrik, beton pracetak ramah lingkungan, hingga sistem smart building hemat energi.
Sejumlah kendaraan dan alat berat ramah lingkungan juga ditampilkan di area luar ruangan seluas 26.000 meter persegi, antara lain EV Truck, Electric Wheel Loader, EV Excavator, Hybrid Truck 120 ton, serta truk berbahan bakar biodiesel.
Selain pameran, agenda seminar dan diskusi digelar di tiga panggung tematik yakni Construction Stage, Water Stage, dan ADEXCO Stage yang membahas isu keberlanjutan, percepatan pembangunan infrastruktur, hingga program pemerintah pembangunan tiga juta rumah subsidi.
Pada hari terakhir di pekan pertama pelaksanaannya, penyelenggara juga menggelar IEE Run for Charity yang hasilnya disalurkan sebagai beasiswa bagi mahasiswa bidang energi dan teknik di sejumlah perguruan tinggi.
Rangkaian akan dilanjutkan dengan Energy & Engineering Week pada 17-20 September dengan area pameran lebih luas, yakni 90.000 meter persegi, serta menghadirkan lebih dari 1.300 peserta.

Dua pameran baru turut digelar, yaitu The Battery Show Indonesia dan Data Center Asia-Indonesia, yang melengkapi Mining Indonesia, Oil & Gas Indonesia, serta Electric & Power Indonesia.
""Kolaborasi berbagai pameran di IEE Series merupakan wujud komitmen Indonesia mengambil peran lebih besar dalam ekosistem industri energi global. Partisipasi perusahaan internasional di sini menjadi bukti bahwa Indonesia adalah pasar strategis sekaligus mitra kunci,"" ujar Lia.
IEE Series 2025 terbuka gratis bagi pengunjung dan dapat diakses secara virtual melalui platform resmi .
Baca juga: IEE Series 2025 hadirkan ekosistem inovasi konstruksi berkelanjutan
Baca juga: IEE Series 2025, momentum kuatkan keamanan dan manajemen data
Baca juga: Pertamina pacu transisi energi transportasi dari biofuel hingga SAF

Pewarta: Ida Nurcahyani Editor: Kelik Dewanto Copyright © ANTARA 2025
Dilarang keras mengambil konten, melakukan crawling atau pengindeksan otomatis untuk AI di situs web ini tanpa izin tertulis dari Kantor Berita ANTARA.",https://img.antaranews.com/cache/1200x800/2025/09/16/WhatsApp-Image-2025-09-16-at-8.33.35-AM.jpeg
Iklim investasi dan insentif dorong pertumbuhan industri pusat data,29 Agustus 2025,Direktur Kebijakan dan Strategi Infrastruktur Digital Kementerian Komunikasi dan Digital Denny Setiawan menilai ...,https://www.antaranews.com/berita/5074293/iklim-investasi-dan-insentif-dorong-pertumbuhan-industri-pusat-data,ANTARA,Data Center di Indonesia,2026-10-05 01:48:25,"Jakarta (ANTARA) - Direktur Kebijakan dan Strategi Infrastruktur Digital Kementerian Komunikasi dan Digital Denny Setiawan menilai penciptaan iklim investasi yang mendukung dan pemberian insentif menjadi kunci pertumbuhan ekosistem serta industri pusat data di Indonesia.
“Agar insentif ini efektif, skema yang diterapkan harus disertai dengan kepastian kebijakan jangka panjang untuk meyakinkan investor,” ujar Denny dalam rilis pers acara Focus Group Discussion (FGD) bertajuk Peluang dan Tantangan Bisnis Data Center di Indonesia di Jakarta, Jumat.
Menurut dia, penyedia pusat data maupun pelanggan yang mengimpor perangkat ke pusat data perlu memperoleh insentif pajak agar Indonesia mampu bersaing dengan negara kompetitor di kawasan ASEAN.
Dia menambahkan proses perizinan juga perlu disederhanakan, dengan dukungan perencanaan strategis serta infrastruktur yang memadai.
Denny menekankan pembangunan pusat data baru sebaiknya tidak hanya terpusat di Batam dan Jakarta atau Cikarang, melainkan tersebar di wilayah Barat, Tengah, dan Timur Indonesia.

Lokasi yang dekat dengan titik pendaratan sistem komunikasi kabel laut (SKKL) dinilai lebih ideal karena mampu meminimalisasi latensi data.
“Data yang terintegrasi akan memberikan peta jalan yang lebih terarah untuk pengembangan di masa depan,” kata Denny, seraya menambahkan bahwa penyediaan energi hijau juga menjadi faktor penting untuk menarik investasi pusat data.
Baca juga: Airlangga sebut investasi data center di Nongsa capai 28 juta dolar AS
Sementara itu, Associate Director - Head of Industrial Services Leads Property Esti Susanti menyampaikan lonjakan kebutuhan pusat data hyperscale , komputasi awan ( cloud ), dan kecerdasan buatan (AI) membuat peta industri pusat data di Indonesia berubah dengan cepat.
Menurut dia, perubahan tersebut mendorong Indonesia bertransformasi menjadi hub digital penting di Asia Tenggara.

“Leads Property turut mengiringi perkembangan tersebut dengan membantu menghubungkan kebutuhan investor dengan lahan yang tepat,"" kata Esti.
Chief Cloud Officer Lintasarta Gidion Suranta Barus menambahkan perusahaannya menghadirkan Lintasarta AI Factory dengan GPU Merdeka dan Cloudeka untuk mendukung kebutuhan infrastruktur sovereign AI yang dapat diakses startup, korporasi, maupun lembaga riset dalam negeri.
“Kami berkomitmen memperluas footprint backbone connectivity ke wilayah strategis lain agar pertumbuhan lebih merata,” ujar Gidion.
Sementara itu, Ketua Umum Indonesia Data Center Provider Organization (IDPRO) Hendra Suryakusuma menekankan pentingnya pemerataan pembangunan pusat data, khususnya di kawasan Indonesia Timur yang dinilai masih kekurangan infrastruktur.
“Indonesia Timur memerlukan infrastruktur yang lebih memadai, antara lain pembenahan kabel fiber optik agar lebih baik untuk internet guna menunjang operasional data center,” kata Hendra.
Dia menambahkan kehadiran pusat data semakin krusial di era transformasi digital yang ditandai dengan perkembangan AI, perangkat pintar, media sosial, internet of things, e-commerce, hingga kota pintar.

Baca juga: Singapura Luncurkan Standar Baru Pangkas Konsumsi Energi TI Pusat Data
Baca juga: Analis: Usaha infrastruktur digital berpotensi dukung Telkom tumbuh
Pewarta: Fathur Rochman Editor: Indriani Copyright © ANTARA 2025
Dilarang keras mengambil konten, melakukan crawling atau pengindeksan otomatis untuk AI di situs web ini tanpa izin tertulis dari Kantor Berita ANTARA.",https://img.antaranews.com/cache/1200x800/2025/08/29/1000037013.jpg
Transparansi data dan kedaulatan digital,7 Agustus 2025,"Pada Juli 2025, dunia digital Indonesia diguncang oleh pengumuman kesepakatan dagang antara Amerika Serikat dan ...",https://www.antaranews.com/berita/5022625/transparansi-data-dan-kedaulatan-digital,ANTARA,Data Center di Indonesia,2026-10-05 01:48:25,"Jakarta (ANTARA) - Pada Juli 2025, dunia digital Indonesia diguncang oleh pengumuman kesepakatan dagang antara Amerika Serikat dan Indonesia. Presiden AS Donald Trump menyatakan bahwa tarif impor terhadap produk Indonesia akan diturunkan menjadi 19 persen.
Namun, di balik angka yang tampak menguntungkan itu, terselip satu klausul yang memicu kontroversi: Indonesia akan memberikan kepastian hukum terhadap transfer data pribadi warganya ke Amerika Serikat.
Kesepakatan ini memunculkan pertanyaan mendasar: Apakah ini langkah strategis menuju integrasi ekonomi digital global atau justru bentuk kompromi atas hak fundamental warga negara dan kedaulatan digital nasional?
Di era digital, data bukan sekadar informasi. Ia telah menjadi komoditas strategis, setara dengan energi dan mineral. Negara-negara besar menjadikan penguasaan data sebagai instrumen pengaruh global. Dalam konteks ini, permintaan AS agar Indonesia membuka akses terhadap data pribadi warganya bukan hanya soal teknis, tetapi juga geopolitik.
Pengamat keamanan siber Pratama Persadha menyebut bahwa aliran data lintas batas menyimpan potensi risiko besar. Ketika data warga Indonesia mengalir ke luar negeri, terutama ke negara seperti AS yang belum memiliki undang-undang perlindungan data federal yang sepadan dengan GDPR atau UU PDP Indonesia, maka potensi akses oleh entitas asing—baik korporasi maupun lembaga keamanan—menjadi perhatian serius.

Transparansi yang dipertanyakan
Salah satu kritik utama terhadap kesepakatan ini adalah minimnya transparansi dalam proses negosiasi. Publik tidak dilibatkan, dan dokumen resmi hanya menyebut bahwa Indonesia akan “mengakui AS sebagai negara dengan tingkat perlindungan data yang memadai”.
Padahal, hingga kini, AS belum memiliki regulasi federal yang mengatur perlindungan data pribadi secara komprehensif.
Pasal 56 UU No 27 Tahun 2022 tentang Perlindungan Data Pribadi memang membuka ruang legal untuk transfer data lintas batas, dengan syarat negara tujuan memiliki standar perlindungan data yang setara atau lebih tinggi. Namun, pengakuan terhadap AS sebagai negara “memadai” belum disertai evaluasi objektif dari Lembaga Pengawas Perlindungan Data Pribadi (LPPDP), yang seharusnya menjadi otoritas penentu.
Baca juga: Mencermati ambisi AS menguasai data pribadi Indonesia

Dampak terhadap kedaulatan digital
Kedaulatan digital adalah hak suatu negara untuk mengatur, melindungi, dan memastikan bahwa aktivitas digital, termasuk pengelolaan data pribadi warganya, berada dalam kendali hukum nasional.
Jika data warga Indonesia dikelola di luar negeri tanpa mekanisme pengawasan yang kuat, maka posisi hukum warga negara melemah, karena yurisdiksi atas data berpindah ke negara lain.Pemerintah juga akan kehilangan kontrol atas pemanfaatan data, termasuk untuk riset, kebijakan publik, dan keamanan nasional. Di samping itu, potensi eksploitasi data meningkat, terutama untuk kepentingan komersial dan politik oleh entitas asing.
Baca juga: Anggota DPR: Kedaulatan hukum Indonesia harus jadi dasar transfer data
Copyright © ANTARA 2025
Dilarang keras mengambil konten, melakukan crawling atau pengindeksan otomatis untuk AI di situs web ini tanpa izin tertulis dari Kantor Berita ANTARA.",https://img.antaranews.com/cache/1200x800/2025/02/25/KTP.jpg
"IEE Series 2025, momentum kuatkan keamanan dan manajemen data",31 Juli 2025,Indonesia Energy & Engineering Series (IEE Series) 2025 dinilai sebagai momentum untuk menguatkan manajemen data di ...,https://www.antaranews.com/berita/5004229/iee-series-2025-momentum-kuatkan-keamanan-dan-manajemen-data,ANTARA,Data Center di Indonesia,2026-10-05 01:48:25,"Jakarta (ANTARA) - Indonesia Energy & Engineering Series (IEE Series) 2025 dinilai sebagai momentum untuk menguatkan manajemen data di Indonesia seiring hadirnya Data Center Asia Indonesia (DCA-IN) dalam pameran yang digelar 17–18 September 2025 di Jakarta International Expo (JIExpo) Kemayoran.
Country Director Pamerindo Indonesia Lia Indriasari menyampaikan bahwa hadirnya DCA-IN pada IEE Series 2025 menjadi hal penting karena mereka dapat mempertemukan para pemangku kepentingan dari industri infrastruktur pusat data, manajemen cloud , hingga transformasi digital, khususnya di sektor investasi, efisiensi energi, dan keamanan digital.
""Pameran ini dirancang secara khusus untuk menjawab kebutuhan manajemen data, transformasi digital , cloud, dan industri nasional lainnya, dengan pendekatan aplikatif yang mendukung integrasi teknologi secara langsung di level operasional dan strategis,” ujar Lia dalam keterangan tertulis pada Kamis.
Menurut Lia, kebutuhan sistem pengelolaan data yang tangguh, fleksibel, dan aman merupakan hal krusial di tengah akselerasi transformasi digital. Bahkan, teknologi cloud telah memainkan peran strategis dalam operasional lintas sektor yang memungkinkan perusahaan menyimpan data dalam jumlah besar, mengelolanya secara terpusat, serta akses real-time .
Baca juga: Airlangga: Kerja sama RI-AS cegah penyalahgunaan komoditas strategis

Di Indonesia, kata Lia, perkembangan infrastruktur digital dan adopsi layanan cloud menunjukkan tren positif, didorong kuatnya kebutuhan dari berbagai sektor, mulai dari energi, manufaktur, logistik, hingga layanan publik.
Namun, seiring peningkatan pemanfaatan teknologi digital, muncul tuntutan baru terhadap kesiapan sistem pendukung, terutama pengelolaan data dan integrasi sistem informasi secara menyeluruh di tingkat organisasi. Namun, kemajuan itu juga membawa konsekuensi, misalnya keamanan data dan kompleksitas infrastruktur.
Dalam konteks itu, DCA-IN (Data Center Asia Indonesia) hadir sebagai forum strategis yang mempertemukan pelaku industri, penyedia solusi, dan regulator untuk mendorong kolaborasi lintas sektor. DCA-IN juga menjadi sarana perluasan solusi keamanan terkini dan memperkuat kapabilitas manajemen data di sektor industri.
Episentrum diskusi kebijakan teknologi
Hadirnya Data Center Asia Indonesia (DCA-IN) 2025 dalam IEE Series 2025 yang diselenggarakan bersamaan ( co-located ) dengan Electric & Power Indonesia dinilai dapat menciptakan sinergi dinamis antara pelaku industri infrastruktur pusat data, manajemen cloud , dan transformasi digital.

Baca juga: PTPP perkuat posisi di industri pusat data di DCD Connect AsiaPacific
DCA-IN 2025 diklaim dapat menjembatani kebutuhan industri terhadap infrastruktur pusat data dan manajemen cloud , sekaligus mempercepat integrasi digital di berbagai sektor strategis, khususnya energi, baterai, dan industri manufaktur.
Selama dua hari, DCA-IN 2025 menghadirkan sesi seminar dengan fokus utama pada tema ""Indonesia Data Center Landscape: Investment, Innovation and Infrastructure"" yang mencakup topik potensi investasi data center di Indonesia, Energy and Economy 4.0, serta pentingnya efisiensi energi, keamanan, dan kesiapan menghadapi ancaman siber maupun bencana alam.
""Indonesia tengah berada di titik penting untuk memperkuat infrastruktur data yang bukan hanya cepat dan efisien, tetapi juga aman dan berkelanjutan. Data center adalah fondasi utama ekonomi digital masa depan, dan kita harus memastikan ekosistem ini berkembang dengan tepat,” ujar Lia.
Kehadiran Data Center Indonesia di Jakarta (17–18 September 2025) menjadi langkah strategis dalam ekspansi regional yang tahun ini juga digelar di Hong Kong dan Kuala Lumpur.
""Kami optimistis acara ini akan memperkuat posisi Indonesia dalam peta industri data global, serta membuka peluang besar bagi investasi dan inovasi di sektor digital,” tutup Lia.

Baca juga: PT Telkom tekankan pentingnya keberadaan data center di Indonesia
Baca juga: Menkomdigi harapkan dampak ekonomi pusat data Microsoft di Indonesia
Baca juga: Equinix luncurkan pusat data pertamanya di Indonesia JK1
Pewarta: Alviansyah Pasaribu Editor: Mahmudah Copyright © ANTARA 2025
Dilarang keras mengambil konten, melakukan crawling atau pengindeksan otomatis untuk AI di situs web ini tanpa izin tertulis dari Kantor Berita ANTARA.",https://img.antaranews.com/cache/1200x800/2025/07/31/Infrastruktur-Digital-untuk-Mempercepat-Transformasi-Industri-Nasional.jpeg
Mencermati ambisi AS menguasai data pribadi Indonesia,25 Juli 2025,"Kesepakatan transfer data pribadi Indonesia ke Amerika Serikat, yang diumumkan 22 Juli 2025 melalui ...",https://www.antaranews.com/berita/4990981/mencermati-ambisi-as-menguasai-data-pribadi-indonesia,ANTARA,Data Center di Indonesia,2026-10-05 01:48:25,"Jakarta (ANTARA) - Kesepakatan transfer data pribadi Indonesia ke Amerika Serikat, yang diumumkan 22 Juli 2025 melalui joint statement dalam kerangka Perjanjian Perdagangan Timbal Balik Indonesia-AS, menyalakan lonceng peringatan.
Transfer data pribadi Indonesia ini bukan sekadar kerja sama ekonomi digital, ini menyentuh wilayah paling sensitif dalam kedaulatan suatu bangsa yakni data warga negaranya.
Dalam lanskap global hari ini, data pribadi bukan sekadar informasi, ia adalah “aset strategis”. Siapa yang menguasai data, akan menguasai arah opini, preferensi konsumsi, bahkan arah politik dan pertahanan.
Di sinilah kita harus bertanya tegas, mengapa Amerika begitu berambisi mendapatkan akses legal atas data pribadi warga Indonesia? Dan lebih penting lagi, apakah kita siap menghadapi konsekuensinya?


Harta karun bangsa
UU No. 27 Tahun 2022 tentang Perlindungan Data Pribadi (UU PDP) sudah memberikan pagar hukum tegas soal lalu lintas data lintas negara. Pasal 56 secara eksplisit menyatakan bahwa transfer hanya boleh dilakukan ke negara dengan standar perlindungan yang “setara atau lebih tinggi”.
Sayangnya, AS belum memiliki regulasi federal sekelas General Data Protection Regulation - GDPR Eropa. Ini artinya, secara normatif, AS bukan mitra layak untuk transfer data pribadi.
Namun, dalam dokumen kerja sama, Indonesia disebut “mengakui” yurisdiksi AS sebagai layak menerima data. Pengakuan ini memantik pertanyaan serius, apalagi dilakukan tanpa partisipasi publik, tanpa uji kelayakan, dan tanpa lembaga pengawas data yang sudah terbentuk. Apakah ini langkah sahih? Atau justru bentuk kompromi prematur atas kepentingan nasional?
Copyright © ANTARA 2025
Dilarang keras mengambil konten, melakukan crawling atau pengindeksan otomatis untuk AI di situs web ini tanpa izin tertulis dari Kantor Berita ANTARA.",https://img.antaranews.com/cache/1200x800/2025/07/22/digitalisasi-pasar-di-jakarta-2580217.jpg
Airlangga pastikan pertukaran data dengan AS patuhi hukum RI,24 Juli 2025,"Menteri Koordinator Bidang Perekonomian Airlangga Hartarto memastikan, kesepakatan dalam pertukaran data dengan Amerika ...",https://www.antaranews.com/berita/4989765/airlangga-pastikan-pertukaran-data-dengan-as-patuhi-hukum-ri,ANTARA,Data Center di Indonesia,2026-10-05 01:48:27,"Jakarta (ANTARA) - Menteri Koordinator Bidang Perekonomian Airlangga Hartarto memastikan, kesepakatan dalam pertukaran data dengan Amerika Serikat (AS) akan tetap mengacu pada aturan dan kedaulatan hukum nasional, terutama dalam Undang-Undang Nomor 27 Tahun 2022 tentang Perlindungan Data Pribadi (UU PDP).
Ia menjamin seluruh bentuk pemrosesan data dalam kerja sama ekonomi digital dengan AS hanya akan dilakukan berdasarkan protokol yang disiapkan pemerintah Indonesia.
""Terkait data pribadi, sudah ada regulasinya di Indonesia. Jadi mereka hanya akan ikut protokol yang disiapkan oleh Indonesia, sama seperti protokol yang diberlakukan di Nongsa Digital Park,” kata Airlangga dalam konferensi pers di Jakarta, Kamis.
Ia menjelaskan, protokol tersebut tengah difinalisasi sebagai bagian dari komitmen Indonesia-AS dalam perjanjian tarif resiprokal. Kesepakatan itu adalah untuk menyusun protokol perlindungan data pribadi lintas negara. Finalisasinya akan memberikan kepastian hukum yang sah bagi tata kelola data pribadi lintas negara.
""Jadi finalisasinya nanti bagaimana ada pijakan hukum yang sah, aman dan terukur untuk tata kelola lalu lintas data pribadi antar negara (cross border),"" ujarnya.

Dalam konferensi pers tersebut, Menko menegaskan bahwa data yang diproses dalam kerja sama bukan data pemerintah, melainkan data masyarakat yang diunggah saat menggunakan layanan digital seperti email, Google, Bing, platform e-commerce, hingga sistem pembayaran internasional.
""Jadi sebetulnya data ini yang diisi masyarakat sendiri pada saat mereka mengakses program, tidak ada pemerintah mempertukarkan data secara government to government , tapi bagaimana perusahaan-perusahaan tersebut bisa memperoleh data yang memperoleh consent dari masing-masing pribadi. Jadi tidak ada pertukaran data antar-pemerintah,” katanya.
Baca juga: Pemerintah tegaskan transfer data RI-AS hanya data komersil
Lebih lanjut, Airlangga menyebut bahwa selama ini data lintas negara telah digunakan dalam berbagai transaksi digital, seperti penggunaan kartu kredit internasional maupun layanan berbasis komputasi awan (cloud computing). Oleh karena itu, Indonesia menilai pentingnya membangun protokol perlindungan yang kuat.
“Selama ini kita sudah punya praktik pertukaran data saat transaksi pakai Mastercard atau Visa. Tapi semua dilakukan dengan sistem keamanan, seperti verifikasi OTP, KYC (know your customer) , dan lainnya,” jelasnya.

Sebagai bentuk kepatuhan terhadap regulasi nasional, Airlangga menyebut ada 12 perusahaan asal AS yang telah membangun pusat data (data center) di Indonesia.
Keberadaan data center ini menjadi bukti bahwa perusahaan asing bersedia memenuhi standar perlindungan data yang ditetapkan Indonesia, termasuk keamanan fisik dan digital.
""Jadi artinya mereka juga sudah comply dengan regulasi yang diminta oleh Indonesia,"" tuturnya.
Baca juga: Menkomdigi akan temui Menko Airlangga soal transfer data pribadi ke AS
Sebelumnya, melalui laman resminya, Gedung Putih menyatakan bahwa AS dan Indonesia telah menyepakati kerangka kerja untuk merundingkan Agreement on Reciprocal Trade guna memperkuat kerja sama ekonomi.
Salah satu poin utama dalam kesepakatan itu adalah penghapusan hambatan perdagangan digital, termasuk komitmen Indonesia untuk memberikan kepastian terhadap perpindahan data ke AS.

Dalam butir “Removing Barriers for Digital Trade”, disebutkan bahwa Indonesia akan mengakui AS sebagai negara dengan tingkat perlindungan data yang memadai sesuai hukum yang berlaku di Indonesia, yang mana memungkinkan data pribadi dapat dipindahkan secara lintas batas secara lebih leluasa.
Pewarta: Bayu Saputra Editor: Adi Lazuardi Copyright © ANTARA 2025
Dilarang keras mengambil konten, melakukan crawling atau pengindeksan otomatis untuk AI di situs web ini tanpa izin tertulis dari Kantor Berita ANTARA.",https://img.antaranews.com/cache/1200x800/2025/07/25/WhatsApp-Image-2025-07-24-at-16.51.46_84ec2667.jpg
ITPLN buka Program Studi Sains Data jawab kebutuhan era digital,19 Juni 2025,Institut Teknologi PLN (ITPLN) resmi membuka Program Studi Sarjana (S1) Sains Data dalam rangka merespon terhadap ...,https://www.antaranews.com/berita/4912401/itpln-buka-program-studi-sains-data-jawab-kebutuhan-era-digital,ANTARA,Data Center di Indonesia,2026-10-05 01:48:27,"Jakarta (ANTARA) - Institut Teknologi PLN (ITPLN) resmi membuka Program Studi Sarjana (S1) Sains Data dalam rangka merespon terhadap kebutuhan industri yang kian bergantung pada pengolahan data berskala besar pada era digital ini.
""Data bukan lagi pelengkap, tapi tulang punggung kemajuan di berbagai sektor,"" kata Rektor ITPLN, Prof Iwa Garniwa dalam keterangannya di Jakarta, Kamis.
Ia mengatakan program Sains Data dirancang untuk menjawab tantangan era digital yang menjadikan data sebagai aset strategis.
Baca juga: Institut Teknologi PLN gandeng praktisi dorong pertumbuhan green jobs
Keunggulan utama program ini, lanjut dia, terletak pada penerapan laboratorium hidup terbesar di Indonesia, yakni ekosistem energi nasional.

Menurut dia, mahasiswa tak hanya dibekali teori, tetapi juga terjun langsung dalam pengolahan data skala besar dan penanganan persoalan-persoalan strategis yang dihadapi sektor energi dan industri nasional.
""Lewat ekosistem ini, mahasiswa belajar memecahkan masalah nyata. Mereka tidak hanya dipersiapkan untuk sektor energi, tapi juga jadi talenta data yang bisa bersaing di fintech , kesehatan, hingga e-commerce . Kami ingin mencetak talenta kelas dunia yang adaptif dan kompetitif,"" ujarnya.
Program ini diharapkan mampu memperkuat kontribusi ITPLN dalam menciptakan sumber daya manusia unggul di bidang data sains yang saat ini sangat dibutuhkan industri nasional dan global.
Sementara itu, Direktur Manajemen Proyek dan Energi Terbarukan PLN Suroso Iskandar menyambut baik peluncuran Program Studi Sains Data di ITPLN.
Baca juga: ITPLN raih penghargaan internasional lewat teknologi energi terbarukan

Program itu dinilai penting untuk memenuhi kebutuhan tenaga ahli di bidang data sains, khususnya mendukung proyeksi permintaan energi nasional dan perkembangan industri data center di Indonesia.
Menurut Suroso, kehadiran program studi tersebut sejalan dengan kebutuhan industri kelistrikan yang semakin berbasis data.
Dia menegaskan, PLN membutuhkan tenaga ahli data untuk memproyeksikan arah pertumbuhan beban listrik di berbagai wilayah, termasuk permintaan khusus dari data center.
""Data sains itu sangat kami perlukan untuk memproyeksikan arah demand (permintaan) kita. Pertumbuhan beban tertinggi saat ini ada di Jawa mencapai 293 terawatt hour (TWh), di Sumatera 73 TWh, dan seterusnya. Khusus untuk data center, bebannya mencapai 28 TWh di Jawa dan 17 TWh di Batam,"" kata Suroso.
Dalam beberapa tahun ke depan, tambah dia, kebutuhan tenaga kerja di bidang data center akan terus meningkat seiring rencana migrasi hampir 75 data center ke Indonesia. Dengan demikian, lulusan program studi tersebut diharapkan dapat langsung mengisi kebutuhan pasar saat mereka lulus.
Baca juga: ITPLN berikan beasiswa untuk anak guru dukung dunia pendidikan

Baca juga: ITPLN siap hadirkan solusi inovatif dalam transformasi energi
“Begitu sekarang dibuka, empat tahun lagi sudah ada lulusan. Dan saat itu data center sudah jadi, mereka bisa langsung mengisi. Ini sangat tepat,"" kata Suroso.
Peluncuran Program Studi Sains Data ini menjadi bagian dari upaya ITPLN mendukung percepatan transformasi digital di sektor energi, sekaligus menyiapkan sumber daya manusia yang kompeten di bidang analisis data untuk kebutuhan nasional.
Pewarta: Khaerul Izan Editor: Syaiful Hakim Copyright © ANTARA 2025
Dilarang keras mengambil konten, melakukan crawling atau pengindeksan otomatis untuk AI di situs web ini tanpa izin tertulis dari Kantor Berita ANTARA.",https://img.antaranews.com/cache/1200x800/2025/06/19/IMG_20250619_221449.jpg
BDx Data Centers dan PLN Indonesia Teken Kontrak Jual-Beli Listrik guna Dukung Infrastruktur Digital Nasional,19 Juni 2025,"BDx Indonesia, anak usaha BDx Data Centers (""BDx""), telah menandatangani kontrak jual-beli listrik dengan PT ...",https://www.antaranews.com/berita/4911001/bdx-data-centers-dan-pln-indonesia-teken-kontrak-jual-beli-listrik-guna-dukung-infrastruktur-digital-nasional,ANTARA,Data Center di Indonesia,2026-10-05 01:48:27,"Jakarta, Indonesia, (ANTARA/PRNewswire)- BDx Indonesia, anak usaha BDx Data Centers (""BDx""), telah menandatangani kontrak jual-beli listrik dengan PT PLN (Persero) (""PLN""), BUMN Indonesia yang menyediakan tenaga listrik, untuk pengadaan 30 MVA listrik.
BDx, perusahaan terkemuka di Asia Tenggara yang menyediakan infrastruktur digital berkelanjutan yang siap memenuhi kebutuhan aplikasi AI, melalui kemitraan  dengan PLN, memperoleh kapasitas daya listrik untuk kegiatan operasional pusat data BDx Indonesia yang tengah berkembang. Kemitraan ini secara khusus turut mendukung kampus CGK3A yang segera dibangun di Jakarta Selatan, serta CGK4 AI Campus di Jatiluhur yang sebelumnya telah diumumkan BDx Indonesia. CGK4 AI Campus berkapasitas 500 MW dengan sumber energi terbarukan.
""Pasokan listrik PLN yang andal dan mudah ditambah menjadi dasar penting bagi pengembangan AI dan inovasi digital di seluruh Indonesia. Kemitraan ini tak hanya berkaitan dengan pasokan listrik--namun juga membangun pondasi masa depan digital di Asia,"" ujar Agus Hartono Wijaya, Presiden Direktur BDx Indonesia . ""Indonesia kini mulai berperan sebagai pusat perkembangan teknologi digital. Dengan dukungan PLN, pengembangan bisnis BDx Indonesia menjadi semakin pintar, ramah lingkungan, dan cepat demi memenuhi lonjakan kebutuhan AI, pembangunan berkelanjutan, dan kedaulatan digital.""
""Lewat kemitraan ini, PLN diakui sebagai penyedia energi yang andal untuk sektor digital,"" kata Moch. Andy Adchaminoerdin, General Manager , PLN UID Jakarta Raya . ""Kami bangga mendukung pertumbuhan industri pusat data di Indonesia dengan solusi yang dapat diandalkan dan berkelanjutan.""
Pusat Data AI CGK4 500 MW di Jatiluhur merupakan salah satu pusat data pertama di Indonesia yang meraih sertifikat NVIDIA DGX-Ready . Menggunakan energi terbarukan, fasilitas ini menghadirkan infrastruktur AI berskala besar dan berkinerja tinggi. BDx juga menawarkan pusat data kolokasi dan edge site di berbagai lokasi di Indonesia, yang memungkinkan komputasi cepat NVIDIA untuk pelatihan dan inferensi AI yang lebih dekat dengan lokasi pengguna. Dengan dukungan PLN, BDx dapat menyediakan layanan yang lebih mutakhir untuk berbagai klien, mulai dari Hyperscaler , Korporasi, hingga Pemerintah, sekaligus tetap memenuhi standar tertinggi dari sisi efisiensi energi dan keberlanjutan.

Tentang BDx Data Centers
BDx Data Centers adalah perusahaan terkemuka yang menyediakan berbagai solusi pusat data kolokasi dan interkoneksi yang tidak terikat pada salah satu layanan komputasi awan dan jaringan internet tertentu. BDx Data Centers melayani berbagai perusahaan dan hyperscaler di pasar-pasar yang berkembang pesat di Asia. Jangkauan BDx Data Center mencakup Indonesia, Hong Kong, Singapura, Taiwan, dan Tiongkok Daratan dengan pusat data yang memiliki kapasitas potensial 750 MW. Dipimpin tim terkemuka di dunia, BDx Data Centers mengelola pusat data kolokasi yang sangat modern, serta pusat data yang berlokasi di dekat pengguna ( edge facility ) di Asia. Fasilitas BDx Data Centers ini mempercepat digitalisasi yang ditempuh klien. BDx Data Centers menyediakan ruang dan daya yang sangat efisien. Lebih lagi, BDx Data Centers menyediakan berbagai layanan mutakhir yang dirancang sesuai kebutuhan, serta didukung energi terbarukan. Sejalan dengan perkembangan pesat teknologi digital di Asia, BDx Data Centers selalu menjadi mitra yang dapat diandalkan untuk membangun berbagai solusi pusat data yang aman, berskala luas, dan berkelanjutan. BDx Data Centers merupakan perusahaan portofolio I Squared Capital, pengelola investasi infrastruktur global yang beroperasi secara independen. I Squared Capital mengelola investasi infrastruktur digital, energi, utilitas, serta transportasi di seluruh dunia. Informasi selengkapnya: www.bdxworld.com .
SOURCE BDx Indonesia
Pewarta: PR Wire Editor: PR Wire Copyright © ANTARA 2025
Dilarang keras mengambil konten, melakukan crawling atau pengindeksan otomatis untuk AI di situs web ini tanpa izin tertulis dari Kantor Berita ANTARA.",https://img.antaranews.com/cache/1200x800/2025/06/19/BDx-Data-Centers-X-PLN-Indonesia.jpg
PT Telkom tekankan pentingnya keberadaan data center di Indonesia,11 Juni 2025,PT Telkom Data Ekosistem menekankan pentingnya keberadaan data center terhadap penyimpanan setiap konten digital yang ...,https://www.antaranews.com/berita/4891961/pt-telkom-tekankan-pentingnya-keberadaan-data-center-di-indonesia,ANTARA,Data Center di Indonesia,2026-10-05 01:48:27,"Jakarta (ANTARA) - PT Telkom Data Ekosistem menekankan pentingnya keberadaan data center terhadap penyimpanan setiap konten digital yang beredar di Indonesia.
"" Data center ini adalah sesuatu yang perlu kita periksa dan bagaimana negara ini bisa berkembang dan membawa semua konten kembali,"" kata Direktur Utama PT Telkom Data Ekosistem Andreuw Th. A.F dalam diskusi International Conference on Infrastructure (ICI) 2025 di Jakarta, Rabu.

Andreuw mengatakan telah terjadi perubahan penggunaan teknologi yang trennya amat menarik untuk diikuti saat ini. Hal itu dapat terlihat dari mudahnya masyarakat mengakses suatu konten meski terhalang waktu dan jarak yang amat jauh.
Baca juga: Braze luncurkan data center perkuat infrastruktur digital di Indonesia

10 hingga 15 tahun lalu orang mengakses Youtube masih terkendala adanya proses penyimpanan sementara (buffering) beberapa saat. Namun sekarang, dengan infrastruktur yang semakin baik, buffering hampir jarang dijumpai.
Pola komunikasi masyarakat yang semula sebagian besar berputar dari satu orang ke orang lain saling mengirim pesan untuk melakukan sesuatu, kini setelah pandemi COVID-19 semuanya lebih nyaman menggunakan bantuan aplikasi.
""Jadi semuanya berubah, kebanyakan traffic (di dunia digital) bukan orang ke orang, tapi orang ke aplikasi. Sekarang, 60 hingga 70 persen dari traffic total adalah untuk mengakses aplikasi,"" ujar dia.
Baca juga: Menkomdigi harapkan dampak ekonomi pusat data Microsoft di Indonesia
Kondisi tersebut, kata dia, seharusnya dapat menjadi alasan bagi Indonesia untuk membangun infrastruktur terutama yang berkaitan dengan konektivitas internet jadi lebih baik. Apalagi kini telah hadir teknologi Artificial Intelligence (AI/kecerdasan buatan) yang marak digunakan.

Ia menyampaikan kehadiran AI telah membuat konten-konten yang beredar dapat diakses dua kali lebih banyak. Masyarakat dapat membuat konten tidak hanya di Indonesia tetapi juga di tempat lain.
""Kita adalah negara yang terbesar menggunakan TikTok . Pertanyaannya adalah, kontennya ada di Indonesia? Itu adalah sesuatu yang perlu kita tanya sendiri, karena mungkin kontennya tidak berada di sini,"" ucapnya.
Baca juga: Equinix luncurkan pusat data pertamanya di Indonesia JK1
Dengan demikian, kehadiran data center diharapkan dapat menjadi wadah untuk menyimpan seluruh konten beserta pergerakannya secara rapi dari waktu ke waktu.
""Jadi, sangat menarik untuk kita berbicara tentang ini, bagaimana untuk berkembang dengan ekonomi digital yang akan memberikan multiplier yang jauh lebih besar daripada yang kita miliki sekarang,"" tambahnya.
Baca juga: Geotermal berpotensi besar tenagai pusat data sejalan pertumbuhan AI

Baca juga: Wamenkomdigi: Uji keamanan operasional PDN 1 rampung bulan ini
Pewarta: Hreeloita Dharma Shanti Editor: Siti Zulaikha Copyright © ANTARA 2025
Dilarang keras mengambil konten, melakukan crawling atau pengindeksan otomatis untuk AI di situs web ini tanpa izin tertulis dari Kantor Berita ANTARA.",https://img.antaranews.com/cache/1200x800/2025/06/11/WhatsApp-Image-2025-06-11-at-15.22.44_7b54f74b.jpg
"Bangun Fondasi AI Nasional Lewat Private Cloud, IDCloudHost Gandeng  IT Del",19 Mei 2025,Dalam rangka memperkuat kedaulatan data nasional dan mendukung pengembangan teknologi berbasis AI dan Cloud di ...,https://www.antaranews.com/berita/4842309/bangun-fondasi-ai-nasional-lewat-private-cloud-idcloudhost-gandeng-it-del,ANTARA,Data Center di Indonesia,2026-10-05 01:48:27,"Kolaborasi ini menjadi komitmen jangka panjang kedua pihak untuk membangun ekosistem riset dan edukasi digital yang berkelanjutan, serta menjadi langkah penting dalam mendukung kemajuan teknologi di sektor pendidikan tinggi.














Untuk kerjasama kemitraan dapat mengunjungi Iink : https://idcloudhost.com
Pewarta: PR Wire Editor: PR Wire Copyright © ANTARA 2025
Dilarang keras mengambil konten, melakukan crawling atau pengindeksan otomatis untuk AI di situs web ini tanpa izin tertulis dari Kantor Berita ANTARA.",https://img.antaranews.com/cache/1200x800/2025/05/19/WhatsApp-Image-2025-05-19-at-07.00.52.jpeg
Kemkomdigi kaji dampak tarif AS untuk sektor teknologi dan digital,11 April 2025,Kementerian Komunikasi dan Digital sedang mengkaji dampak kebijakan tarif impor Amerika Serikat terhadap sektor ...,https://www.antaranews.com/berita/4765657/kemkomdigi-kaji-dampak-tarif-as-untuk-sektor-teknologi-dan-digital,ANTARA,Data Center di Indonesia,2026-10-05 01:48:27,"Jakarta (ANTARA) - Kementerian Komunikasi dan Digital sedang mengkaji dampak kebijakan tarif impor Amerika Serikat terhadap sektor teknologi dan digital di Indonesia.

Menteri Komunikasi dan Digital Meutya Hafid menyatakan bahwa Pemerintah tengah mengkaji apakah ada aturan domestik yang perlu diperbarui untuk meningkatkan daya saing, termasuk dalam percepatan teknologi digital.

""Ya kita kaji ya apakah ada aturan di kita yang memang perlu diperbarui dalam kerangka untuk daya saing yang lebih baik,"" ujar Meutya di Jakarta, Jumat.


Meutya mengatakan salah satu fokus kajian adalah kemudahan investasi, dalam kerangka supaya Indonesia memiliki daya saing yang lebih baik dengan negara lain di regional.

Baca juga: Apple kirim 600 ton iPhone ke AS sebelum tarif timbal balik berlaku


Meutya mencontohkan investasi pada pusat data, di mana investasi yang masuk justru bukan di Indonesia, sehingga Pemerintah menelaah regulasi yang dapat mempermudah investasi pusat data di dalam negeri.

""Sebagai contoh data center ini kan memang banyak investasi yang masuk justru bukan di Indonesia. Jadi kita lagi telaah apakah aturan yang terkait data center di Indonesia itu bisa dimudahkan sehingga potensi investasi masuk bisa lebih banyak,"" kata Meutya.

Sementara itu, Direktur Jenderal Infrastruktur Digital Kementerian Komdigi Wayan Toni Supriyanto menambahkan bahwa kebijakan tarif impor AS tidak secara langsung memengaruhi sektor infrastruktur digital.


Ia menyebut bahwa terkait perangkat telekomunikasi, hal itu berada dalam domain Kementerian Perindustrian dan Kementerian Perdagangan.

Baca juga: RI tegaskan komitmen jaga stabilitas untuk respons tarif AS di AFMGM

""Sebenarnya kalau dari sisi perangkat kan bukan kita yang mengatur. Itu Kementerian Perindustrian dan Kementerian Perdagangan. Jadi dengan tarif impor ini, secara servis kan tidak berpengaruh ya,"" kata dia.


Wayan mengatakan dalam kaitan Infrastruktur digital, pihaknya hanya melakukan sertifikasi perangkat.

Adapun mengenai Tingkat komponen Dalam Negeri (TKDN), dia juga menyebut bahwa hal itu berada dalam kewenangan Kementerian Perindustrian.

""Kalau masalah TKDN itu di Kementerian Perindustrian, bukan di kami. Contohnya iPhone 16 kemarin, kan kita hanya sertifikasi. Yang menentukan TKDN-nya kan di Kementerian Perindustrian. Artinya sampai hari ini, kami di sektor infrastruktur digital melihatnya belum berpengaruh,"" kata dia.

Baca juga: RI ajak ASEAN lakukan negosiasi bersama untuk hadapi tarif AS

Pada 2 April lalu, Trump mengumumkan kenaikan tarif ke banyak negara. Indonesia berada di urutan kedelapan di daftar negara-negara yang terkena kenaikan tarif AS, dengan besaran 32 persen.

Pada Rabu (9/4) waktu setempat, Trump mengumumkan penundaan kebijakan tarif impor hingga 90 hari ke berbagai mitra dagang, kecuali untuk China sebesar 125 persen.

Pemerintah Indonesia telah mempersiapkan sejumlah paket negosiasi yang akan dibawa ke perundingan untuk menghadapi kebijakan tarif AS tersebut.

Beberapa di antaranya, yakni dengan deregulasi non-tariff measures (NTMs) melalui relaksasi TKDN sektor informasi dan komunikasi dari AS seperti GE, Apple, Oracle, dan Microsoft; melakukan evaluasi terhadap kebijakan larangan dan pembatasan; hingga mempercepat proses sertifikasi halal.

Baca juga: India akan jadi pemasok utama iPhone untuk hindari tarif impor China


Pewarta: Fathur Rochman Editor: Zita Meirina Copyright © ANTARA 2025
Dilarang keras mengambil konten, melakukan crawling atau pengindeksan otomatis untuk AI di situs web ini tanpa izin tertulis dari Kantor Berita ANTARA.",https://img.antaranews.com/cache/1200x800/2025/04/11/IMG-20250411-WA0006_copy_1280x853.jpg
RI-UEA teruskan kerja sama investasi teknologi dan infrastruktur,13 Februari 2025,"Indonesia dan Uni Emirat Arab (UEA) sepakat meneruskan kerja sama investasi, khususnya di bidang ekonomi digital, ...",https://www.antaranews.com/berita/4645705/ri-uea-teruskan-kerja-sama-investasi-teknologi-dan-infrastruktur,ANTARA,Data Center di Indonesia,2026-10-05 01:48:27,"Jakarta (ANTARA) - Indonesia dan Uni Emirat Arab (UEA) sepakat meneruskan kerja sama investasi, khususnya di bidang ekonomi digital, pangan dan infrastruktur.
Memanfaatkan sela waktu di rangkaian World Governments Summit 2025 di Dubai, Menteri Koordinator Bidang Perekonomian Airlangga Hartarto melakukan pertemuan dengan Menteri Investasi Uni Emirat Arab (UEA) Mohamed Hassan Alsuwaidi pada Rabu (12/2).
Kunjungan ini merupakan tindak lanjut dari lawatan Presiden Prabowo Subianto ke UEA pada 23 November 2024 lalu. Salah satunya adalah Nota Kesepahaman (MoU) kerja sama gas dengan Mubadala Energy di Laut Andaman. Selain itu, kedua pihak juga mulai menjajaki kemungkinan investasi dari pihak UEA ke Indonesia, melalui KEK khususnya untuk membangun ekosistem data center di Indonesia serta pengembangan infrastruktur melalui Proyek Strategis Nasional (PSN).
Baca juga: Airlangga dorong kolaborasi inovatif dalam pembangunan ekonomi dunia
“Peran UEA akan sangat penting untuk membantu mewujudkan ekosistem data center yang tangguh dan dapat diandalkan di Indonesia, melalui investasi di beberapa KEK, seperti KEK Nongsa Digital Park (NDP) di Batam,” ujar Menko Perekonomian Airlangga dalam keterangannya di Jakarta, Kamis.

KEK NDP mentargetkan pembangunan pusat data (data center) di Indonesia dengan target investasi sebesar 400 Mega Watt (MW) atau senilai 4 miliar dolar AS.
Ekosistem KEK Nongsa juga difokuskan untuk mewadahi beberapa proyek yang berkaitan dengan perkembangan sains dan teknologi, seperti semikonduktor dan kecerdasan artifisial (AI).
Selain rencana investasi pada sektor teknologi, Airlangga dan Menteri Mohamed juga berdiskusi mengenai rencana pembangunan infrastruktur bandara dan pelabuhan, serta menyinggung rencana pembangunan Giant Sea Wall di sepanjang pantai utara Pulau Jawa.
Baca juga: RI-UEA sepakati peningkatkan kerja sama perdagangan 10 miliar dolar AS
“Komitmen UEA terhadap pengembangan infrastruktur Indonesia merupakan bentuk kerja sama yang akan berdampak langsung bagi kehidupan masyarakat luas. Kami sangat mengapresiasi dukungan UEA untuk melanjutkan beberapa proyek infrastruktur dalam PSN, dan membahas rencana pembangunan Giant Sea Wall,” tuturnya.

Sebagai wujud komitmen tersebut, Menteri Mohamed yang juga menjabat sebagai CEO Abu Dhabi Developmental Holding Company (ADQ), Sovereign Wealth Fund yang berbasis di Abu Dhabi, juga menyatakan minatnya untuk kerja sama di dalam pengembangan brownfield projects.
Pewarta: Bayu Saputra Editor: Adi Lazuardi Copyright © ANTARA 2025
Dilarang keras mengambil konten, melakukan crawling atau pengindeksan otomatis untuk AI di situs web ini tanpa izin tertulis dari Kantor Berita ANTARA.",https://img.antaranews.com/cache/1200x800/2025/02/13/WhatsApp-Image-2025-02-13-at-04.58.53_11173961_1.jpg
Kadin sambut komitmen investasi Singapura untuk energi hijau di RI,23 Januari 2025,"Wakil Ketua Umum Bidang Kawasan Ekonomi Khusus (KEK), Kawasan Industri (KI) dan Proyek Strategis Nasional (PSN) Kamar ...",https://www.antaranews.com/berita/4603202/kadin-sambut-komitmen-investasi-singapura-untuk-energi-hijau-di-ri,ANTARA,Data Center di Indonesia,2026-10-05 01:48:27,"Jakarta (ANTARA) - Wakil Ketua Umum Bidang Kawasan Ekonomi Khusus (KEK), Kawasan Industri (KI) dan Proyek Strategis Nasional (PSN) Kamar Dagang dan Industri (Kadin) Indonesia, Akhmad Ma'ruf Maulana menyambut baik komitmen investasi Singapura untuk pengembangan energi hijau di Indonesia.
Ia mengharapkan komitmen Singapura dalam berinvestasi nantinya juga untuk membangun green industry, terutama Data Center di Indonesia khususnya di Batam.
""Dengan pasokan energi bersih itu, Singapura mendapat keuntungan berupa kredit karbon serta sertifikasi energi hijau untuk mendukung ekonomi hijau mereka. Kami harapkan Singapura pun memahami kebutuhan Indonesia untuk mengembangkan energi hijau di Indonesia,"" ungkap Ma'ruf dalam keterangan tertulisnya di Jakarta, Kamis.
Komitmen Singapura itu disampaikan dalam pertemuan antara Wakil Perdana Menteri dan Menteri Perdagangan dan Perindustrian Singapura Gan Kim Yong dan Menteri Investasi dan Hilirisasi/ Kepala Badan Koordinasi Penanaman Modal (BKPM) Rosan P Roeslani, dalam rangkaian acara World Economic Forum (Forum Ekonomi Dunia) di Davos, Swiss, Senin (20/1/2025).
Rencananya, Singapura berminat secara khusus untuk mengembangkan sustainable investment zone/park serta energi terbarukan di Kawasan Batam, Bintan dan Karimun (BBK) dan Kendal Industrial Park. Turut dibahas dalam pertemuan tersebut peluang kerja sama Indonesia dan Singapura dalam Pembangunan pelabuhan Kendal Port dan Tanjung Priok Port.

Ma‘ruf mengatakan, Kadin Indonesia bersama pengelola KI akan menawarkan sejumlah insentif menarik. Singapura akan diberikan kemudahan berupa bebas sewa lahan selama 5 tahun di KI PSN Wiraraja, Gesip Galang dan beberapa KI lainnya.
""Inilah relaksasi yang diberikan oleh Pengelola Kawasan Industri (KI) di bawah naungan Kadin Indonesia, selain tax holiday dari Pemerintah Indonesia,"" ujar dia.
Ia menegaskan pentingnya kerja sama yang lebih adil dan saling menguntungkan antara kedua negara, terutama dalam mendukung pertumbuhan ekonomi hijau di Indonesia.

Baca juga: Kemdiktisaintek dorong pengembangan energi hijau lewat PLTMH di Malang

Ma’ruf menilai, ajakan ini merupakan langkah proaktif Indonesia dalam mendorong kerja sama yang lebih berimbang dan menciptakan ekosistem investasi yang kondusif.
""Kami berharap Singapura tidak hanya memanfaatkan energi bersih dari Indonesia, tetapi juga aktif berinvestasi untuk mendukung pertumbuhan ekonomi dan keberlanjutan bersama di kawasan, dan kami sangat mendukung langkah yang dilakukan Pak Menteri (Rosan P Roeslani) di Davos kemarin,"" pungkasnya.

Baca juga: Satgas Perumahan: UEA, Turki dan Singapura bantu Program 3 Juta Rumah
Pewarta: Faisal Yunianto Editor: Evi Ratnawati Copyright © ANTARA 2025
Dilarang keras mengambil konten, melakukan crawling atau pengindeksan otomatis untuk AI di situs web ini tanpa izin tertulis dari Kantor Berita ANTARA.",https://img.antaranews.com/cache/1200x800/2025/01/23/PLTS-IKN_1.jpg
Airlangga: Digitalisasi RI kejar target pertumbuhan delapan persen,21 Januari 2025,"Menteri Koordinator Bidang Perekonomian Airlangga Hartarto mengatakan, digitalisasi Indonesia dapat digunakan untuk ...",https://www.antaranews.com/berita/4598466/airlangga-digitalisasi-ri-kejar-target-pertumbuhan-delapan-persen,ANTARA,Data Center di Indonesia,2026-10-05 01:48:27,"Jakarta (ANTARA) - Menteri Koordinator Bidang Perekonomian Airlangga Hartarto mengatakan, digitalisasi Indonesia dapat digunakan untuk mengejar target pertumbuhan ekonomi delapan persen.

Menurutnya, Indonesia mempunyai peluang untuk mencapai pertumbuhan non-linier melalui sektor digital. Tujuan itu dicapai dengan membangun infrastruktur digital di Indonesia, mengoptimalkan penggunaan kecerdasan artifisial (AI), melahirkan sumber daya manusia (SDM) yang kompeten, hingga meningkatkan keamanan digital di Indonesia.
“Indonesia menggunakan AI untuk manufaktur Industri 4.0, mengembangkan sektor kesehatan, blockchain, machine to machine learning, dan mengembangkan semua hal produktif yang mendorong ekonomi Indonesia tumbuh delapan persen sesuai target Presiden Prabowo,"" ujar Airlangga dalam acara Alibaba Cloud Developer Summit 2025 di Jakarta, Selasa.
Adapun secara global, AI diproyeksikan memberikan kontribusi sebesar 15,7 triliun dolar AS terhadap perekonomian pada tahun 2030 yang terdiri dari 6,6 triliun dolar AS dari peningkatan produktivitas dan 9,1 triliun dolar AS dari konsumsi.

Indonesia sendiri merupakan negara yang menempatkan konsumsi sebagai salah satu penopang perekonomian dan pemerintah mendorong peran AI sebagai katalis dan pendorong utama ketahanan ekonomi Indonesia.
Pada kesempatan tersebut, Airlangga menyampaikan bahwa pengembangan AI perlu didukung dengan pengembangan pusat data, dan pusat data juga bergantung pada pengembangan semikonduktor.
Indonesia juga menjadi negara pertama yang telah berhasil menyelesaikan penilaian kesiapan AI menggunakan Readiness Assessment Methodology UNESCO.
“Oleh karena itu, Indonesia memiliki tonggak sejarah dalam mengembangkan penerapan AI sebagai pelopor regional dan Indonesia diharapkan menjadi pusat data regional yang kuat. Indonesia telah memiliki beberapa daerah khususnya di Jawa Barat dan Batam yang dibangun sebagai Kawasan Ekonomi Khusus (KEK) untuk data center . Dalam pengembangan data center di Indonesia juga terdapat investasi untuk data center AI yang membutuhkan energi ramah lingkungan,” ungkapnya.
Dorongan Pemerintah mengembangkan AI dan ekonomi digital juga diiringi dengan upaya Pemerintah yang bekerja sama dengan berbagai pihak untuk melahirkan talenta digital Indonesia.

Airlangga melanjutkan, Pemerintah menargetkan Indonesia akan memiliki sekitar 500 ribu generasi muda yang melek digital setiap tahunnya, termasuk yang ahli di bidang AI.
Ia mengapresiasi Alibaba yang turut mendukung melalui pelatihan digital memilih Indonesia sebagai negara tuan rumah kegiatan tahunan Alibaba Cloud yang turut mendorong inovasi dan memperkuat kolaborasi di antara seluruh pemangku kepentingan.
“Indonesia sedang mengembangkan sertifikasi kebijakan AI dan juga TechX, proyek percontohan Indonesia-Singapura, untuk memberikan peluang bagi profesional muda,” kata dia.
Lebih lanjut, Menko Airlangga mengatakan bahwa Indonesia dan Singapura mempunyai ambisi bersama untuk mengembangkan pusat digital termasuk AI untuk kawasan Asia Tenggara dan Indonesia.
Selain penggunaan AI difokuskan untuk sektor produktif, Menko Airlangga juga menegaskan komitmen serius Pemerintah dalam meningkatkan keamanan digital.
“Tidak ada ekonomi digital tanpa keamanan digital. Keamanan digital memainkan peran penting dalam mengembangkan ekonomi digital,” ucapnya.

Pewarta: Bayu Saputra Editor: Abdul Hakim Muhiddin Copyright © ANTARA 2025
Dilarang keras mengambil konten, melakukan crawling atau pengindeksan otomatis untuk AI di situs web ini tanpa izin tertulis dari Kantor Berita ANTARA.",https://img.antaranews.com/cache/1200x800/2025/01/21/publikasi_1737445413_678f50256cb7f.jpeg
Kolaborasi kunci keberhasilan Telkom transformasi jadi digital telco,4 Oktober 2024,"Head of Digital Vertical Ecosystem Movement and Public Service, DBT PT Telkom Indonesia (Persero) Tbk Goe Ngurah Sandhy ...",https://www.antaranews.com/berita/4377382/kolaborasi-kunci-keberhasilan-telkom-transformasi-jadi-digital-telco,ANTARA,Data Center di Indonesia,2026-10-05 01:48:27,"Jakarta (ANTARA) - Head of Digital Vertical Ecosystem Movement and Public Service, DBT PT Telkom Indonesia (Persero) Tbk Goe Ngurah Sandhy Widyasthana mengatakan pola pikir dan adopsi budaya kolaborasi menjadi kunci keberhasilan Telkom bertransformasi menjadi perusahaan telekomunikasi digital di Indonesia.
Goe mengatakan perubahan pola pikir ini telah diterapkan dalam beberapa tahun terakhir agar Telkom tetap menjadi perusahaan milik negara yang mampu memberikan solusi bagi masyarakat sekaligus bertumbuh dari segi bisnis hingga ke pasar global.
""Jadi kalau dulu pola pikir sebagai perusahaan adalah kompetitif melihat pesaing itu harus selalu kalah. Sekarang pola pikirnya diubah jadi kolaboratif. Bahwa untuk jadi pemenang tidak perlu harus ada yang dipecundangi atau kalah gitu. Kita bisa bersama-sama menjadi pemenang,"" kata Goe di Jakarta, Jumat.
Ia mencontohkan salah satu pola pikir ini telah diterapkan dalam langkah Telkom mendukung pertumbuhan ekosistem startup di Indonesia dengan mengajak startup berkolaborasi memberikan solusi yang belum tersedia di dalam layanan Telkom.
Baca juga: Ragam upaya Kemenkominfo percepat pertumbuhan UMKM Digital dan startup

Baca juga: Gerakan 1.000 startup di Aceh untuk percepat transformasi digital
Bahkan apabila startup digital di Indonesia belum mampu memberikan solusi seperti dalam hal kecerdasan artifisial dan keamanan siber yang akhir-akhir ini sedang bertumbuh. Telkom membuka diri untuk berkolaborasi dengan mitra asing yang berkomitmen untuk mendukung pertumbuhan sektor tersebut di Indonesia.
""Kami investasi di startup lokal yang memang punya solusi yang belum ada di kami, kami bahkan siapkan untuk mereka bisa memiliki koneksi di global. Tapi kalau misalnya sektornya belum bertumbuh misalnya dari sektor keamanan siber atau AI, Telkom coba cari mitra dari luar dan kami hadirkan solusinya sebagai layanan kami. Jadi kami mencoba bring equity to Indonesia,"" kata Goe.
Adapun kolaborasi ini memperkuat pilar lainnya yang menyukseskan transformasi digital oleh Telkom yaitu pilar infrastruktur digital dan platform digital.
Dalam hal infrastruktur digital, Telkom terus meningkatkan kapabilitasnya dengan melakukan peningkatan teknologi jaringan yang kini sudah mencapai 5G.

Sementara dalam hal platform digital, Telkom juga mengikuti perkembangan teknologi dengan menyediakan dan memperbanyak pusat data atau data center sehingga memungkinkan pengembangan inovasi teknologi lebih banyak terjadi di dalam negeri.
""Saat ini trennya kan memang sedang mengarah pada data center mengingat tren pertumbuhan teknologi ke AI, cloud, dan sebagainya.Maka kami perkuat data center di Indonesia, salah satunya untuk menjaga kedaulatan data. Bahwa data Indonesia ya adanya di Indonesia,""kata Goe.",https://img.antaranews.com/cache/1200x800/2024/10/04/1000249863.jpg
"Hadiri IPEF, Airlangga tawarkan investasi infrastruktur berkelanjutan",6 Juni 2024,Menteri Koordinator Bidang Perekonomian Airlangga Hartarto menawarkan beragam investasi proyek infrastruktur ...,https://www.antaranews.com/berita/4139949/hadiri-ipef-airlangga-tawarkan-investasi-infrastruktur-berkelanjutan,ANTARA,Data Center di Indonesia,2026-10-05 01:48:27,"Jakarta (ANTARA) - Menteri Koordinator Bidang Perekonomian Airlangga Hartarto menawarkan beragam investasi proyek infrastruktur berkelanjutan di hadapan investor Indo-Pacific Economic Framework for Prosperity (IPEF) Clean Economy Investor Forum 2024.
""Forum investor ini merupakan bagian dari rangkaian Pertemuan Tingkat Menteri IPEF yang berlangsung pada 5-6 Juni 2024 di Singapura. Miliki target investasi sebesar Rp1.650 triliun di 2024, Pemerintah Indonesia terus mendorong peningkatan investasi infrastruktur dan memanfaatkan berbagai momentum kerja sama kawasan dalam pembangunan berkelanjutan,"" kata Airlangga dalam keterangannya di Jakarta, Kamis.
Dibuka dengan sambutan dari Perdana Menteri Singapura Lawrence Wong, agenda IPEF CEIF 2024 juga merupakan platform yang mempertemukan investor dari berbagai belahan dunia dengan proyek-proyek berkelanjutan di kawasan Indo-Pasifik dan berfokus pada proyek yang mendukung ekonomi bersih dan teknologi iklim.
Forum ini diharapkan dapat menghasilkan berbagai kesepakatan investasi sebagai manfaat nyata dari kerja sama IPEF.
Selain memberi sambutan hangat dan mengucapkan selamat datang kepada seluruh peserta forum, PM Lawrence Wong juga menyampaikan pentingnya pilar clean economy untuk mengakselerasi pembangunan dan penggunaan teknologi ramah lingkungan.

Investasi di sektor ini juga akan memberikan dukungan bagi energi bersih dan infrastruktur berkelanjutan.
Memberikan pidato kunci dalam forum tersebut, US Secretary of Commerce Gina Raimondo menyampaikan bahwa Amerika Serikat (AS) akan mengucurkan dana sebesar 25 miliar dolar AS ke kawasan Indo-pasifik melalui para investor yang turut menghadiri forum untuk mencari peluang investasi.
Selain itu, Secretary Gina Raimondo juga menyinggung dukungannya bagi berbagai proyek di sejumlah negara mitra IPEF termasuk pembangunan Data Center di Indonesia.
Adapun target pendanaan investasi yang dibutuhkan untuk Enhanced Nationally Determined Contribution Indonesia mencapai sekitar 281 miliar dolar AS. Terkait dengan pencapaian emisi nol karbon (net zero emission) hingga tahun 2060, Indonesia membutuhkan sekitar 1,1 triliun dolar AS.
Lebih lanjut, Airlangga juga menyampaikan bahwa Indonesia juga telah membangun strategi untuk mendukung investasi hijau melalui sejumlah alternatif pembiayaan seperti green bond, green sukuk, green taxonomy , dan carbon pricing. Indonesia juga melakukan kerja sama dengan Pemerintah Jepang melalui skema Just Energy Transition Partnership (JETP) dengan pendanaan sebesar 20 miliar dolar AS.

Selain itu, lanjutnya, Indonesia juga melakukan kerja sama melalui skema ASEAN Zero Emission Community (AZEC) dengan pendanaan sebesar 500 miliar dolar AS yang melibatkan proyek-proyek unggulan seperti proyek geothermal Muara Laboh dengan kapasitas 80 megawatt (MW) dan Pembangkit Listrik Tenaga sampah di Legok Nangka dengan kapasitas 35MW-40MW.
Dalam kesempatan tersebut, Airlangga juga menyampaikan bahwa Indonesia juga menawarkan 21 proyek infrastruktur hijau berkelanjutan sebagai peluang investasi yang potensial dalam rangkaian pertemuan IPEF kali ini, di mana 19 di antaranya merupakan proyek saluran pipa (pipeline project).
“Dua proyek sudah dalam kategori siap yakni Green Refinery Cilacap dengan nilai sebesar 860 juta dolar AS serta Green Refinery Plaju Sumatera Selatan yang juga bernilai 860 juta dolar AS,” katanya.
Baca juga: Airlangga: Transformasi sektor kesehatan dorong pertumbuhan ekonomi Baca juga: RI-Korea Selatan jajaki kerja sama penurunan emisi karbon dalam IPEF Baca juga: Airlangga ajak investor AS untuk investasi di KEK Batam
Pewarta: Bayu Saputra Editor: Ahmad Buchori Copyright © ANTARA 2024
Dilarang keras mengambil konten, melakukan crawling atau pengindeksan otomatis untuk AI di situs web ini tanpa izin tertulis dari Kantor Berita ANTARA.",https://img.antaranews.com/cache/1200x800/2024/06/06/publikasi_1717647022_666136ae2e7d0.jpeg
Airlangga ajak investor AS untuk investasi di KEK Batam,5 Juni 2024,Menteri Koordinator Bidang Perekonomian Airlangga Hartarto mengajak investor AS untuk berinvestasi di Kawasan Ekonomi ...,https://www.antaranews.com/berita/4138812/airlangga-ajak-investor-as-untuk-investasi-di-kek-batam,ANTARA,Data Center di Indonesia,2026-10-05 01:48:27,"Jakarta (ANTARA) - Menteri Koordinator Bidang Perekonomian Airlangga Hartarto mengajak investor AS untuk berinvestasi di Kawasan Ekonomi Khusus (KEK) Batam, Kepulauan Riau.
”Indonesia telah mempunyai Kawasan Ekonomi Khusus terkait Data Center di Batam dan di- support oleh grid energi terbarukan. Jadi, kami juga harapkan Amerika Serikat turut mendukung pembangunan Data Center dan jaringan kabel serat optik yang sedang berlangsung di Indonesia saat ini,” kata Airlangga di sela Pertemuan Tingkat Menteri Indo-Pacific Economic Framework (IPEF), di Singapura, Rabu.
Saat ini, kerja sama kedua negara diperkuat melalui Comprehensive Strategic Partnership RI-AS, yang salah satunya melalui kemitraan IPEF.
Baca juga: Airlangga ungkap potensi Batam bagi ekosistem industri digital
Menanggapi ajakan tersebut, US Secretary of Commerce Gina Raimondo menyampaikan dukungannya dan akan dilakukan melalui skema IPEF.

Selain itu, juga disampaikan bahwa banyak perusahaan yang ingin mengembangkan Data Center di Indonesia dan mengharapkan dukungan penuh dari Pemerintah Indonesia, termasuk dari sisi kemudahan perizinan berusaha.
Secretary Gina Raimondo juga antusias dengan peran Indonesia dalam IPEF dan menyampaikan bahwa secara khusus telah mengajak 23 investor dari Amerika Serikat untuk mengikuti sesi Clean Economy Investor Forum yang merupakan bagian dari rangkaian pertemuan IPEF tahun ini.
Para investor AS yang hadir pada pertemuan IPEF kali ini berharap untuk dapat segera berinvestasi di negara-negara mitra IPEF, terutama di Indonesia.
Selanjutnya, Airlangga juga menyampaikan berbagai peluang terkait investasi energi baru dan terbarukan di Indonesia, termasuk carbon capture and storage, solar panel , dan geothermal.
”Indonesia sangat terbuka bagi perusahaan Amerika Serikat di bidang energi untuk beroperasi di Indonesia. Kami akan mengusulkan 19 proyek infrastruktur yang berfokus pada sektor energi, dan kami menantikan investasi dari Amerika Serikat,” ujar Airlangga.

Baca juga: Menko Airlangga ajak Korea Selatan tingkatkan investasi teknologi
Sebagai negara dengan potensi besar dalam menerima dana International Technology Security and Innovation (ITSI) Fund, Indonesia menginginkan  Pemerintah AS dapat mendorong perusahaan-perusahaan produsen semikonduktor dan kecerdasan buatan (AI) untuk membangun industri di Indonesia.
Selain itu, Indonesia juga mengharapkan dukungan AS terkait investasi, di mana saat ini Organisasi Kerja Sama dan Pembangunan Ekonomi (OECD) akan mengulas ekosistem semikonduktor Indonesia.
Untuk mempercepat transisi energi, Airlangga menyampaikan Indonesia siap memenuhi standar internasional dalam bidang tenaga kerja dan lingkungan.
Pemerintah juga akan terus bekerja sama dengan AS untuk segera menyelesaikan Perjanjian Mineral Kritis untuk mencapai tujuan bersama dalam transisi energi yang lebih cepat dan berkelanjutan.
Kemudian terkait Small Modular Reactor (SMR), Airlangga menyampaikan bahwa Indonesia sangat terbuka untuk implementasi investasi SMR.

Baca juga: Dyah Roro Esti dorong energi ramah lingkungan untuk listrik pusat data
Pihak AS menanggapi bahwa akan mendukung permintaan dari Indonesia dan akan dilakukan pembicaraan lebih lanjut mengenai proyek transisi energi. Selanjutnya Pemerintah AS berharap agar proses ratifikasi IPEF dapat berjalan sesuai jadwal dan target yang diharapkan.
“Kami berharap kerja sama ini dapat mendorong pertumbuhan industri berteknologi tinggi di Indonesia, menciptakan lapangan kerja baru, dan meningkatkan daya saing Indonesia di tingkat global,” tambah Airlangga.
Pewarta: Bayu Saputra Editor: Nusarina Yuliastuti Copyright © ANTARA 2024
Dilarang keras mengambil konten, melakukan crawling atau pengindeksan otomatis untuk AI di situs web ini tanpa izin tertulis dari Kantor Berita ANTARA.",https://img.antaranews.com/cache/1200x800/2024/06/05/publikasi_1717588358_66605186dc51a.jpg
Airlangga ungkap potensi Batam bagi ekosistem industri digital,5 Juni 2024,Menteri Koordinator Bidang Perekonomian Airlangga Hartarto menyampaikan potensi Batam sebagai hub utama jaringan kabel ...,https://www.antaranews.com/berita/4138737/airlangga-ungkap-potensi-batam-bagi-ekosistem-industri-digital,ANTARA,Data Center di Indonesia,2026-10-05 01:48:27,"Jakarta (ANTARA) - Menteri Koordinator Bidang Perekonomian Airlangga Hartarto menyampaikan potensi Batam sebagai hub utama jaringan kabel serat optik internasional dan domestik.
Hal tersebut mendukung investasi Data Center yang membutuhkan lebih banyak kabel serat optik baru dan keragaman rute yang dapat dijamin oleh landing point kabel di Nongsa Digital Park, Batam.
Airlangga menyampaikan hal itu kepada pengusaha di sektor teknologi seperti CEO BW Digital Ludovic Hutier, CTO and MD PDG Asher Ling, dan MD and Head of Data Centre GAW Capital Kok-Chye Ong.
“Batam dapat menjadi lokasi yang sangat kompetitif untuk ekosistem industri digital. Dengan total investasi yang masuk dalam pengembangan Data Center di Batam mencapai sekitar 3 miliar dolar AS, pembangunan jaringan kabel serat optik menjadi keunggulan konektivitas dalam pembangunan Data Center di Batam,” kata Airlangga saat pertemuan Indo-Pacific Economic Framework for Prosperity (IPEF) 2024 di Singapura, Rabu.
Selain permasalahan perizinan, ketersediaan air dan energi yang ramah lingkungan juga menjadi topik yang dibicarakan oleh Airlangga. Pengusaha mengharapkan agar tambahan hydro power di Sumatera yang menghasilkan ratusan megawatt (MW) energi ramah lingkungan dapat disuplai ke Batam untuk meningkatkan kapasitas Data Center yang sedang dan akan dibangun.

Suplai energi hydro power tersebut akan menjadi game changer sekaligus meningkatkan daya tarik Batam untuk menjadi tujuan investasi.
Dalam kesempatan tersebut juga terungkap bahwa pembangunan Data Center di Indonesia juga telah dilakukan di berbagai kota seperti di Jakarta, Surabaya, Cikarang, hingga Pekanbaru.
Lebih lanjut, Airlangga menjelaskan penyiapan talenta digital juga menjadi hal penting agar pengelolaan teknologi digital ke depan dapat dilakukan dengan baik. Kehadiran berbagai akademi talenta digital asing di berbagai kota di Indonesia juga diharapkan dapat memenuhi kebutuhan akan ketersediaan talenta digital.
""Kegiatan talent developtment juga difokuskan untuk memberikan keterampilan yang tepat kepada talenta Indonesia untuk dapat mengelola AI,” kata Airlangga.
Baca juga: Airlangga: RI harus tingkatkan ekonomi syariah agar jadi nomor satu Baca juga: Pemerintah sebut 3 KEK baru mampu bangkitkan ekonomi kawasan Baca juga: Airlangga: Keanggotaan OECD dapat tingkatkan investasi 0,37 persen

Pewarta: Bayu Saputra Editor: Ahmad Buchori Copyright © ANTARA 2024
Dilarang keras mengambil konten, melakukan crawling atau pengindeksan otomatis untuk AI di situs web ini tanpa izin tertulis dari Kantor Berita ANTARA.",https://img.antaranews.com/cache/1200x800/2024/06/05/publikasi_1717568536_666004181cba7.jpg
Dyah Roro Esti dorong energi ramah lingkungan untuk listrik pusat data,18 Mei 2024,Anggota Komisi VII DPR RI Dyah Roro Esti mendorong penggunaan energi ramah lingkungan untuk memenuhi kebutuhan daya ...,https://www.antaranews.com/berita/4110114/dyah-roro-esti-dorong-energi-ramah-lingkungan-untuk-listrik-pusat-data,ANTARA,Data Center di Indonesia,2026-10-05 01:48:27,"Jakarta (ANTARA) - Anggota Komisi VII DPR RI Dyah Roro Esti mendorong penggunaan energi ramah lingkungan untuk memenuhi kebutuhan daya listrik pusat data ( data center ) di Indonesia.
Menurut dia, dalam keterangannya yang dikutip di Jakarta, Sabtu, data center membutuhkan energi dalam jumlah besar untuk mendorong keberlanjutan ( sustainability ).
Di sisi lain, pemerintah sedang menyusun Rancangan Undang-Undang tentang Energi Baru dan Energi Terbarukan (RUU EBET) sebagai upaya menciptakan sumber energi yang lebih bersih, sehingga perlu dipastikan bahwa aliran listrik untuk data center berasal dari sumber energi yang ramah lingkungan.
"" Data center membutuhkan energi yang signifikan untuk mendorong keberlanjutan, sehingga kita harus menggunakan sumber energi yang lebih bersih. Kami sedang menyusun RUU EBET untuk mengurangi emisi CO2 dengan mempertimbangkan bahwa saat ini sebesar 70 persen listrik kita berasal dari sumber yang kurang ramah lingkungan. Inisiatif ini menyoroti komitmen kami untuk mendiversifikasi portofolio energi dan mempromosikan energi terbarukan untuk masa depan yang berkelanjutan,"" ujar Roro Esti saat menjadi panelis dalam agenda Legrand Day Data Center Summit 2024 bertajuk Sustainabillity and Net Zero Emission .
Roro Esti menilai data center atau industri lainnya akan bisa lebih berkelanjutan, jika berhasil diintegrasikan dengan sistem pengelolaan sampah yang tepat, termasuk dalam mengelola sampah-sampah elektronik atau e-waste management .

Terlebih, lanjutnya, permasalahan e-waste maupun sampah pada umumnya merupakan sesuatu persoalan yang sering dihadapi masyarakat sehari-hari.
Oleh karena itu, ia menyebut isu tersebut tidak bisa dipandang sebelah mata.
Berdasarkan fakta itu, menurut Roro Esti, pemerintah perlu terus berupaya memastikan perusahaan dan industri menerapkan praktik pengelolaan sampah yang baik dan berkelanjutan.
""Pemerintah nantinya akan menetapkan standar lingkungan yang dilembagakan secara peer-to-peer , sehingga data center dapat memahami dan mematuhi regulasi tersebut,"" sebutnya.
Baca juga: DCI sebut kapasitas pusat data di Indonesia baru capai 200 MW Baca juga: Telkom berencana menjalin kemitraan untuk monetisasi pusat data Baca juga: Pertumbuhan ekonomi digital dorong investasi pusat data di Jakarta

Pewarta: Kelik Dewanto Editor: Faisal Yunianto Copyright © ANTARA 2024
Dilarang keras mengambil konten, melakukan crawling atau pengindeksan otomatis untuk AI di situs web ini tanpa izin tertulis dari Kantor Berita ANTARA.",https://img.antaranews.com/cache/1200x800/2024/05/18/WhatsApp-Image-2024-05-18-at-08.38.21.jpeg
DCI sebut kapasitas pusat data di Indonesia baru capai 200 MW,22 April 2024,VP of Market Development and Sales Strategy PT DCI Indonesia Tbk Abieta Billy menuturkan bahwa potensi perkembangan ...,https://www.antaranews.com/berita/4069437/dci-sebut-kapasitas-pusat-data-di-indonesia-baru-capai-200-mw,ANTARA,Data Center di Indonesia,2026-10-05 01:48:27,"Jakarta (ANTARA) - VP of Market Development and Sales Strategy PT DCI Indonesia Tbk Abieta Billy menuturkan bahwa potensi perkembangan industri layanan pusat data ( data center ) di Indonesia masih sangat besar, mengingat kapasitasnya baru mencapai 200 megawatt (MW).
“Indonesia dengan 270 juta penduduk memerlukan kapasitas data center kurang lebih 2.200 MW, sedangkan di Indonesia saat ini kapasitasnya masih hanya sekitar 200 MW,” kata Abieta Billy dalam ""Public Expose 2024"" yang diikuti secara daring dari Jakarta, Senin.
Menurutnya, dibandingkan dengan Jepang, kapasitas data center di Indonesia masih lebih kecil. Kapasitas fasilitas pusat data di Jepang telah mencapai 7 hingga 8 watt per kapita, sementara di Indonesia masih 1 watt per kapita.
Hal tersebut menunjukkan bahwa masih ada ruang yang sangat besar bagi pertumbuhan industri data center Indonesia di masa depan, bahkan diproyeksikan mencapai dua digit setiap tahunnya.
“Keadaan pasar industri data center saat ini masih berkembang dengan sangat baik, terbukti dengan statistik berbagai macam sumber bahwa pertumbuhan industri data center itu masih berkembang dengan double digit setiap tahunnya,” ujar Abieta.

Dengan prospek yang baik tersebut, pihaknya pun mempertimbangkan untuk berinvestasi mendirikan fasilitas pusat data di lokasi lainnya di luar tiga lokasi yang telah dibangun, yakni Jakarta, Cibitung, dan Karawang.
Selain itu, tahun ini DCI Indonesia juga menargetkan ekspansi kapasitas fasilitas pusat datanya sebesar 36 MW dengan menyelesaikan pengembangan Gedung JK6 sebagai gedung kelima di kompleks data center Cibitung.
“ Ini akan membuat kapasitas total DCI Indonesia yang mencapai 83 MW pada akhir 2023 menjadi 119 MW pada akhir 2024,” ucap Abieta. Baca juga: DCI berencana habiskan Rp1 triliun untuk ekspansi pusat data tahun ini Baca juga: Telkom berencana menjalin kemitraan untuk monetisasi pusat data
Pewarta: Uyu Septiyati Liman Editor: Ahmad Wijaya Copyright © ANTARA 2024
Dilarang keras mengambil konten, melakukan crawling atau pengindeksan otomatis untuk AI di situs web ini tanpa izin tertulis dari Kantor Berita ANTARA.",https://img.antaranews.com/cache/1200x800/2024/04/22/Abiete3.jpg
Menkominfo dukung pertumbuhan industri pusat data di Indonesia,21 November 2023,"Menteri Komunikasi dan Informatika, Budi Arie Setiadi mengungkapkan dukungan pemerintah terhadap percepatan ...",https://www.antaranews.com/berita/3833784/menkominfo-dukung-pertumbuhan-industri-pusat-data-di-indonesia,ANTARA,Data Center di Indonesia,2026-10-05 01:48:30,"Jakarta (ANTARA) - Menteri Komunikasi dan Informatika, Budi Arie Setiadi mengungkapkan dukungan pemerintah terhadap percepatan transformasi digital nasional, dengan penekanan pada penyelesaian pembangunan Pusat Data Nasional (PDN).
Budi Arie memuji inisiatif swasta, termasuk Bersama Digital Data Centres (BDDC), dalam membangun industri pusat data.
""Saya mengharapkan mudah-mudahan Bersama Digital Data Centres ini bisa melayani masyarakat, khususnya dalam ekosistem digital ini supaya juga menumbuhkan dan memberi sumbangsih bagi transformasi digital di Indonesia,"" kata Budi Arie di Jakarta, Selasa.
Budi Arie mengatakan secara konsisten pihaknya mendorong dan mendukung tumbuhnya ekosistem digital yang mampu menopang pertumbuhan ekonomi Indonesia.
Dirinya mengapresiasi setiap inisiatif sektor swasta dalam menumbuhkan potensi ekonomi baru dalam rangka akselerasi transformasi digital nasional.

Dalam kesempatan itu, Menkominfo menyoroti potensi besar bisnis pusat data di Indonesia, dengan kebutuhan data yang baru mencapai 4 persen dari kapasitas yang dimiliki.
Baca juga: Pembangunan Pusat Data Nasional di Cikarang rampung September 2024
Baca juga: Data center ramah lingkungan akan hadir di Indonesia
Dia menekankan pentingnya perubahan regulasi terkait kepemilikan data, yang dapat membuka peluang investasi dan mempercepat transformasi digital.
""Jadi potensi data center atau bisnis data center di Indonesia sangat besar. Apalagi kalau nanti kita, saya lagi coba kaji dan akan bicara dengan Pak Presiden kita ubah PP-nya (peraturan pemerintah) bahwa semua data milik pemilik data,"" ucap Budi Arie.

""Jadi tinggal kita ubah data ini milik pemilik data, kecuali untuk berbagai hal tertentu ya. Saya pikir akan membuka peluang, membuka iklim investasi dan mendorong kecepatan dan percepatan transformasi digital,"" kata dia.
Dengan nilai potensial bisnis pusat data di Indonesia mencapai sekitar 47 miliar dollar AS (sekitar Rp728 triliun), Budi Arie Setiadi mendorong kolaborasi sektor swasta untuk membangun ekosistem yang sehat.
Dia berharap Bersama Digital Data Center dapat menjadi motor penggerak bagi transformasi digital Indonesia.
Bersama Digital Data Centres (BDDC), pusat data dalam kota (in-town data centre) yang menjadi pusat interkonektivitas dengan ekosistem digital terintegrasi, hari ini menggelar seremoni penyelesaian pembangunan (topping off) BDDC JST1 (Jakarta - Selatan - Timur), yang merupakan pusat data tier IV BDDC di Jakarta.
BDDC hadir melalui akuisisi dari dua data center dalam kota yang diproyeksikan memiliki kapasitas mencapai 60 megawatt, dan akan memperkuat interkonektivitas di Jakarta.
Presiden Komisaris BDDC Setyanto Hantoro mengatakan pihaknya berkomitmen dalam mendorong pertumbuhan ekosistem digital seiring dengan pertumbuhan digitalisasi di Indonesia yang sangat pesat.

“Kami bersyukur bahwa topping off BDDC JST1 dapat berjalan tepat waktu sesuai dengan proses pembangunannya yang progresif. Saat ini telah terjadi lonjakan trafik internet dan data yang sangat tinggi sehingga membutuhkan kapasitas pusat data dalam kota yang lebih besar,” kata dia.
Baca juga: Pusat data salah satu komponen paling penting ekonomi digital
Berdasarkan Survei Asosiasi Penyelenggara Jasa Internet Indonesia (APJII), penetrasi internet di Indonesia telah mencapai 78,19 persen pada 2023 atau lebih dari 215 juta jiwa dari total populasi di Indonesia sebesar lebih dari 275 juta jiwa.
Dengan meningkatnya penetrasi internet dan transisi ke ekonomi digital, kebutuhan akan infrastruktur digital menjadi semakin krusial.
Pemanfaatan dan peran pusat data dalam kota dinilai telah menjadi prioritas utama pada banyak industri, khususnya pada perusahaan global dan lokal berbasis penyedia layanan cloud, perusahaan teknologi, dan berbagai industri lainnya yang masuk ke dunia digital seperti industri finansial, bank, perusahaan asuransi, minyak dan gas, logistik, serta manufacturing,

Perusahaan-perusahaan ini secara langsung memiliki aplikasi untuk end user atau menggunakan data storage , processing , atau layanan transfer. Saat ini penggunaan paling tinggi adalah streaming , social media , cloud , dan artificial intelligence (AI).
Seluruh aktivitas digital di berbagai industri ini dinilai memiliki kebutuhan pusat data yang memiliki reliabilitas yang tinggi, terlebih lagi untuk industri finansial.
“BDDC memiliki posisi strategis dalam menjawab kebutuhan pusat data dengan kapasitas yang lebih tinggi sehingga terjadi peningkatan efisiensi. Selain itu, BDDC menawarkan reliabilitas yang lebih baik dengan inovasi yang terus dikembangkan sehingga pelayanan untuk pelanggan lebih baik,” kata Setyanto.
Ke depan, BDDC juga merencanakan penyelesaian pembangunan untuk BDDC JST2 di mana keduanya akan menjadi pusat interkonektivitas.
“Kehadiran pusat data baru akan membantu mematangkan ekosistem digital khususnya melalui peningkatan kapasitas yang terukur dari skalanya,” ujar dia.
Baca juga: Kemnaker buat standar kompetensi pusat data hijau kurangi emisi karbon
Baca juga: Tiga upaya manfaatkan peluang dan ciptakan talenta data center
Baca juga: Kemenkominfo koordinasi dengan DPR soal progres pembangunan PDN
Pewarta: Fathur Rochman Editor: Maria Rosari Dwi Putri Copyright © ANTARA 2023
Dilarang keras mengambil konten, melakukan crawling atau pengindeksan otomatis untuk AI di situs web ini tanpa izin tertulis dari Kantor Berita ANTARA.",https://img.antaranews.com/cache/1200x800/2023/11/21/IMG-20231121-WA0004-01.jpeg
Internet cepat kunci dalam mewujudkan transformasi digital,21 November 2023,Menteri Komunikasi dan Informatika Budi Arie Setiadi menilai kecepatan internet yang mumpuni menjadi kunci dalam ...,https://www.antaranews.com/berita/3833607/internet-cepat-kunci-dalam-mewujudkan-transformasi-digital,ANTARA,Data Center di Indonesia,2026-10-05 01:48:30,"Jakarta (ANTARA) - Menteri Komunikasi dan Informatika Budi Arie Setiadi menilai kecepatan internet yang mumpuni menjadi kunci dalam mewujudkan transformasi digital di Indonesia.
""Kalau kita tidak bisa meningkatkan kecepatan internet, jangan harap kita akan melalui transformasi digital ini secara baik,"" ujar Budi Arie di Jakarta, Selasa.
Budi menjelaskan bahwa kecepatan internet yang belum maksimal menjadi tantangan utama. Saat ini, kata dia, penetrasi internet di Indonesia sebesar 78 persen. Artinya, lebih dari 200 juta orang telah terjangkau oleh layanan internet. Namun kecepatan internet di Indonesia masih sekitar 23,3 megabyte per detik.
Untuk itu, kata dia, hadirnya konektivitas 5G di Indonesia diharapkan dapat mendorong penetrasi internet di Tanah Air. Diketahui, Indonesia memiliki keunggulan tambahan dalam bentuk frekuensi 700 Mhz yang memiliki potensi untuk digunakan dalam jaringan 5G.
Baca juga: Kemenkominfo: ASO untuk menghadirkan internet cepat

Budi Arie mengatakan pihaknya terus mendorong operator seluler memanfaatkan frekuensi tersebut agar konektivitas jaringan 5G semakin meluas. Pemerintah tengah menyiapkan insentif penggelaran konektivitas 5G di Indonesia.
""Saya juga mendorong asosiasi telekomunikasi seluler di Indonesia sama-sama menggodok insentif untuk 5G di Indonesia,"" kata dia.
Menteri Kominfo berharap agar kecepatan internet yang tinggi dapat memicu perkembangan sektor-sektor seperti e-commerce dan memastikan pertumbuhan merata di seluruh negeri.
Selain itu, Budi Arie juga menyoroti mengenai pentingnya infrastruktur digital yang merata di seluruh wilayah Indonesia, termasuk di daerah pelosok.
""Kita tidak mau pembangunan dan kemajuan Indonesia ini meninggalkan saudara-saudara kita yang lain, terutama di saudara kita di Indonesia Timur yang yang masih jauh sekali pemanfaatan akses internet,"" kata dia.

Baca juga: Kemkominfo siapkan media center dan internet cepat untuk 10th WWF 2024
Budi Arie juga menggambarkan potensi besar bisnis data center di Indonesia. Dengan kebijakan yang mendukung kepemilikan data oleh pemiliknya, dia meyakini bahwa hal ini dapat menarik perusahaan global untuk menempatkan data mereka di Indonesia.
""Jadi tinggal kita ubah data ini milik pemilik data, kecuali untuk berbagai hal tertentu ya. Saya pikir itu akan membuka peluang, membuka iklim investasi, dan mendorong kecepatan dan percepatan transformasi digital,"" ujar dia.
Dalam rencananya untuk mengakselerasi transformasi digital, Menteri Kominfo mengatakan pihaknya menggandeng konsultan McKinsey untuk merumuskan peta jalan lima tahun ke depan dan menuju 2045.
""Saya sedang meng-hire McKinsey, suatu konsultan untuk merumuskan roadmap kita 5 tahun ke depan dan 2045, roadmap transformasi digital kita. Hitungan mereka rapi. Permintaannya bagaimana, kecepatannya bagaimana, pilihan teknologinya bagaimana, semua dirumuskan dengan pemerintah sehingga kita tidak salah melangkah,"" demikian disampaikan Menkominfo.
Baca juga: Cara mengetahui penyedia internet yang tercepat di sekitar rumah

Pewarta: Fathur Rochman Editor: Siti Zulaikha Copyright © ANTARA 2023
Dilarang keras mengambil konten, melakukan crawling atau pengindeksan otomatis untuk AI di situs web ini tanpa izin tertulis dari Kantor Berita ANTARA.",https://img.antaranews.com/cache/1200x800/2023/11/21/IMG-20231121-WA0002_copy_1911x1433-01_copy_1630x1089.jpg
Tencent Cloud dan Digital Edge Mengumumkan Kerja Sama untuk Merevolusi Ekosistem Konektivitas Data Center di Indonesia,20 November 2023,"Tencent Cloud hari ini mengumumkan kerja samanya dengan Digital Edge, sebuah perusahaan platform ...",https://www.antaranews.com/berita/3831894/tencent-cloud-dan-digital-edge-mengumumkan-kerja-sama-untuk-merevolusi-ekosistem-konektivitas-data-center-di-indonesia,ANTARA,Data Center di Indonesia,2026-10-05 01:48:30,"
EPIX adalah operator pertukaran data via Internet ternama yang menawarkan konektivitas ultra-cepat, didukung oleh platform jaringan yang kuat dan telah teruji. EPIX berfungsi sebagai platform yang penting bagi semua yang tergabung di dalam ekosistemnya, termasuk Operator, ISP, Penyedia Konten, dan Perusahaan, memfasilitasi pertukaran lalu lintas IP yang cepat dan hemat biaya; yang melayani berbagai tujuan: optimasi kinerja jaringan, meningkatkan ketahanan, atau mengurangi biaya operasional, EPIX berdiri sebagai platform ideal untuk terhubung dengan jaringan global.

Kehadiran Tencent Cloud sebagai salah satu penyedia layanan cloud pertama yang bergabung dengan jaringan EPIX di Jakarta, menunjukkan optimisme terhadap pertumbuhan pasar cloud Indonesia. Dengan jaringan infrastruktur global yang kuat yang membentang di 26 wilayah geografis dan 70 zona di dunia, termasuk dua pusat data di Jakarta, Indonesia, Tencent Cloud menawarkan lebih dari 400 teknologi dan solusi konektivitas untuk mendukung transformasi digital untuk enterprise. Dengan mendirikan pusat data lokal, Tencent Cloud mendekatkan layanannya kepada pelanggan dan pengguna, mempercepat akses data dan mempercepat transformasi digital bagi bisnis dan organisasi di seluruh negeri, sesuai dengan regulasi Pemerintah dan menyediakan layanan tambahan untuk pemulihan bencana di kawasan Asia-Pasifik.


Jimmy Chen, Vice President Tencent Cloud International dan Managing Director Southeast Asia, mengatakan, ""Kami senang dapat semakin mempertegas posisi kami sebagai penyedia layanan cloud internasional, lewat kemitraan kami dengan EPIX di Jakarta. Pencapaian ini adalah bukti dari lebih dari 20 tahun pengalaman kami dalam inovasi teknologi dan fondasi infrastruktur yang kuat. Dengan kemitraan ini, kami mengambil langkah signifikan dalam meningkatkan konektivitas data di pasar berkembang dan mendorong kemajuan infrastruktur digital. Kami optimis melihat peluang besar yang dihadirkan lewat kolaborasi ini ini dan tetap sepenuhnya berkomitmen untuk mempercepat transformasi digital di berbagai industri di Indonesia.""

Jonathan Chou, Chief Product Officer Digital Edge mengatakan, ""Digital Edge berkomitmen untuk menawarkan berbagai pilihan konektivitas kepada pelanggan kami, termasuk menyediakan pertukaran data via internet untuk memungkinkan peering dan memajukan ekosistem digital yang berkembang dalam pusat data kami. Melalui kerja sama dengan penyedia layanan cloud terkemuka seperti Tencent Cloud, kami dapat melanjutkan misi kami untuk menjembatani kesenjangan digital dan memperkuat infrastruktur digital di pasar Asia yang berkembang pesat, termasuk Indonesia.""

Tentang Tencent Cloud


Tencent Cloud, salah satu perusahaan cloud terkemuka di dunia, berkomitmen untuk menciptakan solusi inovatif  untuk menyelesaikan masalah dunia nyata dan memungkinkan transformasi digital untuk industri pintar. Melalui infrastruktur global kami yang luas, Tencent Cloud menyediakan produk dan layanan cloud terdepan yang stabil dan aman bagi bisnis di seluruh dunia, memanfaatkan kemajuan teknologi seperti komputasi awan, analitik Big Data, AI, IoT, dan keamanan jaringan. Ini adalah misi konstan kami untuk memenuhi kebutuhan industri di seluruh papan, termasuk bidang game, media dan hiburan, keuangan, perawatan kesehatan, properti, ritel, perjalanan dan transportasi.
Pewarta: PR Wire Editor: PR Wire Copyright © ANTARA 2023
Dilarang keras mengambil konten, melakukan crawling atau pengindeksan otomatis untuk AI di situs web ini tanpa izin tertulis dari Kantor Berita ANTARA.",https://img.antaranews.com/cache/1200x800/2023/02/09/WhatsApp-Image-2023-02-09-at-2.07.54-PM.jpeg
Kadin harap presiden baru tetap lanjutkan program Indonesia Emas 2045,18 Oktober 2023,Kepala Badan Pengembangan Ekosistem Keuangan Digital Kadin Indonesia Pandu Patria Sjahrir berharap siapapun calon ...,https://www.antaranews.com/berita/3780270/kadin-harap-presiden-baru-tetap-lanjutkan-program-indonesia-emas-2045,ANTARA,Data Center di Indonesia,2026-10-05 01:48:30,"Jakarta (ANTARA) - Kepala Badan Pengembangan Ekosistem Keuangan Digital Kadin Indonesia Pandu Patria Sjahrir berharap siapapun calon presiden (capres) dan calon wakil presiden (cawapres) yang terpilih nanti, akan tetap melanjutkan program ekonomi Indonesia Emas 2045.
“Kami sih dari Kadin yang pasti netral ya, tapi kita ingin siapapun nanti yang jadi penerus ya program ekonomi harus terus dilanjutkan, apalagi untuk Indonesia Emas 2045,” kata Pandu usai acara konferensi pers peluncuran GoPay Tabungan by Jago di Jakarta, Rabu.
Adapun program ekonomi yang dimaksud telah terangkum dalam Peta Jalan (Road Map) Indonesia Emas 2045 yang dirilis oleh Kamar Dagang dan Industri Indonesia (Kadin Indonesia).
Pandu menyoroti pentingnya peningkatan kualitas sumber daya manusia (SDM) dari aspek pendidikan, kesehatan serta lingkungan hidup yang perlu dijadikan prioritas oleh calon pemimpin nantinya.
Lebih lanjut, menurut Pandu, siapapun capresnya nanti harus merupakan seseorang yang dapat bersikap adil.

""Tapi harus adil itu juga penting. Jangan ada terlalu banyak perbedaan, dan juga yang penting adalah equal access itu juga penting buat setiap warga negara,"" ujarnya.
Pria yang juga menjabat sebagai Direktur PT Toba Bara Sejahtera itu menyampaikan tiga hal penting yang harus difokuskan para capres dan cawapres ke depan.
Yang pertama, Indonesia saat ini perlu untuk menerapkan akselerasi digital dengan mengembangkan infrastruktur digital seperti 5G, serta membangun pusat data atau data center di Indonesia.
Kedua, perlu adanya keamanan data dari segi pembuatan pusat data di Indonesia. Ketiga, Pandu menilai pemerintahan baru merupakan pemerintahan yang membuat kebijakan yang baik serta berpihak pada pengusaha lokal.
“Kita, juga perlu peraturan yang baik agar ada keberpihakan kepada local player,” katanya.

Sebelumnya, Ketua Umum Kadin Indonesia Arsjad Rasjid telah memberikan buku Peta Jalan menuju Indonesia Emas 2045 kepada Presiden Joko Widodo pada acara Malam Apresiasi Nusantara di Ibu Kota Nusantara (IKN), Kalimantan Timur.
Peta jalan tersebut memuat sejumlah strategi dan inisiatif yang menitikberatkan pada empat aspek prioritas. Yang pertama, meningkatkan ketahanan pangan dan kesehatan sebagai aspek paling mendasar dalam kehidupan masyarakat.
Kedua, meningkatkan aspek kesejahteraan yang tak hanya menyangkut produk domestik bruto (PDB) tetapi juga masyarakat dengan penghasilan yang tinggi dengan kehidupan yang layak.
Ketiga, meningkatkan aspek inklusivitas, serta keempat, berfokus pada aspek keberlanjutan dengan tetap memperhatikan dan menjaga keberlangsungan lingkungan.
Baca juga: Kadin sebut regulasi investasi Indonesia berpihak semua investor
Baca juga: Kadin ajak partisipasi pengusaha berpartisipasi dalam pembangunan IKN

Baca juga: KADIN soroti peluang besar dalam Forum Bisnis Indonesia-Eropa
Pewarta: Bayu Saputra Editor: Ahmad Buchori Copyright © ANTARA 2023
Dilarang keras mengambil konten, melakukan crawling atau pengindeksan otomatis untuk AI di situs web ini tanpa izin tertulis dari Kantor Berita ANTARA.",https://img.antaranews.com/cache/1200x800/2023/10/18/WhatsApp-Image-2023-10-18-at-7.34.20-PM.jpeg
Wamen BUMN: Standard internasional bantu tingkatkan bisnis data center,16 Oktober 2023,Wakil Menteri Badan Usaha Milik Negara (Wamen BUMN) Rosan Perkasa Roeslani mengatakan bahwa untuk menarik pelanggan ...,https://www.antaranews.com/berita/3775785/wamen-bumn-standard-internasional-bantu-tingkatkan-bisnis-data-center,ANTARA,Data Center di Indonesia,2026-10-05 01:48:30,"Bekasi (ANTARA) - Wakil Menteri Badan Usaha Milik Negara (Wamen BUMN) Rosan Perkasa Roeslani mengatakan bahwa untuk menarik pelanggan terdapat industri data center Indonesia diperlukan peningkatan standar berkualitas internasional.
Rosan menyampaikan Indonesia harus terus meningkatkan standard agar bisa menggaet pelanggan internasional. Selain itu, pelaku usaha juga harus memahami peraturan dan kebijakan yang sejalan dengan apa yang berkembang di luar negeri.
""Pertama-tama kita harus meningkatkan standard kita juga, tapi standar yang saya lihat ini sudah sangat baik dan berstandard internasional. Ya kita memang juga harus memahami peraturan dan policy yang inline dengan luar,"" ujar Rosan saat melakukan kunjungan ke Hyperscale Data Center milik Telkom Data Ekosistem (NeutraDC) di Cikarang, Bekasi, Jawa Barat, Senin.
Lebih lanjut, ia mengatakan Indonesia juga perlu melakukan penyesuaian kebijakan yang menarik minat calon pelanggan baik yang berada di Indonesia maupun luar negeri, guna menumbuhkan industri data center .
Menurut Rosan, peningkatan industri data center tidak hanya harus dilakukan oleh Telkom Data Ekosistem (NeutraDC), anak usaha TelkomGroup, tetapi juga kementerian dan lembaga terkait lainnya.

Baca juga: Wamen Rosan: Indonesia berpeluang pimpin pasar data center regional
Baca juga: Wamen BUMN: Indonesia alami revolusi keuangan digital
""Ini mesti effort bersama-sama tidak bisa hanya NeutraDC yang melakukan, tapi kita sendiri di kementerian atau pemerintahan harus melakukan kebijakan-kebijakan yang mendorong kita untuk lebih baik, lebih kompetitif,"" kata Rosan.
Rosan optimistis industri data center di Indonesia dapat berkembang pesat. Menurut Rosan, saat ini saingan terbesar Indonesia di wilayah Asia Tenggara hanyalah Singapura. Namun, Singapura pun sedang mulai mengurangi bisnis data center , lantaran keterbatasan energi.
""Oleh sebab itu, ini kesempatan kita untuk bisa mendorong secara signifikan yang kita harapkan bisa jadi pemain global,"" ujarnya.

Lebih lanjut, selain mendapat nilai ekonomi yang tinggi, berkembangnya industri data center diharapkan dapat menciptakan lapangan kerja.
Baca juga: Wamen BUMN: BUMN sebagai katalis kemajuan keuangan digital Indonesia
Baca juga: Hipmi yakin Rosan mampu akselerasi peningkatan kinerja BUMN
Pewarta: Maria Cicilia Galuh Prayudhia Editor: Agus Salim Copyright © ANTARA 2023
Dilarang keras mengambil konten, melakukan crawling atau pengindeksan otomatis untuk AI di situs web ini tanpa izin tertulis dari Kantor Berita ANTARA.",https://img.antaranews.com/cache/1200x800/2023/10/16/IMG_0077.jpeg
Tiga upaya manfaatkan peluang dan ciptakan talenta data center,30 September 2023,"Data Center Business Vice President Schneider Electric Indonesia Yana Haikal menjelaskan, terdapat tiga langkah utama ...",https://www.antaranews.com/berita/3750798/tiga-upaya-manfaatkan-peluang-dan-ciptakan-talenta-data-center,ANTARA,Data Center di Indonesia,2026-10-05 01:48:30,"Jakarta (ANTARA) - Data Center Business Vice President Schneider Electric Indonesia Yana Haikal menjelaskan, terdapat tiga langkah utama untuk memanfaatkan peluang pengembangan dan menciptakan talenta untuk memajukan data center di Indonesia.
Yana Haikal dalam siaran resmi pada Sabtu menjelaskan, data center menjadi tulang punggung teknologi modern, mendukung terlaksananya edge computing hingga artificial intelligence . Namun, kurangnya talenta digital menjadi tantangan besar seiring meningkatnya permintaan data center secara eksponensial.
Saat ini, kebutuhan talenta di bidang Teknologi Informasi Komputer/TIK nasional mencapai sekitar 9 juta orang dalam waktu 15 tahun sejak 2020 hingga 2035 atau sekitar 600 ribu talenta per tahun. Jika industri data center membutuhkan 1 persen saja per bulan, berarti dibutuhkan 500 talenta yang bersertifikasi.
Baca juga: EdgeConneX dukung ekonomi digital dengan pembangunan pusat data
Laporan Uptime Institute mengindikasikan bahwa pada 2025, setidaknya dibutuhkan 2,3 juta staf untuk menjalankan dan mengelola data center secara global, dengan permintaan yang sebagian besar berasal dari perusahaan raksasa internet dan penyedia layanan colocation di Asia Pasifik, Timur Tengah, dan Afrika.

Untuk itu, Schneider Electric menawarkan serangkaian solusi dan layanan untuk data center, termasuk jaringan data center, infrastruktur, keberlanjutan, dan pendinginan.
""Schneider Electric juga secara aktif melakukan kerja sama lintas sektor, termasuk dengan pemerintah, swasta, asosiasi, individu, dan media untuk menawarkan berbagai solusi yang dapat membantu mengatasi kekurangan talenta data center,"" kata Yana Haikal.
Ia menjelaskan, terdapat tiga hal untuk menjembatani kesenjangan talenta data center. Berikut ulasannya:
Baca juga: Menko Luhut ungkap pentingnya pembangunan pusat data di Indonesia
Merangkul gig economy

Gig economy yang ditandai kontrak jangka pendek atau pekerjaan lepas, saat ini dengan cepat mendapatkan popularitas dan menjadi lebih umum di seluruh dunia. Di Indonesia, berdasarkan data Badan Pusat Statistik, pekerja lepas mencapai 46,47 juta orang atau sekitar 32 persen dari total angkatan kerja yang mencapai 146,62 juta jiwa pada Februari 2023.
Perusahaan data center berkesempatan memanfaatkan kumpulan pekerja lepas yang terus bertambah guna mengakses berbagai talenta profesional yang mudah beradaptasi dan dengan cepat menjalankan proyek tanpa perlu prosedur perekrutan yang memakan waktu.
Selain itu, pekerja lepas dapat dibawa ke dalam tim jangka pendek guna menangani tugas-tugas non-inti atau mengelola lonjakan permintaan. Fleksibilitas itu memungkinkan perusahaan tetap lincah dan tanggap terhadap perubahan kebutuhan bisnis sekaligus membantu mengendalikan biaya.
Baca juga: PT Telkom targetkan bangun data center lebih masif lagi, incar 400 MW
Pentingnya talenta non-teknis
Pengelolaan data center membutuhkan beragam keahlian di luar hal teknis. Individu dengan latar belakang dari berbagai bidang seperti manajemen proyek, logistik, layanan pelanggan, dan bahkan seni dapat memiliki keterampilan untuk mengoperasikan data center.

Dengan memanfaatkan kumpulan talenta, maka para pemain data center dapat mengakses lebih banyak talenta profesional yang mudah beradaptasi dan dapat berkontribusi pada proyek tanpa perlu prosedur perekrutan yang memakan waktu.
Dalam banyak kasus, pekerja non-teknis mungkin memiliki kemampuan unik dengan potensi yang saling menguatkan talenta teknis dalam ekosistem industri data center. Selain itu, program pelatihan dan sertifikasi juga dapat menjembatani kesenjangan talenta non-teknis dan membantu para individu tersebut untuk memperoleh keterampilan.
Di Indonesia, kata Yana Haikal, Nusantara Data Center Academy menjadi salah satu lembaga yang menawarkan program pendidikan khusus data center yang terbagi menjadi dua lajur utama.
Lajur pertama adalah penciptaan tenaga kerja baru yang dihasilkan dari sekolah dan politeknik berbasis vokasi. Sedangkan lajur kedua adalah up-skilling dan re-skilling pekerja di ekosistem data center nasional, berbasis sertifikasi profesi yang diakui secara global.
Baca juga: Erick Thohir: RI perkuat data center untuk jadi pemain besar di ASEAN

Mentorship untuk menginspirasi talenta
Untuk mendukung ketersediaan talenta data center generasi berikutnya, para pemimpin dapat berperan dalam menginspirasi generasi muda untuk mempertimbangkan karier di bidang teknologi.
Hal itu dapat dicapai melalui program magang yang berhubungan dengan bidang Teknologi Informasi/TI. Di samping itu, mentoring dapat membantu pertumbuhan profesional karyawan senior dan junior yang berkelanjutan.
Yana Haikal berpendapat, keterampilan mereka dapat dikembangkan dengan memasangkan para profesional berpengalaman dengan kalangan yang baru berkarier.
Platform pengembangan talenta profesional khusus seperti Schneider Electric University juga dapat membantu menutup kesenjangan keterampilan di industri data center dengan membantu para pelaku industri untuk meningkatkan keterampilan dan mengikuti perkembangan teknologi, keberlanjutan, dan efisiensi energi yang baru.
Baca juga: Telkom resmikan 'data center' wujudkan ekosistem digital nasional
Pewarta: Alviansyah Pasaribu Editor: Siti Zulaikha Copyright © ANTARA 2023
Dilarang keras mengambil konten, melakukan crawling atau pengindeksan otomatis untuk AI di situs web ini tanpa izin tertulis dari Kantor Berita ANTARA.",https://img.antaranews.com/cache/1200x800/2023/09/30/IMG_20230323_203613_963.jpg
Menko Luhut ungkap pentingnya pembangunan pusat data di Indonesia,13 September 2023,Menteri Koordinator Bidang Kemaritiman dan Investasi Luhut Binsar Pandjaitan mengungkapkan pentingnya pembangunan pusat ...,https://www.antaranews.com/berita/3724896/menko-luhut-ungkap-pentingnya-pembangunan-pusat-data-di-indonesia,ANTARA,Data Center di Indonesia,2026-10-05 01:48:30,"Jakarta (ANTARA) - Menteri Koordinator Bidang Kemaritiman dan Investasi Luhut Binsar Pandjaitan mengungkapkan pentingnya pembangunan pusat data ( data center ) di Indonesia untuk mempercepat upaya transformasi digital.
""Pusat data sangat penting, tidak hanya bagi perusahaan tetapi juga dalam menjalankan birokrasi di pemerintahan,"" kata Luhut dalam peresmian Data Center EdgeConneX di Cikarang, Jawa Barat, pada Rabu.
Luhut mengungkapkan, peranan teknologi digital menjadi salah satu sumber pertumbuhan ekonomi Indonesia di masa depan.
Sejalan dengan hal itu, kebutuhan pusat data juga turut meningkat seiring waktu sehingga perlu disiapkan secara baik.
Ia mengatakan, pusat data dibutuhkan pemerintah untuk mendukung sistem e-katalog, sebuah aplikasi belanja secara daring yang menyediakan berbagai macam produk dan komoditas yang dibutuhkan oleh pemerintah.

Tidak hanya itu, pelaksanaan transaksi pembayaran, baik dalam proses penyaluran maupun pemanfaatan dana desa yang dilakukan melalui elektronik dan digital.
Ia juga menyebut, Indonesia perlu membangun sebuah ekosistem untuk mengurangi korupsi dengan membangun ekosistem digitalisasi yang baik.
Menurutnya, jika ekosistem digitalisasi berjalan dengan baik, maka kasus korupsi semakin berkurang.
""Distribusi ekonomi, keuangan, birokrasi, hingga edukasi. Semuanya yang kita lakukan di sektor digital membutuhkan data center,"" ujarnya.
Lebih lanjut Menko Luhut menyampaikan, perekonomian Indonesia memiliki potensi pertumbuhan ekonomi digital yang lebih besar.

Hasil kajian Google, Temasek, Bain & Company menunjukkan bahwa nilai ekonomi digital Indonesia pada tahun 2022 tercatat sebagai yang tertinggi di Asia Tenggara, yakni sebesar 77 miliar dolar AS, dan diperkirakan mampu mencapai 130 miliar dolar AS pada tahun 2025.
Selain itu, 40 persen pangsa pasar ekonomi digital Asia Tenggara berada di Indonesia.
Ia berjanji, pemerintah akan membantu agar investor diberikan kemudahan dalam berinvestasi di sektor digital di Indonesia.
""Pemerintah Indonesia akan selalu mendukung upaya percepatan transformasi digital untuk mencapai target-target tersebut. Kita harus mengembangkan ekosistem digital yang kuat,"" katanya.
Baca juga: Telkom resmikan 'data center' wujudkan ekosistem digital nasional Baca juga: Erick Thohir: RI perkuat data center untuk jadi pemain besar di ASEAN Baca juga: Pembangunan Pusat Data Nasional di Cikarang rampung September 2024

Pewarta: Adimas Raditya Fahky P Editor: Biqwanto Situmorang Copyright © ANTARA 2023
Dilarang keras mengambil konten, melakukan crawling atau pengindeksan otomatis untuk AI di situs web ini tanpa izin tertulis dari Kantor Berita ANTARA.",https://img.antaranews.com/cache/1200x800/2023/09/13/20230913_123653.jpg
Biofarma Group ungkap inovasi transformasi digital di AIPF 2023,7 September 2023,Biofarma Group membagikan beragam solusi kesehatan dari hulu hingga hilir kepada delegasi Gelaran ASEAN Indo-Pacific ...,https://www.antaranews.com/berita/3715176/biofarma-group-ungkap-inovasi-transformasi-digital-di-aipf-2023,ANTARA,Data Center di Indonesia,2026-10-05 01:48:30,"
Berkaitan dengan hal tersebut, Menteri BUMN Erick Thohir dalam keterangannya diterima Kamis, mengungkapkan bahwa langkah Biofarma tersebut sudah sejalan dengan rencana pengembangan bisnis digital BUMN.

Menurut Erick, digital ekonomi Indonesia memang akan menjadi yang terbesar di Asia Tenggara. Oleh karena itu, salah satu yang sedang difokuskan investasi cukup besar adalah pada pembangunan data center di Indonesia.


Kalau data center Indonesia tidak disiapkan, Erick mengatakan, tentunya nanti akan menimbulkan permasalahan.
""Kita akan menjadi pemain data center di Asia Tenggara, diawali dengan penguatan kemitraan Telkom dan Telkomsel dengan mitra di Asia Tenggara. Kita ingin agar Indonesia tidak hanya menjadi market, tetapi kita juga menjadi pelaku utama dalam bisnis global,"" kata Erick.

Sementara itu, Wakil Direktur Utama Biofarma Group, Soleh Ayubi menyampaikan bahwa Biofarma Group sebagai induk Holding BUMN Farmasi, saat ini sudah mengembangkan Marketplace berbasis web dan aplikasi dengan nama Medicine Distribution Business Zone (Medbiz by Bio Farma).


“Medbiz merupakan bukti transformasi digital yang akan menjadi marketplace end-to-end, untuk distribusi produk obat-obatan dan alat kesehatan. Pembuatan Medbiz ini, sejalan dengan tujuan pembentukan Biofarma Group, yaitu untuk menciptakan inovasi bersama dalam penyediaan produk farmasi yang terintegrasi, cepat dan efisien untuk mendorong terciptanya ekosistem kesehatan berbasis digital di Indonesia,” ungkapnya.

Medbiz sudah bisa di akses semenjak 31 Agustus 2022 dan saat ini memiliki potential market mencapai 11,3% dan 18 % New outlets growth, serta pencapaian SKU dan tranksaksi sudah mencapai 230.000++ SKU dan 11.800 Number Transaksi. Selain itu Medbiz ini sudah terhubung dengan 18.300 Retail dan 78 Distributor.

Medbiz menghadirkan berbagai keuntungan baik untuk retail dan distributor. Bagi retail, keuntungan yang didapatkan diantaranya yaitu B2B Marketplace, Online Transaction (24/7), Product Authenticity, Authorized Distributors, Digital Quotation, Flexible Delivery, Promo & Loyalty Program, dan Advance Customer Experience.


Sementara untuk distributor keuntungan yang didapatkan diantaranya Integrated System, Business Expansion, Campaign & Promo, Sales Increase, Online Payment, Verified Buyer, dan Provide Digital Document.

Soleh Ayubi menyampaikan inovasi produk digital lainnya yang dimiliki Biofarma Group yaitu Medtrack.

Medtrack merupakan solusi teknologi yang dikembangkan untuk memantau dan melacak pergerakan produk, bahan, atau komponen dari titik awal hingga titik akhir dalam suatu rantai pasokan.


Medtrack digunakan dalam proses serialisasi dan distribusi vaksin COVID-19 dari tahun 2021 sampai dengan saat ini ke seluruh Indonesia.

“Sampai saat ini Medtrack berjalan selama 3 tahun dengan memberikan manfaat yang luar biasa untuk Bio Farma dan Indonesia. Sistem Medtrack dalam supply chain diimplementasikan dengan menggunakan teknologi seperti Barcode, IoT, GPS, dan dashboard berbasis cloud” papar Ayubi

Bio Farma baru saja meluncurkan produk digital lainnya yaitu Mediverse, Mediverse bertujuan menjadi platform digital kesehatan komprehensif yang mendukung gaya hidup sehat dengan cara yang sederhana, cepat, dan modern, dengan tiga fokus utama pada pelayanan kesehatan yang meliputi promotif, preventif, dan kuratif.

Dalam aplikasi Mediverse, user dapat mengatur janji pertemuan dengan dokter di fasilitas kesehatan yang dipilih melalui fitur Medpoint, atau melakukan konsultasi telemedicine dengan dokter umum atau dokter spesialis melalui Medevo baik secara virtual tatap muka/panggilan video maupun chat.

Selain itu, user juga memiliki kemudahan dalam membeli produk-produk kesehatan, peralatan kesehatan, vitamin, produk perawatan kulit, dan obat-obatan dengan resep elektronik melalui MedPharm.

Tak ketinggalan aspek preventive care dari Mediverse, fitur Medwell memungkinkan user untuk melacak aktivitas harian fisik, mencatat asupan air minum dan pola tidur, memantau perkembangan anak-anak, serta menyediakan layanan tambahan untuk mengatasi sindrom metabolik.

Sebagai satu solusi sehat untuk keluarga, Mediverse juga menyediakan layanan Electronic Health Record (EHR) yang memudahkan user dalam mengelola riwayat kesehatan setiap anggota keluarga secara efisien dan praktis.

Saat ini, Mediverse telah menjalin kemitraan resmi dengan beberapa perusahaan yang berperan sebagai merchant dan telah tersedia di beberapa kota di Indonesia, termasuk 16 gerai Guardian, 145 gerai Apotek K24, 6 laboratorium Diagnos Lab, dan RSIA Bunda.

Biofarma Group juga memiliki aplikasi telemedicine yang diberi nama Medevo, yaitu aplikasi telemedicine Biofarma Grup yang memiliki keunggulan telekonsultasi menggunakan fitur video sehingga pasien dan dokter dapat berinteraksi lebih jelas melalui fitur ini.

Medevo juga menyediakan layanan Doctor to Doctor yaitu layanan rujukan virtual dari layanan di tempat praktek dokter secara offline kepada dokter di dalam aplikasi secara online.

Tidak kalah menarik, Biofarma Group berhasil mengembangkan Q100+, merupakan sebuah platform yang dikembangkan dalam mendukung transformasi digital Bio Farma Group di area manufaktur yang memproduksi produk Life Science.

Suatu sistem untuk menjamin penerapan integritas data, efektivitas kerja, dan pengambilan keputusan untuk menciptakan suatu produk berkualitas.

Platform ini dibangun untuk membantu perusahaan dalam menjamin kualitas produk dan juga memberi solusi lengkap tidak hanya untuk pencatatan proses produksi, tetapi juga untuk menjamin seluruh elemen sejak pra-produksi hingga rilis produk sesuai dengan kebutuhan spesifikasi.

Dengan menerapkan aturan BPOM, WHO, dan badan regulasi lainnya serta dikembangkan dengan GAMP5 Guidance, Q100+ Platform diharapkan dapat menaikan level compliance perusahaan.

Pewarta: Fitra Ashari Editor: Maria Rosari Dwi Putri Copyright © ANTARA 2023
Dilarang keras mengambil konten, melakukan crawling atau pengindeksan otomatis untuk AI di situs web ini tanpa izin tertulis dari Kantor Berita ANTARA.",https://img.antaranews.com/cache/1200x800/2023/09/02/IMG-20230902-WA0009_2.jpg
"PT Telkom targetkan bangun data center lebih masif lagi, incar 400 MW",6 September 2023,PT Telkom Indonesia Tbk bakal lebih agresif dan masif dalam mengembangkan data center di Indonesia seiring ...,https://www.antaranews.com/berita/3713463/pt-telkom-targetkan-bangun-data-center-lebih-masif-lagi-incar-400-mw,ANTARA,Data Center di Indonesia,2026-10-05 01:48:30,"Jakarta (ANTARA) - PT Telkom Indonesia Tbk bakal lebih agresif dan masif dalam mengembangkan data center di Indonesia seiring tingginya pertumbuhan bisnis ini dengan berbasiskan green energy.
Dari total kapasitas data center di Indonesia sebesar 1,5 gigawatt tahun 2030, Telkom merencanakan sudah memiliki 400 megawatt (MW) data center di tahun tersebut.
Direktur Wholesale & International Service Telkom Indonesia Bogi Witjaksono dalam keterangan resmi yang diterima di Jakarta, Rabu, mengatakan pembangunan data center oleh Telkom dilakukan demi mewujudkan kemandirian digital.
Dengan keberadaan data center di Indonesia, lokasi data center menjadi lebih dekat ke pelanggan dan ongkos transfer data menjadi semakin ekonomis dan tidak perlu mengeluarkan ongkos hanya untuk mengambil data ke luar negeri, sehingga secara ekonomi akan menaikkan cadangan devisa.
""Jumlah penduduk Indonesia lebih besar, siapa pemanfaat pengguna data pasti Indonesia (51persen dari total pengguna data Asia Tenggara). Oleh karena itu, kemandirian digital oleh Telkom diwujudkan dengan pengembangan data center secara agresif, karena harus ada di Indonesia agar ongkos transfer data lebih ekonomis dan data lebih dekat ke pelanggan,"" kata Bogi, di sela konferensi internasional NeutraDC Summit, di The Laguna Hotel Nusa Dua, Senin (4/9).

Chief Executive Officer NeutraDC Andreuw Th A F menambahkan, pertumbuhan compound annual growth rate (CAGR) bisnis data center dari tahun ke tahun mencapai 18 persen. Dengan tingginya pertumbuhan permintaan data center, Telkom terus menambah pembangunan data center di Cikarang dan Batam yang segera beroperasi pada akhir Oktober atau November dan beberapa kota lainnya.
Terkait keamanan data, Bogi Witjaksono memastikan seluruh data center yang dimiliki Telkom sudah menerapkan suatu standar global untuk bagaimana mengamankan data center.
Telkom Group akan terus memberikan value yang berbeda dari operator data center lain, salah satunya adalah membangun data center yang memiliki sustainability energy dan kedua, menjaga pengguna data terbesar yang merupakan salah satu pemain operator selular terbesar di Indonesia.
“Kedua value ini harus kita jaga, supaya kepentingan nasional bisa kita jaga juga,” kata Bogi menegaskan.
Dengan adanya data center di Indonesia, Bogi Witjaksono memaparkan, konsumen pengguna data internet di Indonesia menikmati keuntungan juga karena dapat menikmati layanan tarif internet yang kompetitif. Hal ini karena untuk bisa menikmati Shopee atau TikTok live streaming, dibutuhkan sumber daya yang besar sekali untuk mengalirkan data.

“Dibalik live streaming itu konsumsi sumber daya meningkat bukan dua kali bisa sepuluh kali lipat, itu untuk mengalirkan informasi live, resourcesnya besar sekali. Inilah tugas Telkom sebagai agen pembangunan pemerintah untuk dapat menjaga daya beli masyarakat dan menjaga kemandirian nasional dalam ekonomi digital dengan memberikan harga yang kompetitif,” kata Bogi.
Salah satu strategi untuk mempercepat pembangunan data center, ujar Bogi lagi, adalah memodernisasi STO-STO (Sentral Telepon Otomat) yang strategis untuk diubah menjadi neuCentriX. Hal ini dilakukan untuk menjadi market leader di Indonesia dengan kapasitas data center sebesar 400 megawatt tahun 2030.
Saat ini Telkom memiliki data center di 25 kota dengan utilisasi sudah mencapai lebih dari 70 persen, dan akan terus berencana melakukan ekspansi di beberapa kota di Indonesia bahkan di luar negeri. Baca juga: Kemenkominfo apresiasi pusat riset teknologi ""Open RAN"" di Indonesia Baca juga: Telkom mendukung digitalisasi sektor perusahaan lewat OCA
Pewarta: Budi Suyanto Editor: Budisantoso Budiman Copyright © ANTARA 2023
Dilarang keras mengambil konten, melakukan crawling atau pengindeksan otomatis untuk AI di situs web ini tanpa izin tertulis dari Kantor Berita ANTARA.",https://img.antaranews.com/cache/1200x800/2023/09/06/telkom4_1.jpg
Legrand Indonesia gelar Data Center Summit guna kembangkan data center,9 Juni 2023,Perusahaan bidang kelistrikan dan infrastruktur gedung digital Legrand Indonesia menyelenggarakan Data Center Summit ...,https://www.antaranews.com/berita/3580725/legrand-indonesia-gelar-data-center-summit-guna-kembangkan-data-center,ANTARA,Data Center di Indonesia,2026-10-05 01:48:30,"Jakarta (ANTARA) - Perusahaan bidang kelistrikan dan infrastruktur gedung digital Legrand Indonesia menyelenggarakan Data Center Summit 2023 pada 7- 8 Juni 2023 sebagai upaya mengembangkan data center di Tanah Air.
Country Manager Legrand Indonesia Achraf Hegazy dalam keterangan resmi di Jakarta, Jumat, menyampaikan acara ini berhasil mengumpulkan lebih dari 650 peserta dari berbagai industri seperti infrastruktur digital, sektor ritel, dan konstruksi.
""Kami menyampaikan rasa terima kasih kepada seluruh peserta, rekanan, dan partisipan yang hadir, dan telah mensukseskan Legrand Day 2023. Kami sangat senang dapat menyelenggarakan acara ini dan menyatukan para pemimpin industri, rekan-rekan, dan pemangku kepentingan dalam bidang infrastruktur digital,"" ujar Achraf.
Ia menjelaskan Data Center Summit 2023 membahas beberapa isu menarik, diantaranya tren pasar, peluang-peluang dalam bidang usaha data center, serta proyeksi pertumbuhan industri data center.
Lanjutnya, Data Center Summit 2023 secara khusus juga menekankan pentingnya keberadaan data center yang berkelanjutan di Indonesia.

""Saya harap acara ini dapat menjadi platform bagi kita untuk berkontribusi kepada pertumbuhan berkelanjutan data center di Indonesia. Bersama-sama, kita siap untuk membentuk industri ini,"" kata Achraf.
Para panelis yang berpartisipasi dalam acara ini terdiri dari pelaku industri data center , diantaranya Legrand Indonesia, Uptime Institute, BDx Indonesia, Asosiasi Data Center Indonesia (IDPRO), ST Telemedia Global Data Centers, Neutra DC, Megaroyal IT Comindo, dan Frost & Sullivan.
Selain itu, juga terdapat Tim Data Center BCA dan BRI yang turut berdiskusi dan berbagi pengalaman terkait pengembangan data center sesuai dengan kebutuhan pelaku bisnis saat ini.
Dalam kesempatan sama, ST Telemedia Global Data Centers Pieter Loesi mengatakan semakin bergeser cara hidup, bermain, dan bekerja ke arah digital, membuat semakin banyak konsumen dan pengusaha yang menganut dan beradaptasi dengan teknologi digital yang baru.
Menurutnya, hal tersebut meningkatkan kebutuhan infrastruktur digital, sehingga mendorong pembuatan data global yang juga tumbuh secara eksponen. ""Maka dari itu, data center yang dapat diandalkan, efisien, dan berkelanjutan menjadi komponen penting dalam ekonomi digital kita,"" ujar Pieter.

Dalam kesempatan sama, Ketua Asosiasi Data Center Indonesia (IDPRO) Hendra Suryakusuma melihat banyak potensi yang bisa didiskusikan setelah acara, dan berharap Legrand Indonesia dapat memberikan kontribusi lebih banyak lagi untuk industri data center di Indonesia dalam hal keberlanjutan dan peningkatan efisiensi energi.
Selain itu, dalam acara ini, Legrand juga mengadakan malam apresiasi bersama distributor dan pengusaha ritel, yang diakhiri dengan peluncuran Legrand XL3DO Electrical Switchboard.
Baca juga: Industri pusat data masih punya peluang besar untuk tumbuh Baca juga: BDDC hadirkan pusat data dalam kota berkapasitas 60 MW Baca juga: Keamanan data center faktor penting transformasi digital perusahaan
Pewarta: Muhammad Heriyanto Editor: Biqwanto Situmorang Copyright © ANTARA 2023
Dilarang keras mengambil konten, melakukan crawling atau pengindeksan otomatis untuk AI di situs web ini tanpa izin tertulis dari Kantor Berita ANTARA.",https://img.antaranews.com/cache/1200x800/2023/06/09/IMG-20230609-WA0041-1.jpg
"Telkom Indonesia bukukan pendapatan Rp147,3 triliun pada 2022",27 Maret 2023,"PT Telkom Indonesia Tbk (TLKM) membukukan pendapatan senilai Rp147,3 triliun pada 2022, meningkat 2,9 persen year on ...",https://www.antaranews.com/berita/3458286/telkom-indonesia-bukukan-pendapatan-rp1473-triliun-pada-2022,ANTARA,Data Center di Indonesia,2026-10-05 01:48:30,"Jakarta (ANTARA) - PT Telkom Indonesia Tbk (TLKM) membukukan pendapatan senilai Rp147,3 triliun pada 2022, meningkat 2,9 persen year on year (yoy) dari pendapatan pada  2021 yang sebesar Rp143,2 triliun.
Melansir laporan keuangan di Bursa Efek Indonesia (BEI), Jakarta, Senin, dari segmen bisnis, pendapatan TLKM dikontribusikan oleh layanan data, internet, dan Information Technology (IT) service sebesar Rp82,1 triliun, naik 6 persen yoy dari sebesar Rp 77,47 triliun pada 2021.
Kemudian, pendapatan dari layanan IndiHome sebesar Rp28,02 triliun, naik 6,4 persen yoy dari Rp26,32 triliun pada 2021, pendapatan dari layanan SMS, fixed and cellular voice sebesar Rp17,89 triliun, atau turun 15,7 persen yoy dari Rp 21,22 triliun pada 2021.
Lalu, pendapatan dari layanan interkoneksi sebesar Rp 8,47 triliun, atau naik 8,8 persen yoy dari Rp 7,78 triliun pada 2021, serta dari jaringan dan layanan telekomunikasi sebesar Rp 10,81 triliun, atau naik 3,9 persen yoy dari Rp 10,4 triliun pada 2021.
Baca juga: Telkom investigasi turunnya kualitas telekomunikasi di Jayapura

Dengan pendapatan tersebut, emiten Badan Usaha Milik Negara (BUMN) bidang telekomunikasi ini membukukan laba bersih senilai Rp20,75 triliun pada tahun 2022, meskipun turun 16,2 persen yoy dari sebelumnya Rp24,7 triliun pada tahun 2021.
Sementara, EBITDA perseroan tercatat sebesar Rp78,99 triliun, atau tumbuh 4,3 persen yoy dari sebelumnya Rp75,72 triliun pada tahun 2021, yang mana margin EBITDA naik 0,7 ppt menjadi 53,6 persen dari 52,9 persen
TLKM mengalokasikan belanja modal atau capital expenditure (capex) sebesar Rp34,2 triliun sepanjang 2022.
Baca juga: PT Telkomsel pastikan jaringan andal dukung World Superbike Mandalika
Pada bisnis fixed line, perseroan menggunakan capex untuk akses berbasis fiber dan pembangunan infrastruktur backbone bawah laut, serta proyek lainnya seperti menara telekomunikasi dan data center.

Telkom Indonesia mencatatkan liabilitas sebesar Rp125,9 triliun, sedangkan ekuitas tercatat sebesar Rp149,26 triliun hingga akhir tahun 2022.
Dengan demikian, hingga akhir 2022 perseroan mencatatkan jumlah aset senilai Rp275,1 triliun.
Pewarta: Muhammad Heriyanto Editor: Nusarina Yuliastuti Copyright © ANTARA 2023
Dilarang keras mengambil konten, melakukan crawling atau pengindeksan otomatis untuk AI di situs web ini tanpa izin tertulis dari Kantor Berita ANTARA.",https://img.antaranews.com/cache/1200x800/2022/05/27/telkom17_1.jpg
PLN: Listrik berbasis EBT dukung pengembangan kapasitas data Indonesia,1 Februari 2023,"PT PLN (Persero) menyatakan penyediaan pasokan listrik yang andal, serta berbasis Energi Baru dan Terbarukan (EBT) ke ...",https://www.antaranews.com/berita/3375390/pln-listrik-berbasis-ebt-dukung-pengembangan-kapasitas-data-indonesia,ANTARA,Data Center di Indonesia,2026-10-05 01:48:30,"Denpasar (ANTARA) - PT PLN (Persero) menyatakan penyediaan pasokan listrik yang andal, serta berbasis Energi Baru dan Terbarukan (EBT) ke perusahaan data center atau pusat data merupakan bentuk dukungan PLN terhadap peningkatan kapasitas data di Indonesia.
Direktur Utama PT PLN (Persero) Darmawan Prasodjo dalam keterangan tertulis yang diterima di Denpasar, Bali, Rabu, melihat hal tersebut sebagai peluang meningkatkan permintaan (demand) dan siap mendukung kebutuhan listrik pelanggan data center di Indonesia.
Setidaknya dari rencana pembangunan dan pengembangan data center sampai tahun 2027, terdapat 51 calon pelanggan pasang baru dengan total kapasitas daya sebesar 2,970 mega volt ampere (MVA). Selain itu, ada 21 calon pelanggan penambahan daya dengan total kapasitas sebesar 480 MVA.
Dia mengatakan intensitas pengguna internet dalam masyarakat menyebabkan terjadinya berbagai jenis kegiatan berbasis teknologi, seperti e-Commerce, e-Learning, e-Government, sosial media, dan penggunaan aplikasi lain.
""PLN memahami peningkatan kebutuhan internet di tengah masyarakat, karena itu PLN siap memberikan dukungan kelistrikan bagi pelanggan data center di Indonesia,” kata Darmawan.

Darmawan mengatakan, saat ini jumlah pelanggan data center di Indonesia ada 94 pelanggan dengan total kapasitas 727,1 MVA. Populasi dan kapasitas terbesar berada di Unit Induk Distribusi (UID) Jawa Barat, UID Jakarta, dan UID Banten.
""PLN terus memberi dukungan dengan pasokan listrik yang andal dan sustainability dengan dukungan layanan penggunaan energi terbarukan untuk perkembangan data center,"" kata Darmawan.
Khusus di Indonesia, Pemerintah saat ini juga sedang merencanakan pembangunan Pusat Data Nasional (PDN) di empat lokasi, di antaranya PDN I di Bekasi dan PDN II Batam yang dijadwalkan beroperasi di 2024 dengan kapasitas 40 Mega Watt (MW), PDN III di IKN dan PDN IV di Labuan Bajo yang dijadwalkan beroperasi pada 2026 dengan kapasitas 40 MW.
""Untuk mendukung program Pemerintah, PLN akan terus bertransformasi dan inovasi untuk terus mendukung kebutuhan pasokan listrik pusat data yang terus meningkat,"" kata dia.
Peningkatan investasi dari luar negeri terhadap pengembangan industri data center di Indonesia tidak hanya membutuhkan keandalan listrik, melainkan juga listrik yang berbasis energi baru dan terbarukan.

""Tidak hanya andal, kami juga menghadirkan solusi berupa layanan REC PLN bagi industri data center yang juga membutuhkan pasokan listrik berbasis energi bersih,"" kata Darmawan.
Pewarta: Rolandus Nampu Editor: Budisantoso Budiman Copyright © ANTARA 2023
Dilarang keras mengambil konten, melakukan crawling atau pengindeksan otomatis untuk AI di situs web ini tanpa izin tertulis dari Kantor Berita ANTARA.",https://img.antaranews.com/cache/1200x800/2023/02/01/IMG-20230201-WA0098.jpg
APJII siap wujudkan pemerataan internet melalui tiga program prioritas,5 Oktober 2022,Ketua Umum Asosiasi Penyelenggara Jasa Internet Indonesia (APJII) Muhammad Arif mengatakan siap membantu pemerintah ...,https://www.antaranews.com/berita/3159653/apjii-siap-wujudkan-pemerataan-internet-melalui-tiga-program-prioritas,ANTARA,Data Center di Indonesia,2026-10-05 01:48:30,"Jakarta (ANTARA) - Ketua Umum Asosiasi Penyelenggara Jasa Internet Indonesia (APJII) Muhammad Arif mengatakan siap membantu pemerintah mewujudkan pemerataan internet melalui tiga program prioritas.
""Melalui tiga program prioritas, ke depannya diharapkan APJII terus memberikan kontribusi positif terhadap perkembangan industri telekomunikasi di Indonesia,"" kata dia melalui keterangan tertulis yang diterima di Jakarta, Rabu.
Tiga program prioritas tersebut adalah kolaborasi anggota dan pemangku kepentingan, implementasi program yang inklusif dan penguatan infrastruktur organisasi.
Ia mengatakan melalui tiga program prioritas itu, APJII tidak hanya fokus pada pemerataan internet namun juga memberikan sumbangsih pemikiran demi terwujudnya tata kelola ekosistem digital nasional yang lebih baik.
Untuk program kolaborasi anggota dan pemangku kepentingan, APJII telah bekerja sama dengan pemerintah atau institusi lainnya untuk melakukan pemutakhiran data anggota secara berkala dengan Kementerian Komunikasi dan Informatika (Kominfo). Sehingga bisa dipastikan saat ini data penyelenggara telekomunikasi APJII sudah sinkron dengan data Kominfo.

Selain itu, pengurus APJII juga menjalin hubungan, koordinasi dan kerja sama dengan lembaga-lembaga pemerintah dan nonpemerintah, nasional, regional, maupun global serta sosialisasi guna meningkatkan produktivitas anggota.
Sedangkan untuk implementasi program yang inklusif, pengurus APJII mengadakan kerja sama dengan lembaga resmi dalam hal pelatihan, riset, dan sertifikasi yang dibutuhkan oleh anggota dan masyarakat. Hal itu sesuai dengan perkembangan teknologi atau hal-hal baru.
APJII, kata dia, juga memiliki program untuk pengembangan data center serta Indonesia Internet Exchange (IIX).
Pewarta: Muhammad Zulfikar Editor: Agus Setiawan Copyright © ANTARA 2022
Dilarang keras mengambil konten, melakukan crawling atau pengindeksan otomatis untuk AI di situs web ini tanpa izin tertulis dari Kantor Berita ANTARA.",https://img.antaranews.com/cache/1200x800/2021/04/08/75.jpg
I-PRO Resmi Luncurkan CCTV Berteknologi AI,21 Juli 2022,"I-PRO Co., Ltd terus mengembangkan sayap inovasinya terutama dalam memberikan pengawasan dan keamanan publik dengan ...",https://www.antaranews.com/berita/3011069/i-pro-resmi-luncurkan-cctv-berteknologi-ai,ANTARA,Data Center di Indonesia,2026-10-05 01:48:30,"








Pewarta: PR Wire Editor: PR Wire Copyright © ANTARA 2022
Dilarang keras mengambil konten, melakukan crawling atau pengindeksan otomatis untuk AI di situs web ini tanpa izin tertulis dari Kantor Berita ANTARA.",https://img.antaranews.com/cache/1200x800/2022/07/21/IMG_6761.jpg
"Pemerintah perlu minta ""startup"" buat pusat data di Indonesia",1 Juli 2022,Pengamat ekonomi dari Universitas Indonesia Harryadin Mahardika menyatakan bahwa pemerintah perlu untuk mendorong ...,https://www.antaranews.com/berita/2972705/pemerintah-perlu-minta-startup-buat-pusat-data-di-indonesia,ANTARA,Data Center di Indonesia,2026-10-05 01:48:30,"Jakarta (ANTARA) - Pengamat ekonomi dari Universitas Indonesia Harryadin Mahardika menyatakan bahwa pemerintah perlu untuk mendorong startup (perusahaan rintisan global) membuat pusat data di Indonesia dalam rangka menjaga tata kelola dan keamanan data nasional
""Indonesia perlu meminta startup global untuk membuat data center di Indonesia untuk menjamin privasi dan keamanan data WNI,” kata Harryadin Mahardika saat dihubungi Antara di Jakarta, Jumat.
Ia mengatakan, rencana aksi yang bisa diambil pemerintah untuk menjaga tata kelola data lintas negara ini antara lain dengan meminta perusahaan rintisan global membuat pusat data di Indonesia.
Apalagi, Kementerian Keuangan telah mendata bahwa pada tahun 2021, nilai transaksi e-commerce Indonesia mencapai Rp401,25 triliun. Jumlah tersebut diperkirakan bisa mencapai nilai ekonomi sebesar 146 miliar dolar AS pada tahun 2025.
Menurut dia, dengan besarnya nilai transaksi tersebut diikuti dengan lalu lintas data pelaku transaksi maka data-data yang terkait rawan penyalahgunaan dan pencurian serta kebocoran yang bisa dilakukan antarnegara sehingga untuk mencegah hal itu diperlukan tata kelola data lintas negara atau cross border data flow.

Lebih lanjut ia mengatakan Indonesia juga perlu mengadopsi standar protokol keamanan data misalnya dengan mengadopsi standar keamanan data negara-negara Eropa.
“Indonesia perlu mengadopsi standar protokol keamanan data misalnya standar Eropa dan meminta startup global dan nasional untuk mengadopsi protokol tersebut,” kata Harryadin.
Seperti diketahui, pemerintah sedang menyiapkan empat Pusat Data Nasional (PDN) untuk mendukung penerapan kebijakan berbasis data (data driven policy) dan pelayanan publik yang efisien, efektif dan transparan.
""Pemerintah akan membangun empat PDN berstandar global Tier- IV, Tingkat yang sangat tinggi untuk standar pusat data,"" kata Menteri Komunikasi dan Informatika Johnny G. Plate meninjau pembangunan Pusat Data Nasional di Batam, Kepulauan Riau, Jumat (24/6).
Pemerintah berencana membangun Pusat Data Nasional di Kawasan Deltamas Industrial Estate (Jabodetabek), Nongsa Digital Park Batam, Ibu Kota Negara di Kalimantan Timur dan Labuan Bajo (Nusa Tenggara Timur).

Pusat Data Nasional ini dibuat agar Indonesia bisa menerapkan tata kelola satu data. Dengan satu data, pemerintah bisa mengambil kebijakan berbasis data ( data driven policy ) sehingga aturan bisa lebih cepat dan akurat.
Johnny mengatakan sekarang pemerintah pusat dan daerah menggunakan lebih dari 2.700 pusat data. Dari jumlah tersebut, baru 3 persen yang menggunakan penyimpanan berbasis komputasi awan ( cloud ) sehingga banyak kendala dalam interoperabilitas data.
Baca juga: Sandiaga motivasi pelaku usaha ekraf pasarkan produk secara digital
Pewarta: Sandi Arizona Editor: M Razi Rahman Copyright © ANTARA 2022
Dilarang keras mengambil konten, melakukan crawling atau pengindeksan otomatis untuk AI di situs web ini tanpa izin tertulis dari Kantor Berita ANTARA.",https://img.antaranews.com/cache/1200x800/2022/03/16/Alibaba-Cloud-Data-Center.jpeg
Kominfo bahas peluang investasi pusat data di Batam,25 Juni 2022,"Menteri Komunikasi dan Informatika (Kominfo) Johnny G. Plate melakukan kunjungan kerja ke Batam, Kepulauan Riau, ...",https://www.antaranews.com/berita/2960357/kominfo-bahas-peluang-investasi-pusat-data-di-batam,ANTARA,Data Center di Indonesia,2026-10-05 01:48:32,"Jakarta (ANTARA) - Menteri Komunikasi dan Informatika (Kominfo) Johnny G. Plate melakukan kunjungan kerja ke Batam, Kepulauan Riau, salah satunya untuk membahas peluang investasi pusat data pemerintah yang kini sedang dibangun.
Baca juga: PDN diyakini bisa mendorong pertumbuhan investasi
""Kunjungan Menkominfo ke Batam bukan hanya soal Pusat Data Nasional (PDN), payung besarnya adalah transformasi digital. Nah, salah satu hal strategis pada kunjungan kali ini juga untuk mendorong tumbuhnya investasi pihak asing pada data center di Indonesia,"" kata Direktur Layanan Aplikasi Informatika Pemerintahan (LAIP) Direktorat Jenderal Aplikasi Informatika, Kominfo, Bambang Dwi Anggono, dikutip dari siaran pers, Sabtu.
Menkominfo berkunjung ke Batam sejak Kamis (23/6), selama di sana ia dijadwalkan membahas pembangunan Pusat Data Nasional bersama Wakil Wali Kota Batam Amsakar Achmad, Sekretaris Daerah Kepri Jefrydin dan Pemerintah Republik Korea.
Selain itu, Menteri Johnny juga dijadwalkan untuk meninjau lokasi Pusat Data Nasional di Kawasan Ekonomi Khusus (KEK) Nongsa.

Baca juga: Pemerintah siapkan empat PDN demi kebijakan berbasis data
Kominfo mengundang pemerintah Republik Korea untuk melanjutkan pembicaraan peluang kemitraan kedua negara di bidang pengembangan dan pembiayaan pusat data.
Pembiayaan Pusat Data Nasional berasal dari Korea Selatan dengan skema Government to Government (G2G). Pada saat pertemuan dengan Kominfo beberapa waktu lalu, Korea juga menunjukkan minat untuk berinvestasi pada PDN di lokasi lain, yaitu Ibu Kota Negara di Kalimantan Timur dan Labuan Bajo, Nusa Tenggara Timur.
Menurut Bambang, pembicaraan dengan pemerintah Korea Selatan juga mencakup kota cerdas ( smart city ).
""Menteri Dalam Negeri dan Pertahanan Republik Korea H.E. Lee Sang Min menyampaikan bahwa pemerintah mereka punya program smart city dan ingin bekerja sama dengan Pemerintah Indonesia, khususnya soal smart city di wilayah IKN,"" kata Bambang.

Pemerintah Korea juga menawarkan kerja sama untuk program Digital Talent Academy, pengelolaan riset 5G dan pengelolaan spektrum frekuensi.
Baca juga: Kemenkominfo bangun Pusat Data Nasional kedua Indonesia di Batam
PDN Batam Pemilihan lokasi pusat data di Batam didasarkan keunggulan atas kelengkapan infrastruktur penunjang, seperti infrastruktur serat optik, pasokan listrik, air, serta jalur langsung ke tulang punggung internet global.
""PDN diharapkan dapat memberi sumbangsih besar dalam rangka tata kelola data nasional. Jadi dalam membangun PDN ada beberapa persyaratan utama yang perlu dipehatikan sesuai dengan standar Telecommunications Industry Association (TIA) 942 sebagai standar internasional yang meliputi pemilihan lokasi, kondisi alamnya, infrastruktur, dan sebagainya. Batam memiliki kriteria itu,"" kata Bambang.
Menurut Bambang, mereka mengalami tantangan menyediakan kawasan yang mendukung pusat data berstandar global dan secara geografis jarang terjadi bencana. Selain itu, daerah lokasi PDN juga bebas konflik baik politik maupun sosial budaya.
Proyek pembangunan PDN telah terdaftar dalam Green Book Indonesia. Setelah itu, tahapan selanjutnya dari Data Center Nasional akan diukur melalui feasibility study atau melakukan studi kelayakan yang dilihat dari berbagai aspek.

Tahap berikutnya adalah lelang. PDN Batam saat ini berada pada tahap lelang untuk pengawas.
Pemenang lelang akan diumumkan bulan depan supaya peletakan batu pertama PDN Batam bisa berlangsung paling lambat akhir Oktober tahun ini.
Baca juga: Pembangunan PDN di Nongsa akan dimulai akhir tahun ini
Baca juga: Indonesia-Korsel jalin kerja sama bangun Pusat Data senilai Rp2,3 T
Baca juga: LKPP catat tiga kementerian belanja lokal paling banyak

Pewarta: Natisha Andarningtyas Editor: Ida Nurcahyani Copyright © ANTARA 2022
Dilarang keras mengambil konten, melakukan crawling atau pengindeksan otomatis untuk AI di situs web ini tanpa izin tertulis dari Kantor Berita ANTARA.",https://img.antaranews.com/cache/1200x800/2022/06/25/Picsart_22-06-25_15-17-06-313_1.jpg
Menko Airlangga bertemu IBM Asia Pacific bahas ekonomi digital,21 Juni 2022,Menteri Koordinator Bidang Perekonomian Airlangga Hartarto bertemu dengan General Manager IBM Asia Pacific Paul Burton ...,https://www.antaranews.com/berita/2952921/menko-airlangga-bertemu-ibm-asia-pacific-bahas-ekonomi-digital,ANTARA,Data Center di Indonesia,2026-10-05 01:48:32,"Jakarta (ANTARA) - Menteri Koordinator Bidang Perekonomian Airlangga Hartarto bertemu dengan General Manager IBM Asia Pacific Paul Burton membahas perkembangan ekonomi digital di Indonesia. Airlangga menyampaikan secara singkat perkembangan transformasi digital di tanah air yang selama ini menunjukkan kinerja positif dengan nilai ekonomi digital Indonesia di tahun 2021 tercatat sebagai yang tertinggi di Asia Tenggara, yakni sebesar 70 miliar dolar AS dan diperkirakan mampu mencapai 146 miliar dolar AS pada tahun 2025. “Pelaksanaan transformasi digital di Indonesia saat ini di antaranya mencakup pembangunan sarana infrastruktur, baik fisik maupun digital, termasuk pengembangan jaringan 5G, pembangunan sejumlah data center, rencana pengadaan low orbital satellite untuk menyediakan layanan internet sampai ke pelosok Indonesia, serta penerapan program Indonesia 4.0 dalam mendukung perkembangan industri nasional,” kata Airlangga dalam keterangan resmi, Selasa. Adapun Indonesia memiliki 40 persen pangsa pasar ekonomi digital Asia Tenggara dengan e-commerce sebagai penopang yang pada tahun lalu nilainya mencapai 53 miliar dolar AS dan mencapai 104 miliar dolar AS pada 2025. Airlangga menambahkan bahwa sejumlah sub-sektor ekonomi digital juga telah dibuat, seperti healthtech (telemedicine), fintech, edutech, serta pelaksanaan program Kartu Prakerja yang melibatkan 115 lembaga pelatihan online dan telah diikuti oleh lebih dari 12 juta orang. General Manager IBM Asia Pacific Paul Burton menyampaikan bahwa IBM berencana mendirikan lembaga pelatihan Hybrid Cloud Academy di pulau Batam. “Lembaga tersebut akan menyediakan program training di bidang cloud development and administration yang akan mencetak lulusan dengan keahlian digital yang relevan dan dibutuhkan saat ini,” ujar Burton.​​​​​​​ IBM juga tertarik untuk mendukung pengembangan data center di Indonesia, khususnya yang terkait dengan security operation center, serta training of trainer di bidang cyber skill. Dalam waktu dekat, General Manager Burton akan berkunjung ke Batam untuk menjajaki rencana pembangunan lembaga pelatihan dimaksud.​​​​​​​ Airlangga berharap berbagai potensi kerja sama dengan IBM dapat terlaksana sesuai dengan rencana, sehingga dapat semakin meningkatkan potensi ekonomi digital Indonesia dan akan mencapai pertumbuhan ekonomi Indonesia yang berkelanjutan dan rendah karbon (ekonomi hijau). “Saya menyambut baik rencana IBM terkait pengembangan talenta digital yang diharapkan dapat mendukung upaya penciptaan SDM dengan keahlian yang diperlukan oleh dunia usaha dan industri (matching supply and demand of labor force), mengingat bahwa Indonesia membutuhkan sekitar 600.000 talenta digital setiap tahunnya. IBM juga diharapkan dapat ikut mendorong on-boarding UMKM ke platform digital dalam rangka meningkatkan nilai ekonomi digital Indonesia,” katanya.
Pewarta: Sanya Dinda Susanti Editor: Slamet Hadi Purnomo Copyright © ANTARA 2022
Dilarang keras mengambil konten, melakukan crawling atau pengindeksan otomatis untuk AI di situs web ini tanpa izin tertulis dari Kantor Berita ANTARA.",https://img.antaranews.com/cache/1200x800/2022/06/21/publikasi_1655813578_62b1b5ca53144.jpeg
Pengembangan data center Telkom dorong kemajuan ekonomi digital,20 Mei 2022,Keputusan PT Telkom Indonesia Tbk (TLKM) mengembangkan bisnis data center melalui NeutraDC dinilai menjadi momentum ...,https://www.antaranews.com/berita/2891541/pengembangan-data-center-telkom-dorong-kemajuan-ekonomi-digital,ANTARA,Data Center di Indonesia,2026-10-05 01:48:32,"Jakarta (ANTARA) - Keputusan PT Telkom Indonesia Tbk (TLKM) mengembangkan bisnis data center melalui NeutraDC dinilai menjadi momentum yang tepat, karena sejalan dengan transformasi perusahaan menjadi ""Digital Telco Company"" yang ikut mendorong kemajuan ekonomi digital nasional.
""Telkom sesungguhnya sudah lama masuk ke bisnis data center lewat TelkomSigma dan Telin. Bahkan perkembangannya cukup bagus, di mana TelkomSigma memiliki data center di Indonesia, dan Telin juga punya di negara lain seperti Singapura dan Hong Kong,"" kata Direktur Eksekutif Indonesia ICT Institute Heru Sutadi, di Jakarta, Jumat.
Mantan Anggota Komisioner Badan Regulasi Telekomunikasi Indonesia (BRTI) itu menilai, di era digitalisasi ekonomi saat ini, permintaan layanan data center oleh perusahaan-perusahaan di Indonesia dan global akan terus melonjak.
Baca juga: Telkom jadi BUMN pertama yang peroleh sertifikasi Great Place to Work
Ia menjelaskan, Telkom memiliki beberapa kelebihan seperti koneksi infrastruktur (telekomunikasi) hingga ke Amerika Serikat, memiliki (saham) Telkomsel yang kuat (di bisnis telekomunikasi) dan pemimpin di bisnis seluler, serta sudah membangun data center di beberapa lokasi bahkan di luar negeri.

Namun Heru mengingatkan, meski sudah beberapa langkah lebih maju dibandingkan perusahaan data center sejenis di Indonesia, Telkom sebaiknya tetap merancang rencana untuk bisa menjawab tantangan dan memenuhi tingginya permintaan akan jasa data center.
""Hadirnya pemain asing juga jangan diremehkan, strategi harus diperkuat dan ekosistem (digital) harus terus dibangun agar dapat memperkuat bisni. Tantangan lainnya, seperti kapasitas yang besar, keamanan yang tinggi dan juga harus memiliki data recovery center,"" ungkapnya.
Baca juga: EdgeConneX masuk pasar Indonesia lewat akuisisi GTN Data Center
Sementara itu, Direktur Wholesale & International Service Telkom Bogi Witjaksono, memproyeksikan permintaan pasar data center di Indonesia tumbuh pesat yang mencapai 1.576 Mega Watts (MW) hingga tahun 2030. Untuk bisa memanfaatkan ceruk bisnis tersebut, Bogi memastikan Telkom tengah menyiapkan NeutraDC sebagai anak usaha yang akan menyediakan layanan data center berkategori hyperscale.
""NeutraDC akan menjadi brand anak usaha baru yang menjalankan bisnis data center dari level hyperscale hingga edge. Untuk menangkap pangsa pasar hyperscale tersebut, saat ini NeutraDC sedang mempercepat proses pembangunan hyperscale data center yang pertama di Cikarang,"" ujar Bogi.

Lebih lanjut, NeutraDC akan menyediakan infrastruktur data center yang memadai dengan jaminan keamanan super ketat hingga 8 layer. Tidak hanya itu, layanan data center NeutraDC juga didesain mampu beroperasi dengan standar global bersertifikasi Uptime Tier III & IV.
Dengan dukungan infrastruktur Telkom, NeutraDC menawarkan layanan connectivity andal dengan cakupan terluas dan terbesar di Indonesia. Selain itu, kehadiran layanan Internet Exchange (IX) dan Seamless DC akan menambah keragaman ekosistem data center yang lengkap.
""NeutraDC diharapkan akan menjadi data center provider yang akan mendorong percepatan digitalisasi pelanggan serta mendukung akselerasi ekonomi digital nasional ataupun global,” kata Bogi.
Pewarta: Royke Sinaga Editor: Nusarina Yuliastuti Copyright © ANTARA 2022
Dilarang keras mengambil konten, melakukan crawling atau pengindeksan otomatis untuk AI di situs web ini tanpa izin tertulis dari Kantor Berita ANTARA.",https://img.antaranews.com/cache/1200x800/2022/05/20/datacenter28A.jpg
Komisi VI DPR RI apresiasi pengembangan bisnis data center TelkomGroup,15 Februari 2022,Pimpinan Komisi VI DPR RI Mohamad Hekal memberikan apresiasi atas pengembangan bisnis data center TelkomGroup.    ...,https://www.antaranews.com/berita/2704417/komisi-vi-dpr-ri-apresiasi-pengembangan-bisnis-data-center-telkomgroup,ANTARA,Data Center di Indonesia,2026-10-05 01:48:32,"Jakarta (ANTARA) - Pimpinan Komisi VI DPR RI Mohamad Hekal memberikan apresiasi atas pengembangan bisnis data center TelkomGroup. Legislator tersebut mengapresiasi perkembangan data center milik TelkomGroup, terutama terkait progres pembangunan Hyperscale Data Center yang berlokasi di Cikarang, Jawa Barat. “Kami sangat bangga dengan perkembangan data center yang dilakukan oleh Telkom, terutama dengan pembangunan Hyperscale Data Center yang sekarang kami kunjungi ini,"" ujar Mohamad Hekal dalam keterangan tertulis yang diterima di Jakarta, Selasa. Baca juga: Anggota DPR dukung ekspansi bisnis pusat data Telkom Ia mengatakan bersyukur bahwa Telkom telah memiliki fasilitas dengan kualitas tier 3 dan tier 4 dengan tingkat keamanan 99,99 persen. Itu sangat membanggakan dan mudah-mudahan ini bisa turut mendukung pengembangan teknologi di masa yang akan datang. Dia juga berharap data center milik Telkom bisa mendukung perusahaan rintisan (startup) anak negeri dan menjadi tulang punggung bagi perkembangan digitalisasi Indonesia. “Mudah-mudahan ini bisa meningkatkan kemampuan Indonesia untuk dapat mendukung startup baru yang akan muncul dari anak negeri dan juga dapat menjadi tulang punggung untuk perkembangan digitalisasi Indonesia supaya kita bisa mengikuti perkembangan zaman dengan teknologi yang paling terkini,” katanya. Sebagai salah satu langkah untuk menjawab tantangan tren digitalisasi dan potensi industri yang terus berkembang, serta sejalan dengan arahan Menteri BUMN RI Erick Thohir untuk fokus ke arah bisnis digital, PT Telkom Indonesia (Persero) Tbk (Telkom) terus mengembangkan dan memperkuat kapabilitas platform digital melalui pembangunan serta penataan bisnis data center yang dimiliki TelkomGroup. Baca juga: Erick Thohir dukung percepatan Mitratel untuk Indonesia Digital TelkomGroup memperoleh Kunjungan Kerja Spesifik Komisi VI DPR RI ke fasilitas data center di 3 lokasi yakni Serpong, Sentul, dan Cikarang. Direktur Utama Telkom Ririek Adriansyah dalam kunjungan Komisi VI DPR RI di Hyperscale Data center mengungkapkan, saat ini progres pembangunan Hyperscale Data Center Cikarang fase 1 telah selesai dilakukan. “Total kami memiliki 27 data center yang saling terhubung, termasuk yang berskala besar, Hyperscale Data Center di Cikarang ini. Pengembangan data center merupakan salah satu wujud keseriusan Telkom untuk menjadi pemain besar pada bisnis digital platform, yang juga sejalan dengan langkah transformasi dan visi Telkom menjadi digital telco,"" kata Ririek. Permintaan pasar data center di Indonesia tumbuh sangat pesat sehingga menjadi peluang besar bagi Telkom untuk menjadi pemain dominan di market. Data center akan sangat bermanfaat pada perkembangan teknologi 5G nantinya. Tak hanya infrastruktur, Ririek menjelaskan bahwa Telkom juga menawarkan konsep lengkap dalam bisnis data center. Telkom memiliki tiga aspek penting dalam bisnis data center, yakni seamless, connectivity, dan eyeball. Seamless ini karena terhubung dengan seluruh data center milik TelkomGroup termasuk juga ke edge data center. Lalu connectivity karena Hyperscale Data Center terhubung dengan infrastruktur backbone broadband TelkomGroup. Terakhir, akses kepada pelanggan TelkomGroup (eyeball) yang merupakan pengguna bisnis digital. “Dengan kapasitas dan kapabilitas Telkom mengembangkan platform digital melalui data center, diharapkan dapat mengakselerasi digitalisasi nasional dan menjadikan Indonesia ke depan yang lebih baik lagi,” ujar Ririek.
Pewarta: Aji Cakti Editor: Nusarina Yuliastuti Copyright © ANTARA 2022
Dilarang keras mengambil konten, melakukan crawling atau pengindeksan otomatis untuk AI di situs web ini tanpa izin tertulis dari Kantor Berita ANTARA.",https://img.antaranews.com/cache/1200x800/2022/02/15/IMG-20220215-WA0008_copy_800x533.jpg
Anggota DPR dukung ekspansi bisnis pusat data Telkom,14 Februari 2022,Wakil Ketua Komisi VI DPR RI Gde Sumarjaya Linggih mendukung ekspansi bisnis pusat data PT Telkom Indonesia (Persero) ...,https://www.antaranews.com/berita/2702089/anggota-dpr-dukung-ekspansi-bisnis-pusat-data-telkom,ANTARA,Data Center di Indonesia,2026-10-05 01:48:32,"Jakarta (ANTARA) - Wakil Ketua Komisi VI DPR RI Gde Sumarjaya Linggih mendukung ekspansi bisnis pusat data PT Telkom Indonesia (Persero) Tbk.
Gde memberikan apresiasi kepada Telkom Indonesia yang telah bertransformasi menjadi digital telco company, dengan salah satu domain bisnis utamanya adalah menyiapkan ekspansi bisnis di bidang pusat data atau data center .
“Kesempatan itu dimiliki Indonesia, karena pemakaian listrik yang sangat besar. Sementara, kita banyak sumber daya energi baru dan terbarukan (EBT), dari panas bumi, air, dan Matahari. Indonesia menjadi salah satu tempat berkembangnya bisnis data center di samping kita berada penduduk cukup besar di Indonesia ini, kita tahu pengguna smartphone paling besar di Asia adalah Indonesia,"" ujarnya dalam keterangan tertulis yang diterima di Jakarta, Senin.
Kehadiran HyperScale Data Center (HDC) yang menjadi salah satu pusat data berkapasitas terbesar di Indonesia sejalan dengan program pemerintah mewujudkan Making Indonesia 4.0. Apalagi, potensi pasar data center di Indonesia sangat menarik bagi investasi, sehingga harus dimulai dari sekarang untuk memanfaatkan secara maksimal pertumbuhan pasar pusat data.
Tingginya potensi bisnis data center di Indonesia didukung oleh kondisi demografi Indonesia yang mana Indonesia memiliki pasar internet dan penggunaan smartphone aktif terbesar di Asia Tenggara.

""Karena itu, jangan sampai kita ketinggalan, data center yang diprakarsai oleh Telkomsel ini sekarang pemainnya lumayan banyak. Saya mengimbau juga perusahaan-perusahaan dalam negeri menggunakan data center Telkom,"" kata Gde.
Lebih lanjut, dia mengatakan diperlukan kebijakan afirmatif untuk mendorong pemanfaatan pusat data Telkom untuk perusahaan nasional dan BUMN dalam rangka memastikan kedaulatan data. Tak hanya itu, ke depannya diharapkan pelaku usaha asing, khususnya layanan over the top (OTT) dapat menempatkan datanya di Indonesia.
""Kita akan dorong kebijakan dari segi aturan-aturan sehingga Telkom menjadi hub atau pusat data center di Indonesia. Sekarang market 40 persen saya harap ke depannya lebih dari 40 persen. Sebab, kita sudah mempunyai infrastruktur yang lebih, dari backbone fiber optik dan sebaran dari data center itu juga,"" kata Gde.
Baca juga: Telkom berhasil kembali masuk Brand Finance Global 500 Baca juga: DPR harapkan IPO anak usaha Telkom dukung kemajuan era digital 4.0 Baca juga: Anggota DPR dorong transformasi Telkom demi penguatan kedaulatan data

Pewarta: Aji Cakti Editor: Kelik Dewanto Copyright © ANTARA 2022
Dilarang keras mengambil konten, melakukan crawling atau pengindeksan otomatis untuk AI di situs web ini tanpa izin tertulis dari Kantor Berita ANTARA.",https://img.antaranews.com/cache/1200x800/2022/02/14/telkom17_1.jpg
Repower Asia Indonesia optimis kinerja positif pada 2022,23 Desember 2021,Emiten properti PT Repower Asia Indonesia Tbk optimis kinerjanya akan terus bergerak positif pada 2022 dengan ...,https://www.antaranews.com/berita/2602061/repower-asia-indonesia-optimis-kinerja-positif-pada-2022,ANTARA,Data Center di Indonesia,2026-10-05 01:48:32,"Jakarta (ANTARA) - Emiten properti PT Repower Asia Indonesia Tbk optimis kinerjanya akan terus bergerak positif pada 2022 dengan strategi pengembangan bisnis yang akan dilakukan perseroan seiring dengan pemulihan ekonomi nasional.
""Repower melakukan lompatan besar di sektor properti dengan kombinasi terobosan pengembangan green project, properti edukasi, dan properti digital. Hal ini merupakan bagian dari adaptasi perusahaan di masa pandemi dan era digital tanpa mengesampingkan core bisnis kami yaitu properti,"" kata Direktur Repower Asia Indonesia Rully Muliarto dalam keterangan di Jakarta, Kamis.
Saat ini, emiten berkode saham REAL itu dalam proses pengembangan proyek mixed-used apartemen pesantren bekerjasama dengan Yayasan Daarul Qur’an Mandiri di Pasar Minggu, Jakarta Selatan, yang merupakan bagian dari proyek properti edukasi perseroan.
Proyek tersebut juga mengusung konsep pembangunan hijau atau green construction dan memiliki fasilitas penunjang untuk kebutuhan santri-santri yang menempuh pendidikan di sana.
Perseroan akan mempunyai potensi pendapatan berulang (recurring income) sekitar Rp40 miliar setiap tahunnya dari hasil sewa apartemen.

Pola serta konsep tersebut akan dilaksanakan untuk pengembangan Pesantren Daarul Qur’an di seluruh Indonesia ke depannya dengan target 100.000 santri per tahun dengan potensi pendapatan tetap sekitar Rp300 miliar setiap bulan atau sekitar Rp3,6 triliun rupiah per tahun.
Selanjutnya, perseroan juga mengincar bisnis data center yang akan menjadi bagian dari pengembangan properti digital dengan mengkonversi aset gedung perkantoran yang dimilikinya di wilayah Jakarta dan sekitarnya yang akan mulai beroperasi pada 2022.
Berdasarkan data Structure Research, proyeksi pertumbuhan data center di Indonesia pada periode 2020-2025 akan mencapai 23,5 persen per tahun. Pada 2025, market size-nya diperkirakan akan mencapai 618,6 juta dolar AS.
Dengan pangsa pasar yang cukup tinggi tersebut, Repower akan mengkombinasikan properti dan data center tersebut menjadi properti digital.
Rully menambahkan, dengan rencana-rencana strategis di pada 2022, Repower menargetkan marketing sales sebesar Rp100,81 miliar

""Marketing sales kami targetkan dari proyek Botanical Puri Asri, Pondok Cabe Residence, REAL Data Center dan proyek mix-used apartemen pesantren Pasar Minggu. Dari proyek-proyek tersebut kami menyiapkan capex sebesar Rp95,04 miliar,"" kata Rully.
Pewarta: Citro Atmoko Editor: Adi Lazuardi Copyright © ANTARA 2021
Dilarang keras mengambil konten, melakukan crawling atau pengindeksan otomatis untuk AI di situs web ini tanpa izin tertulis dari Kantor Berita ANTARA.",https://img.antaranews.com/cache/1200x800/2021/12/23/Screenshot_20211222-170545_Adobe-Acrobat.jpg
Kominfo: Indonesia punya peluang besar maksimalkan data center,13 Desember 2021,Dirjen Sumber Daya dan Perangkat Pos dan Informatika (SDPPI) Kementerian Komunikasi dan Informatika ...,https://www.antaranews.com/berita/2583065/kominfo-indonesia-punya-peluang-besar-maksimalkan-data-center,ANTARA,Data Center di Indonesia,2026-10-05 01:48:32,"Jakarta (ANTARA) - Dirjen Sumber Daya dan Perangkat Pos dan Informatika (SDPPI) Kementerian Komunikasi dan Informatika (Kominfo) Ismail, mengatakan Indonesia memiliki peluang besar dalam memaksimalkan pertumbuhan data center mengingat kapasitas konsumsinya saat ini masih terbilang sangat kecil.
“Dengan populasi lebih dari 271 juta jiwa, konsumsi kapasitas data center Indonesia masih berada pada angka 1 Watt per kapita atau sekitar 270 Mega Watt (MW),” kata Ismail di Jakarta, Senin.
Baca juga: Pentingnya cadangan data untuk kurangi dampak bencana
Ia membandingkan konsumsi data center pada negara tetangga, seperti Jepang yang memiliki kapasitas konsumsi data center sekitar 10 Watt per kapita dengan populasi penduduk 126 juta jiwa serta Singapura mengonsumsi 100 Watt per kapita.
Apabila ingin setara dengan Jepang, kata Ismail, setidaknya Indonesia membutuhkan 2.700 MW untuk memenuhi kebutuhan kapasitas data center di Indonesia.

“Itulah mengapa penting bagi kita mempercepat pengembangan data center di Indonesia,” tuturnya.
Sementara itu, Asia Tenggara juga diproyeksikan menjadi kawasan dengan pertumbuhan data center tercepat sekitar 30 persen antara 2019 hingga 2024.
Ia mengatakan implementasi transformasi digital, baik di masa sekarang maupun masa mendatang, akan membutuhkan data dalam jumlah besar.
Sebagai contoh, untuk smart city dengan 1 juta penduduk menghasilkan sebanyak 200 Terabyte data per hari sementara kendaraan otonom bisa menghasilkan setidaknya 4 Terabyte data per hari.
“Untuk melanjutkan pertumbuhan data, strategi penggunaan data akan menjadi lebih terbuka terhadap utilisasi teknologi dan infrastruktur data yang andal,” ujar Ismail.

Dalam kesempatan yang sama, ia juga mengatakan bahwa Kominfo memiliki tujuan untuk mewujudkan green data center yang andal, efisien, dan ramah lingkungan melalui kolaborasi dengan berbagai pemangku kepentingan, seperti penyedia teknologi pusat data hingga asosiasi industri teknologi.
Selain itu, Kominfo juga mendukung upaya transisi energi yang menjadi salah satu isu prioritas dalam Presidensi G20 Indonesia, selain isu transformasi ekonomi digital dan kesehatan global.
Dalam persiapan dan penyelenggaraan Digital Economy Working Group (DEWG) Presidensi G20 Indonesia tahun depan, Kominfo akan membahas tiga isu, di antaranya konektivitas dan pemulihan pasca-COVID-19, literasi digital dan keterampilan digital, serta arus data lintas batas negara.
Baca juga: Skema pinjam pakai lahan percepat pembangunan BTS
Baca juga: BAKTI tandatangani perjanjian dengan 35 bupati untuk bangun BTS USO
Baca juga: Kominfo bidik 20.000 talenta digital dari NTT

Pewarta: Rizka Khaerunnisa Editor: Ida Nurcahyani Copyright © ANTARA 2021
Dilarang keras mengambil konten, melakukan crawling atau pengindeksan otomatis untuk AI di situs web ini tanpa izin tertulis dari Kantor Berita ANTARA.",https://img.antaranews.com/cache/1200x800/2021/12/13/dirjen-sdppi-ismaill.jpg
"Erick Thohir: Indonesia butuh 17,5 juta ahli digital sampai tahun 2035",11 Desember 2021,"Menteri BUMN Erick Thohir mengungkapkan Indonesia membutuhkan 17,5 juta ahli digital sampai dengan tahun 2035.    ...",https://www.antaranews.com/berita/2580049/erick-thohir-indonesia-butuh-175-juta-ahli-digital-sampai-tahun-2035,ANTARA,Data Center di Indonesia,2026-10-05 01:48:32,"Jakarta (ANTARA) - Menteri BUMN Erick Thohir mengungkapkan Indonesia membutuhkan 17,5 juta ahli digital sampai dengan tahun 2035.
""Ini yang namanya digital tidak terelakkan, kita membutuhkan 17,5 juta ahli digital sampai 2035,"" ujar Erick Thohir saat menyampaikan pidato di Universitas Islam Negeri Sunan Ampel Surabaya sebagaimana dipantau secara daring dari Jakarta, Sabtu.
Menurut Menteri BUMN, peluang ini harus diisi oleh putra-putri bangsa Indonesia, jangan sampai peluang tersebut diisi oleh bangsa lain nantinya.
""Apalagi kalau kita benchmarking antara Amerika Serikat, China dan Indonesia, jumlah startup Indonesia akan terus tumbuh. Ini merupakan kesempatan,"" katanya.
Sebelumnya Menteri BUMN Erick Thohir mengungkapkan pihaknya mendorong dan memfasilitasi pengembangan industri digital di Indonesia secara komprehensif.

Erick ingin Telkom membuka secara besar-besaran data center-data center di Indonesia untuk mendukung aktivitas bisnis pengusaha lokal.
Terkait pendanaan, dengan adanya BRI Ventures, Mandiri Capital, MDI, dan TMI, Erick Thohir juga akan mulai fokuskan pendanaan kepada startup.
Menteri BUMN terus mendorong generasi muda memiliki perusahaan-perusahaan besar yang menjadi unicorn-unicorn baru. Menurut dia, potensinya ada dan saat ini Indonesia memiliki lima unicorn mestinya bisa menjadi 25 unicorn untuk beberapa tahun mendatang.
Hal ini dalam rangka mendorong daripada perusahaan-perusahaan menjadi besar, membuka lapangan kerja yang sangat masif, dan juga mendorong ekonomi Indonesia untuk memastikan Indonesia juga terproteksi dengan digitalisasi. Kalau melihat posisi perusahaan di Indonesia dari tahun ke tahun itu-itu saja. Sedangkan negara di dunia seperti Amerika Serikat dan banyak negara lainnya sekarang tumbuh perusahaan-perusahaan teknologi menjadi besar, jadi bukan yang berdasarkan sumber daya alam saja.
Baca juga: ISED: Indonesia harus siapkan talenta digital hadapi bonus demografi Baca juga: Menkominfo harap STMM mampu mencetak talenta digital masa depan Baca juga: Mencetak talenta digital dimulai dari sekolah

Pewarta: Aji Cakti Editor: Biqwanto Situmorang Copyright © ANTARA 2021
Dilarang keras mengambil konten, melakukan crawling atau pengindeksan otomatis untuk AI di situs web ini tanpa izin tertulis dari Kantor Berita ANTARA.",https://img.antaranews.com/cache/1200x800/2021/12/11/MoU-Pengembangan-Dan-Pembinaan-Koperasi-Dan-UMKM-14082020-dr-03.jpg
3 Indonesia gandeng Schneider Electric modernisasi tiga pusat data,1 Desember 2021,"Operator seluler 3 Indonesia bekerja sama dengan Schneider Electric, berhasil memodernisasi tiga data center-nya ...",https://www.antaranews.com/berita/2557133/3-indonesia-gandeng-schneider-electric-modernisasi-tiga-pusat-data,ANTARA,Data Center di Indonesia,2026-10-05 01:48:32,"Jakarta (ANTARA) - Operator seluler 3 Indonesia bekerja sama dengan Schneider Electric, berhasil memodernisasi tiga data center-nya menjadi semakin pintar, andal, efisien dan berkelanjutan.
Dengan modernisasi ini, data center 3 Indonesia menjadi data center tier 3 dengan standarisasi dan sertifikasi Uptime Institute dan mendukung 3 Indonesia meraih Service Level Agreement (SLA) hingga 99,982 persen dengan parameter mencakup jaminan atas ketersediaan critical power & cooling selama 24/7.
""Modernisasi ketiga data center ini merupakan wujud komitmen dan realisasi dari 3 Indonesia dalam membangun bisnis yang berkelanjutan, memaksimalkan pelayanan untuk pelanggan, serta mendukung perluasan cakupan pasar termasuk menggarap layanan 5G di Indonesia,"" kata Chief Technical Officer 3 Indonesia Desmond Cheung, Rabu.
Baca juga: Telkomsel gandeng Schneider Electric percepat adopsi 5G di industri
Ia melanjutkan, pihaknya melakukan berbagai pembaruan solusi dan teknologi digital pada infrastruktur data center yang dapat semakin meningkatkan waktu dan analisa data yang lebih akurat untuk menjaga dan meningkatkan kualitas layanan data kepada seluruh pelanggannya.

Lebih lanjut, Business Vice President Secure Power Division Schneider Electric Indonesia & Timor Leste Yana Achmad Haikal, menambahkan, teknologi digital terkini yang disematkan tersebut diharapkan dapat meningkatkan kapasitas data center untuk memberikan layanan komunikasi dan data internet yang lebih baik selama 24/7.
Ketiga data center 3 Indonesia menerapkan solusi EcoStruxure for Data Centers yang berbasis IoT yang mengintegrasikan manajemen listrik, gedung dan TI sehingga 3 Indonesia dapat memperoleh pemahaman menyeluruh terhadap performa data centernya dan membantu pengambilan keputusan yang tepat berbasis data real-time.
Teknologi tersebut juga menyediakan analisa prediktif secara real time dalam siklus hidup operasional data center dan pada saat yang sama, memberikan solusi mudah untuk merencanakan kapasitas tambahan dalam desain data center.
3 Indonesia juga menggunakan rangkaian produk circuit breaker dan trafo dari Schneider Electric untuk keamanan sistem listrik.
""Dalam proses pengembangan 5G dan penggabungan perusahaan, layanan kami akan terus berjalan dan pelanggan tidak akan mengalami hambatan akibat adanya proses upgrading yang dilakukan di operasional kami,"" kata Desmond.

""Dengan meningkatkan data center kami menjadi Tier-3, pelanggan akan mendapatkan pengalaman terbaik dalam menjelajahi dunia maya tanpa hambatan,"" imbuhnya.
Baca juga: Malaysia janjikan biaya operator telekomunikasi untuk 5G lebih murah
Baca juga: Konsolidasi operator menjadi solusi maksimalkan potensi bisnis IoT
Baca juga: Mastel: Konsolidasi operator strategi percepatan transformasi digital


Pewarta: Arnidhya Nur Zhafira Editor: Alviansyah Pasaribu Copyright © ANTARA 2021
Dilarang keras mengambil konten, melakukan crawling atau pengindeksan otomatis untuk AI di situs web ini tanpa izin tertulis dari Kantor Berita ANTARA.",https://img.antaranews.com/cache/1200x800/2021/12/01/WhatsApp-Image-2021-12-01-at-09.12.23.jpeg
PointStar usung layanan cloud terintegrasi paling lengkap di Indonesia,29 November 2021,PointStar menawarkan solusi lengkap untuk kolaborasi dan transformasi dengan teknologi terintegrasi dan terdepan. ...,https://www.antaranews.com/berita/2552145/pointstar-usung-layanan-cloud-terintegrasi-paling-lengkap-di-indonesia,ANTARA,Data Center di Indonesia,2026-10-05 01:48:32,"Jakarta (ANTARA) - PointStar menawarkan solusi lengkap untuk kolaborasi dan transformasi dengan teknologi terintegrasi dan terdepan. Siaran pers PointStar menyebutkan mereka bekerja sama dengan Google Cloud untuk menawarkan solusi terlengkap bagi industri yang akan dan sedang melakukan transformasi digital.

Tren industri di masa depan diprediksi terus meningkat dan kondisi new normal masih mempengaruhi cara kerja baru untuk para personil di perusahaan bisa bekerja dari mana pun, bahkan setelah pandemi berakhir. Kerja kolaboratif akan menjadi tren bagi pekerja untuk tetap produktif sehingga dapat memenuhi kebutuhan organisasi.

Pola konsumsi masyarakat yang akan terus meningkat di platform digital, merupakan tantangan bagi perusahaan untuk memperluas cakrawala bisnisnya. Teknologi cloud merupakan solusi yang dapat menjawab kebutuhan perusahaan untuk menghadapi kedua tren di masa mendatang.


General Manager PointStar, Natanael Sibarani, dalam acara Go Digital Summit 2021 menjelaskan, ""Tren untuk bekerja tidak lagi terbatas oleh ruang. Dengan solusi cloud, tidak hanya dapat mengakomodir kebutuhan produktivitas tersebut, namun juga dapat membantu perusahaan untuk berkembang pesat. Implementasi cloud dapat digunakan untuk memperluas layanan yang diberikan pada pelanggan dengan fleksibilitas tinggi.”

Solusi Google Cloud dapat menjadi jawaban untuk semua usaha, mulai dari UMKM hingga Enterprise. Fleksibilitas dan skalabilitas yang ditawarkan oleh layanan cloud dapat membantu perusahaan menekan biaya operasional dengan metode pembayaran pay-as-you-go.


Sebagai Google Premier Partner, PointStar menawarkan solusi kebutuhan lengkap mulai dari produktivitas, infrastruktur, AI (Artificial Intelligence) & ML (Machine Learning), dan masih banyak lagi solusi lengkap untuk perusahaan yang ingin go digital.

Selain itu, dari sisi layanan, Google Cloud tidak hanya menawarkan infrastruktur andal (agile), namun juga aman (secure).

""Kami selalu memastikan setiap layanan yang kami tawarkan adalah yang terbaik, dengan sertifikasi layanan terlengkap, dan aman bagi pelanggan,"" kata Natanael Sibarani.


PointStar bekerja sama dengan Google Cloud untuk memberikan layanan kolaborasi, infrastruktur, dan automation berbasis cloud. Pelanggan tidak perlu khawatir dengan keamanan layanan cloud, karena seluruh data pelanggan aman tersimpan di data center di Indonesia.

""Google Cloud juga menawarkan sertifikasi yang lengkap. Untuk organisasi data-sensitive, Google Cloud sudah dilengkapi sertifikasi yang mematuhi peraturan pemerintah, undang-undang, dan peraturan OJK. Oleh karena itu, jangan ragu untuk go digital dan mengembangkan bisnis Anda dengan PointStar,” tutup Natanael.

PointStar didirikan pada tahun 2008 di Singapura, dan menjadi salah satu penyedia awal solusi cloud profesional. Semenjak berdiri, PointStar membantu lebih dari 3.000 klien di seluruh dunia bekerjasama dengan penyedia layanan Cloud terkemuka di teknologi informasi, salah satunya Google Cloud.













Pewarta: PR Wire Editor: PR Wire Copyright © ANTARA 2021
Dilarang keras mengambil konten, melakukan crawling atau pengindeksan otomatis untuk AI di situs web ini tanpa izin tertulis dari Kantor Berita ANTARA.",https://img.antaranews.com/cache/1200x800/2020/10/22/cloud-3017392_1920.jpg
Erick Thohir: Data jadi sumber tambang baru pada era digitalisasi,23 Oktober 2021,"Menteri BUMN Erick Thohir mengungkapkan saat ini data merupakan sumber tambang baru pada era digitalisasi, sehingga ...",https://www.antaranews.com/berita/2477145/erick-thohir-data-jadi-sumber-tambang-baru-pada-era-digitalisasi,ANTARA,Data Center di Indonesia,2026-10-05 01:48:32,"Jakarta (ANTARA) - Menteri BUMN Erick Thohir mengungkapkan saat ini data merupakan sumber tambang baru pada era digitalisasi, sehingga data-data nasional dan milik rakyat Indonesia harus tetap tinggal di Indonesia.
""Data adalah sumber tambang baru, karena itu kita harus pastikan data kita tinggal di Indonesia,"" ujar Erick Thohir dalam orasi ilmiah virtual di Universitas Sriwijaya, Palembang, Sumatera Selatan, Sabtu, yang dipantau di Jakarta.
Menteri BUMN ingin data-data milik rakyat Indonesia tetap di Indonesia agar jangan sampai seperti halnya market atau pasar Indonesia yang dipakai negara lain.
Dalam kesempatan tersebut, Erick Thohir juga menyampaikan bahwa PT Telkom akan difokuskan kepada segmen business to business atau B2B, sehingga bisa menjalin kerja sama bisnis dengan pendidikan, rumah sakit melalui pembangunan berbagai macam infrastruktur digital seperti jaringan fiber optik, data center atau komputasi awan (cloud), dan termasuk menara komunikasinya.
""Telkomsel harus menyerahkan kembali semua tower-tower -nya ke Telkom, karena ini bagian dari strategi besar,"" kata Erick.

Sebelumnya, Menteri BUMN Erick Thohir mengungkapkan pihaknya mendorong dan memfasilitasi pengembangan industri digital di Indonesia secara komprehensif.
Erick ingin Telkom membuka secara besar-besaran data center di Indonesia untuk mendukung aktivitas bisnis pengusaha lokal.
Menteri BMN juga terus mendorong generasi muda memiliki perusahaan-perusahaan besar untuk menjadi unicorn-unicorn baru.
Menurut dia, potensinya ada dan saat ini Indonesia memiliki lima unicorn mestinya bisa menjadi 25 unicorn untuk beberapa tahun mendatang.
Hal ini dalam rangka mendorong perusahaan-perusahaan menjadi besar, membuka lapangan kerja yang sangat masif, dan juga mendorong ekonomi Indonesia untuk memastikan Indonesia juga terproteksi dengan digitalisasi.

Baca juga: Tingkatkan UMKM, Erick Thohir dorong pelatihan digital di Rumah BUMN Baca juga: Erick Thohir dorong pengembangan industri digital secara komprehensif Baca juga: Telkom percepat peningkatan kualitas layanan, utamakan kebutuhan WFH
Pewarta: Aji Cakti Editor: Kelik Dewanto Copyright © ANTARA 2021
Dilarang keras mengambil konten, melakukan crawling atau pengindeksan otomatis untuk AI di situs web ini tanpa izin tertulis dari Kantor Berita ANTARA.",https://img.antaranews.com/cache/1200x800/2021/10/23/MJR_2531.jpg
H2 Data Center siap dukung akselerasi transformasi digital,22 Oktober 2021,PT Datacenter Indonesia Sukses Makmur atau H2 Data Center siap mendukung akselerasi transformasi digital di Tanah Air ...,https://www.antaranews.com/berita/2474509/h2-data-center-siap-dukung-akselerasi-transformasi-digital,ANTARA,Data Center di Indonesia,2026-10-05 01:48:32,"Jakarta (ANTARA) - PT Datacenter Indonesia Sukses Makmur atau H2 Data Center siap mendukung akselerasi transformasi digital di Tanah Air seiring dengan rampungnya gedung data center pertama di dalam kompleks hyperscale data center park terbesar di Indonesia bernama H2.
Executive Director Salim Group Axton Salim mengatakan, gedung data center berada di kawasan Pertiwi Lestari Industrial Estate, Karawang, Jawa Barat, dengan total luas area sebesar 86 hektare.
Gedung data center pertama yang dinamai H2-01 didirikan setinggi 10 lantai di mana enam lantai di antaranya merupakan data hall dengan total kapasitas sebesar 3.000 rack dan total daya listrik sebesar 15 MW.
Baca juga: REAL jajaki kolaborasi bisnis data center dengan DCII
""Tingkat kebutuhan data center di Indonesia meningkat drastis dalam dua tahun terakhir. Digitalisasi terus berkembang pesat dengan adaptasi komputasi awan yg terus meningkat, disertai dengan aktivitas sekolah dan kerja dari rumah selama pandemi.

Kompleks hyperscale data center H2 dibangun dengan latar belakang tersebut dengan prinsip eco-sustainable, di mana kami akan memasang solar panel power sebagai salah satu sumber listrik di kawasan data center,"" ujar Axton dalam keterangan di Jakarta, Jumat.
Indonesia merupakan negara terbesar di Asia Tenggara dengan total populasi sebesar 256 juta, namun hingga saat ini kapasitas data center per kapitanya merupakan salah satu yang terendah dibandingkan dengan negara lain di dunia.
Jika dibandingkan dengan negara lain di Asia, seperti contoh Jepang yang memiliki pertumbuhan data center di negaranya, jika rata-rata konsumsi per capita adalah 10 watt, data center Indonesia dapat mengalami pertumbuhan mencapai 2.700 watt.
Baca juga: Telkomgisma ekspansi bisnis siap operasikan 18 edge data center
Dilansir dari Cushman & Wakefield, “Data Center in South East Asia poised for Rapid Growth”, August 2019, dengan kehadiran data center H2 yang memiliki total luas area 791 hektar dan total kapasitas hingga 600 MW, H2 mampu berkontribusi sebesar 22 persen.

Sebagai carrier neutral data center, H2 mampu memenuhi kebutuhan hyperscale data center, termasuk layanan colocation, layanan interconnection dan juga ruang bekerja. Hingga saat ini, lanjut Axton, H2 telah dipercaya oleh pelanggan internasional dengan tersewanya dua lantai gedung data center H2.
Ia menambahkan, sebagai salah satu kompleks data center terbesar di Asia Tenggara, H2 didesain dengan standar internasional. Tidak hanya akan menjadi salah satu pemain global, data center dioperasikan dengan menggunakan energi terbarukan dari solar panel farm di area yang sama sehingga lebih ramah lingkungan.
""Gedung H2-01 merupakan permulaan dari kawasan hyperscale H2. Area kompleks ini bisa dibangun hingga kapasitas 600MW,"" kata Axton.
Axton menyampaikan, pihaknya berkomitmen untuk memastikan skalabilitas layanan di H2 Data Center selalu terjaga dan sesuai dengan kebutuhan masyarakat. Saat ini H2 telah mengandeng tiga provider jaringan yaitu Indonet, Matrix NAP Info, dan TransIndonesia Network.
Kompleks hyperscale data center park H2 merupakan proyek kerja sama strategis pertama antara Bos Grup Indofood Anthoni Salim dengan emiten data center PT. DCI Indonesia Tbk (DCII).

Pewarta: Citro Atmoko Editor: Nusarina Yuliastuti Copyright © ANTARA 2021
Dilarang keras mengambil konten, melakukan crawling atau pengindeksan otomatis untuk AI di situs web ini tanpa izin tertulis dari Kantor Berita ANTARA.",https://img.antaranews.com/cache/1200x800/2021/10/22/tempFileForShare_20211022-073006.jpg
REAL jajaki kolaborasi bisnis data center dengan DCII,18 Oktober 2021,Emiten properti PT Repower Asia Indonesia Tbk (REAL) menjajaki kolaborasi dengan salah satu perusahaan data center ...,https://www.antaranews.com/berita/2465309/real-jajaki-kolaborasi-bisnis-data-center-dengan-dcii,ANTARA,Data Center di Indonesia,2026-10-05 01:48:32,"Jakarta (ANTARA) - Emiten properti PT Repower Asia Indonesia Tbk (REAL) menjajaki kolaborasi dengan salah satu perusahaan data center terbesar di Indonesia yaitu PT DCI Indonesia Tbk (DCII) dalam upaya perseroan memasuki bisnis data center di Tanah Air.
President Director PT Repower Asia Indonesia Tbk Aulia Firdaus mengatakan, perseroan akan mengkonversi aset gedung perkantoran yang dimilikinya di wilayah Jakarta dan sekitarnya dan juga terus aktif melakukan pembicaraan dengan beberapa mitra strategis di beberapa lokasi lain di antaranya di Cikarang dan Tangerang.
""Kami masih melakukan diskusi dan feasibility study terkait bisnis data center ini dengan mitra-mitra strategis. DCII ini adalah salah satu perusahaan data center terbaik, kami ingin bersinergi ke depan dengan berbagai pihak dalam rangka ekspansi ke bisnis properti digital ini,"" ujar Aulia dalam keterangan di Jakarta, Senin.
Secara umum, data center merupakan fasilitas yang berupa tempat, bangunan ataupun gedung yang berfungsi untuk menyimpan dan mengoperasikan server penyimpanan data.
Level data center mulai dari tier I sampai dengan tier IV. Tier IV merupakan data center berstandar internasional dari segi infrastruktur, fasilitas dan tingkat keamanannya tinggi karena telah memiliki sistem keamanan 24 jam, serta tidak rentan terhadap gangguan terencana atau tidak.

""Tentu di masa seperti ini, perusahaan dituntut untuk bisa melihat potensi-potensi bisnis yang bisa mendukung kinerja perusahaan. Kita semua sudah tahu sepak terjang DCII di bisnis data center. Momen yang pas juga di saat REAL ingin mengembangkan digital properti yang salah satunya melalui data center. Semoga bisa membangun kolaborasi yang positif nantinya,"" kata Aulia.
Sementara itu, CEO DCII Toto Sugiri mengatakan, masih ada ruang pertumbuhan data center di Indonesia lebih dari sepuluh kali lipat.
DCII sendiri memiliki kapasitas 37 MW dan berencana menambah kapasitas data center perusahaan hampir dua kali lipat sejalan dengan meningkatnya kebutuhan pasar.
Berdasarkan laporan konsultan real estat JLL yang berjudul Data Centre in Indonesia Unveiling The Potential to Become The Next Digital Hub, bisnis data center disebutkan akan terus tumbuh dan berkembang pesat didorong oleh pertumbuhan generasi muda dan kelas menengah baru serta kebangkitan ekonomi digital.
Sedangkan dari data Structure Research, proyeksi pertumbuhan data center di Indonesia pada periode 2020-2025 diperkirakan akan mencapai 23,5 persen per tahun. Pada 2025, market size-nya diperkirakan akan mencapai 618,6 juta dolar AS.

Baca juga: Didukung Yusuf Mansur, Repower optimistis penjualan lampaui 100 persen
Baca juga: Repower Asia masuk ke bisnis data center garap ekonomi digital
Baca juga: Repower Asia: Tahun 2021 akan lebih baik bagi industri properti
Baca juga: IPO Repower Asia kelebihan permintaan 87 kali


Pewarta: Citro Atmoko Editor: Ahmad Buchori Copyright © ANTARA 2021
Dilarang keras mengambil konten, melakukan crawling atau pengindeksan otomatis untuk AI di situs web ini tanpa izin tertulis dari Kantor Berita ANTARA.",https://img.antaranews.com/cache/1200x800/2021/10/18/Screenshot_20211018-071334_WhatsApp.jpg
Erick Thohir dorong pengembangan industri digital secara komprehensif,28 September 2021,Menteri BUMN Erick Thohir mengungkapkan pihaknya mendorong dan memfasilitasi pengembangan industri digital di Indonesia ...,https://www.antaranews.com/berita/2420549/erick-thohir-dorong-pengembangan-industri-digital-secara-komprehensif,ANTARA,Data Center di Indonesia,2026-10-05 01:48:32,"Jakarta (ANTARA) - Menteri BUMN Erick Thohir mengungkapkan pihaknya mendorong dan memfasilitasi pengembangan industri digital di Indonesia secara komprehensif.
""Ada yang namanya infrastruktur dan pendanaan. Data center makanya sejak awal saya bilang Telkom harus berubah, tidak hanya bisa mengandalkan pendapatan yang sudah sunset . Kita harus hadir memastikan data center dan komputasi awan ( cloud ) kita, jangan dimiliki asing semua, kita harus menjadi bagian juga yang berkompetitif,"" ujar Erick Thohir dalam diskusi daring di Jakarta, Selasa.
Erick ingin Telkom membuka secara besar-besaran data center-data center di Indonesia untuk mendukung aktivitas bisnis pengusaha lokal.
""Pengembangan jaringan fiber optik, kemarin juga kita sudah menang di jaringan 5G dan ini bagian infrastruktur yang penting,"" katanya.
Terkait pendanaan, dengan adanya BRI Ventures, Mandiri Capital, MDI, dan TMI, Erick Thohir juga akan mulai fokuskan pendanaan kepada startup.

""Tetapi kita juga mau pastikan bahwa startup yang akan didanai tersebut pendirinya (founders) adalah orang Indonesia, perusahaannya beroperasi di Indonesia, dan tentu karena ini korporasi kita berharap startup itu memiliki prospek IPO di Indonesia,"" kata Erick.
Sebelumnya Erick Thohir terus mendorong generasi muda memiliki perusahaan-perusahaan besar yang menjadi unicorn-unicorn baru.
Menurut dia, potensinya ada dan saat ini Indonesia memiliki lima unicorn mestinya bisa menjadi 25 unicorn untuk beberapa tahun mendatang.
Hal ini dalam rangka mendorong daripada perusahaan-perusahaan menjadi besar, membuka lapangan kerja yang sangat masif, dan juga mendorong ekonomi Indonesia untuk memastikan Indonesia juga terproteksi dengan digitalisasi.
Kalau melihat posisi perusahaan di Indonesia dari tahun ke tahun itu-itu saja. Sedangkan negara di dunia seperti Amerika Serikat dan banyak negara lainnya sekarang tumbuh perusahaan-perusahaan teknologi menjadi besar, jadi bukan yang berdasarkan sumber daya alam saja.

Di situ kebetulan BUMN seperti Mandiri, BRI, Telkom, Telkomsel itu memiliki investasi di perusahaan-perusahaan startup. BRI sudah investasi di 15 startup, Mandiri 15 startup, Telkomsel 15 startup, Telkom sudah investasi di 54 startup.
Baca juga: Erick Thohir bangga layanan digital Telkomsel dukung industri kreatif
Baca juga: Konsolidasi industri telekomunikasi kunci menuju transformasi digital

Pewarta: Aji Cakti Editor: Ahmad Buchori Copyright © ANTARA 2021
Dilarang keras mengambil konten, melakukan crawling atau pengindeksan otomatis untuk AI di situs web ini tanpa izin tertulis dari Kantor Berita ANTARA.",https://img.antaranews.com/cache/1200x800/2021/09/28/MwoyxRevGeUEg0clG1fUWqY6vrNA4264RscgZ5hZ.jpg
Peneliti: Pusat Data perlu ditunjang UU Perlindungan Data Pribadi,23 September 2021,Peneliti Center for Indonesian Policy Studies (CIPS) Pingkan Audrine Kosijungan mengingatkan bahwa pembangunan data ...,https://www.antaranews.com/berita/2411505/peneliti-pusat-data-perlu-ditunjang-uu-perlindungan-data-pribadi,ANTARA,Data Center di Indonesia,2026-10-05 01:48:32,"Jakarta (ANTARA) - Peneliti Center for Indonesian Policy Studies (CIPS) Pingkan Audrine Kosijungan mengingatkan bahwa pembangunan data center atau pusat data di Indonesia perlu diikuti oleh pengesahan Rancangan Undang-Undang (RUU) Perlindungan Data Pribadi (PDP).
""Pembahasan serta pengesahan RUU PDP ini mendesak karena kompleksitas data dan keamanan data membutuhkan pendekatan konsisten yang melibatkan semua pemangku kepentingan guna menjaga kontrol keamanan. Juga antara lain untuk mencegah terjadinya kebocoran data berulang terutama dari pusat data, baik yang dikelola pemerintah maupun swasta,"" tegas Peneliti Center for Indonesian Policy Studies (CIPS) Pingkan Audrine Kosijungan dalam siaran pers di Jakarta, Kamis.
Ia mengingatkan bahwa selain maraknya pembangunan data center milik perusahaan swasta, termasuk asing, di Indonesia, pemerintah juga berencana untuk membuat Pusat Data Nasional (PDN) untuk menampung data digital dari kementerian dan lembaga, lokal hingga nasional, serta menjamin aspek interoperasionalnya.
Baca juga: BSSN minta kementerian-lembaga bangun SDM handal cegah kebocoran data
Pingkan mengapresiasi maraknya pembangunan pusat data di Indonesia, namun hal tersebut perlu diimbangi dengan kepastian regulasi yang menjamin keamanan dan perlindungan data.

Ia menambahkan bahwa lemahnya keamanan privasi dan perlindungan data konsumen di Indonesia mempermudah pencurian data/identitas, penipuan, dan peretasan oleh oknum tidak bertanggung jawab, seperti tercermin dari rangkaian kasus eksploitasi data masyarakat melalui serangan phising melalui SMS, telepon, media sosial, hingga virus komputer seperti virus malware pada web browser.
Saat ini, penanganan kebocoran data masih bertumpu pada Peraturan Pemerintah 71/2019 mengenai Penyelenggaraan Sistem dan Transaksi Elektronik, yang fokus utamanya masih pada sistem dan transaksi elektronik, padahal ekonomi digital juga membutuhkan terjaminnya hak-hak konsumen digital termasuk atas kerahasiaan dan keamanan data.
Pingkan memaparkan, idealnya pemerintah melibatkan swasta dalam pembangunan pusat data untuk meringankan anggaran dan juga berbagi pengalaman soal kapasitas dan infrastruktur.
Baca juga: Kemendag: Perlindungan data pribadi dorong pertumbuhan ekonomi digital
""Maraknya minat pada sektor ini merupakan peluang bagi transformasi digital di Indonesia,"" katanya.

Ia juga merujuk misalnya kepada pusat data dan komputasi awan Kementerian Pertahanan Amerika Serikat, Pentagon, yang turut dikelola oleh Google dan Microsoft melalui kontrak kerja sama.
Peran swasta juga penting mengingat pembangunan dan pengoperasian data center membutuhkan anggaran yang tidak sedikit, sumber daya manusia terampil dan kompeten dan juga infrastruktur yang stabil, termasuk pasokan listrik selama 24 jam yang dibutuhkan pendingin ruangan.
Pada tahun 2021 tercatat beberapa perusahaan multinasional seperti Alibaba, Amazon, Google, Microsoft hingga Tencent membuka sejumlah data center di Indonesia untuk memenuhi permintaan platform digital maupun perusahaan-perusahaan di Indonesia yang telah memasuki proses digitalisasi.
Dari dalam negeri sendiri tercatat beberapa perusahaan seperti PT DCI Indonesia Tbk (DCII), PT Indointernet Tbk (EDGE), hingga PT Telkom Indonesia Tbk (TLKM) juga memiliki lini usaha data center yang turut mendukung transformasi digital di Tanah Air.
Pewarta: M Razi Rahman Editor: Budi Suyanto Copyright © ANTARA 2021
Dilarang keras mengambil konten, melakukan crawling atau pengindeksan otomatis untuk AI di situs web ini tanpa izin tertulis dari Kantor Berita ANTARA.",https://img.antaranews.com/cache/1200x800/2021/09/23/FintechAShutterstockam.jpg
"Persaingan data center semakin kompetitif, ini strategi Telkomsigma",20 September 2021,Percepatan digitalisasi telah mendorong peran data center menjadi semakin esensial sebagai infrastruktur yang mendasari ...,https://www.antaranews.com/berita/2404809/persaingan-data-center-semakin-kompetitif-ini-strategi-telkomsigma,ANTARA,Data Center di Indonesia,2026-10-05 01:48:34,"Jakarta (ANTARA) - Percepatan digitalisasi telah mendorong peran data center menjadi semakin esensial sebagai infrastruktur yang mendasari operasi sektor digital berbasis cloud, terlebih Indonesia menjadi hotspot pasar data center di Asia Tenggara sehingga memacu berbagai kalangan untuk mendirikan data center di Indonesia.
“Untuk itu provider data center perlu didukung oleh praktisi ahli bersertifikasi untuk mengoperasikan dan mengelola data center secara best practice dan mengacu pada standar internasional,"" kata Direktur Business & Sales Telkomsigma, Tanto Suratno, dalam keterangannya di Jakarta, Senin.
Ia menjelaskan Telkomsigma pada tahun 2021 terus menjaga komitmen operasi layanan data center -nya melalui pembaruan sertifikasi data center , yang salah satunya adalah dengan melakukan perpanjangan sertifikat Tier III Operation (TCOS) level Gold dari Uptime Institute hingga 2024.
Adanya sertifikat Tier III Operation menjamin operasi data center yang dikelola secara terstruktur dan telah melalui tahapan assessment serta audit pada aspek operasi, software , infrastruktur, SDM, dan berbagai komponen lainnya sehingga menjamin operasi data center agar terhindar dari potensi terjadinya downtime yang tak terduga.
Dengan begitu, melalui sertifikat Tier III Operation yang hingga kini masih menjadi satu satunya yang tersedia di Indonesia, data center Telkomsigma mampu melakukan proses production non-stop secara maksimal dengan didukung oleh keberadaan fasilitas disaster recovery yang andal. Baca juga: Telkomsigma kuasai pasar data center di Indonesia

Tekomsigma saat ini tengah memegang tata kelola bagi 18 internet data center TelkomGroup (neuCentriX) dan juga 3 enterprise data center yang tersebar di berbagai wilayah Indonesia.
Per 2021, lebih dari 300 pelanggan segmen enterprise , pemerintahan, startup , dan termasuk 60 persen di antaranya sektor perbankan dan finansial berada dalam cakupan operasional data center Telkomsigma. Angka tersebut belum termasuk penambahan berbagai proyek yang sedang berjalan seiring dengan permintaan pusat data yang terus meningkat.
Di tengah ramainya perbincangan bisnis data center saat ini, Telkomsigma kian menguatkan eksistensinya sebagai penyedia data center di Indonesia melalui penghargaan “The Best in Building and Managing Corporate Image” untuk kategori Data Center dalam ajang Corporate Image Award 2021.
“Perolehan Corporate Image Award selain menjadi apresiasi, tentu menjadi motivasi bagi kami untuk terus berkomitmen dalam menjalankan standar operasi data center secara best practice , serta terus menguatkan visi kami sebagai mitra transformasi digital pilihan di Indonesia melalui pilar bisnis kami dalam IT Services, Cloud, Data Center, dan Digital Services,"" ujar Tanto. Baca juga: Telkomsigma prediksikan banyak perusahaan akan mengadopsi ""cloud computing""

Pewarta: Royke Sinaga Editor: Risbiani Fardaniah Copyright © ANTARA 2021
Dilarang keras mengambil konten, melakukan crawling atau pengindeksan otomatis untuk AI di situs web ini tanpa izin tertulis dari Kantor Berita ANTARA.",https://img.antaranews.com/cache/1200x800/2021/09/20/datacenter.jpg
Repower Asia masuk ke bisnis data center garap ekonomi digital,15 September 2021,Emiten properti PT Repower Asia Indonesia Tbk berencana masuk ke bisnis data center guna menggarap peluang dari ekonomi ...,https://www.antaranews.com/berita/2393177/repower-asia-masuk-ke-bisnis-data-center-garap-ekonomi-digital,ANTARA,Data Center di Indonesia,2026-10-05 01:48:34,"Jakarta (ANTARA) - Emiten properti PT Repower Asia Indonesia Tbk berencana masuk ke bisnis data center guna menggarap peluang dari ekonomi digital yang semakin marak.
Presiden Direktur PT Repower Asia Indonesia Tbk Aulia Firdaus mengatakan, selain mengkonversi aset gedung perkantoran yang dimilikinya di wilayah Jakarta dan sekitarnya, perseroan juga tengah melakukan pembicaraan dengan beberapa mitra strategis di beberapa lokasi lain di antaranya di Cikarang dan Tangerang tekait dengan bisnis data center tersebut.
""Kami tengah melakukan pembicaraan serius dan melakukan feasibility study terkait bisnis data center ini,"" ujar Aulia dalam keterangan di Jakarta, Rabu.
Berdasarkan laporan konsultan real estat JLL yang berjudul Data Centre in Indonesia Unveiling The Potential to Become The Next Digital Hub menyebutkan bahwa bisnis data center akan terus tumbuh dan berkembang pesat didorong oleh pertumbuhan generasi muda dan kelas menengah baru serta kebangkitan ekonomi digital.
""Dalam mengembangkan bisnis, kita harus selalu melakukan research. Terkait bisnis data center ini dari data Structure Research, proyeksi pertumbuhan data center di Indonesia pada periode 2020-2025 akan mencapai 23,5 persen per tahun. Pada 2025, market size-nya diperkirakan akan mencapai 618,6 juta dolar AS,"" kata Aulia.

Dengan masuk ke bisnis data center, Aulia meyakini akan semakin memperkuat sisi pendapatan berkelanjutan perseroan ke depan.
""Segala usaha akan kami lakukan untuk memajukan Perusahaan, Data center ini merupakan tahap awal dari pengembangan bisnis property digital yang direncanakan REAL ke depan, kami berencana menjadi menjadi salah satu leader dari bisnis property digital and technology ke depan,"" ujar Aulia.
Sebelumnya, emiten berkode saham REAL itu juga telah menggarap Property Edukasi bekerjasama dengan pesantren Daarul Quran binaan Ustadz Yusuf Mansur dalam pembangunan pesantren perkotaan di wilayah Pasar Minggu Jakarta Selatan dan perumahan untuk 1.500 pengajar pesantren Darul Quran di Cipondoh, Tangerang dengan nilai proyek sebesar Rp825 miliar.
Baca juga: Repower Asia: Tahun 2021 akan lebih baik bagi industri properti Baca juga: Pandemi mulai terkendali, PPRO optimistis kinerja terus membaik Baca juga: BRI yakin aksi ""rights issue"" naikkan valuasi saham

Pewarta: Citro Atmoko Editor: Biqwanto Situmorang Copyright © ANTARA 2021
Dilarang keras mengambil konten, melakukan crawling atau pengindeksan otomatis untuk AI di situs web ini tanpa izin tertulis dari Kantor Berita ANTARA.",https://img.antaranews.com/cache/1200x800/2021/09/14/pembangunan-perumahan.jpg
PLN akan suplai listrik untuk pengembangan pusat data di Kota Deltamas,8 September 2021,PT PLN (Persero) akan menyupai kebutuhan listrik sebesar 993 megavolt ampere ke pusat data berstandar internasional ...,https://www.antaranews.com/berita/2379158/pln-akan-suplai-listrik-untuk-pengembangan-pusat-data-di-kota-deltamas,ANTARA,Data Center di Indonesia,2026-10-05 01:48:34,"Jakarta (ANTARA) - PT PLN (Persero) akan menyupai kebutuhan listrik sebesar 993 megavolt ampere ke pusat data berstandar internasional pertama di Indonesia yang akan dibangun di Greenland International Industrial Centre (GIIC) Kota Deltamas, Cikarang, Jawa Barat.
Direktur Utama PLN Zulkifli Zaini mengatakan pihaknya menyiapkan infrastruktur kelistrikan yang ada, berkualitas, dan hijau guna mendukung operasional pusat data tersebut.
""Sesuai arahan Presiden RI untuk menjadikan Indonesia sebagai hub data center internasional, PLN siap mendukung rencana tersebut sebaik-baiknya,” kata Zulkifli dalam keterangannya di Jakarta, Rabu.
Saat ini, kapasitas konsumsi data center per kapita Indonesia masih sangat kecil, yakni sebesar satu watt per kapita atau sekitar 270 megawatt untuk memenuhi pusat data saat ini.
Bandingkan dengan Jepang yang memiliki rata-rata kapasitas konsumsi pusat data 10 watt per kapita dan Singapura 100 watt per kapita. Sehingga, jika ingin setara dengan Jepang, setidaknya Indonesia memerlukan 2,7 gigawatt hanya untuk pusat data.

Zulkifli menegaskan pihaknya siap bekerja sama dengan pengembang kawasan atau investor pusat data berskala nasional maupun internasional yang hendak berinvestasi di Indonesia.
Dia juga berharap sinergi dapat dibangun bersama pemerintah pusat dan daerah dalam mendorong akselerasi transformasi digital di Indonesia melalui penyediaan pusat data nasional dan internasional.
“Dengan adanya pembangunan data center di Indonesia, maka akan menjadi tuas bagi pengembangan bisnis digital dan start up nasional serta multiplier effect lainnya,” ujar Zulkifli.
Presiden Direktur PT Puradelta Lestari dan PT Pembangunan Deltamas Hongky Jeffry Nantung menyampaikan harapan para pelaku pusat data di GIIC dan Indonesia bisa mendapatkan suplai tenaga listrik yang andal, karena pusat data membutuhkan suplai tenaga listrik yang besar.
""Dengan kolaborasi ini, kita harap kebutuhan pemain data center yang masuk dapat terpenuhi keandalannya, serta dapat tersuplai dengan energi terbarukan juga bisa dilayani oleh PLN,"" kata Hongky

Perjanjian kerja sama antara PLN dan GIIC ditandatangani oleh Direktur Direktur Bisnis Regional Jawa, Madura, dan Bali Haryanto WS, Direktur Niaga dan Manajemen Pelanggan PLN Bob Saril, Presiden Direktur PT Puradelta Lestari dan PT Pembangunan Deltamas Hongky Jeffry Nantung, serta Direktur PT Pembangunan Deltamas Naritsugu Tomita.
Melalui kerja sama ini, PLN akan menyalurkan pasokan listrik dengan tarif kompetitif untuk 12 pengembang pusat data nasional dan internasional di kawasan GIIC.
Demi menjaga keandalan energi di pusat data, PLN akan menyuplai listrik dari dua sumber utama yang disesuaikan dengan kebutuhan pelanggan sekaligus ditambah cadangan listrik Jawa Bali di atas 50 persen.
Baca juga: PLN: Produksi listrik ""co-firing"" capai 85.015 MWh hingga Juli 2021
Baca juga: PLN amankan suplai batu bara jangka panjang demi keandalan listrik
Baca juga: PLN kerahkan 1.574 petugas guna mengamankan pasokan listrik PON Papua

Pewarta: Sugiharto Purnama Editor: Ahmad Buchori Copyright © ANTARA 2021
Dilarang keras mengambil konten, melakukan crawling atau pengindeksan otomatis untuk AI di situs web ini tanpa izin tertulis dari Kantor Berita ANTARA.",https://img.antaranews.com/cache/1200x800/2021/09/08/WhatsApp-Image-2021-09-08-at-12.59.25.jpeg
Anggota DPR dorong transformasi Telkom demi penguatan kedaulatan data,22 Juli 2021,BUMN yang bergerak di bidang telekomunikasi seperti Telkom Indonesia harus mempercepat transformasi usahanya demi ...,https://www.antaranews.com/berita/2281146/anggota-dpr-dorong-transformasi-telkom-demi-penguatan-kedaulatan-data,ANTARA,Data Center di Indonesia,2026-10-05 01:48:34,"Jakarta (ANTARA) - BUMN yang bergerak di bidang telekomunikasi seperti Telkom Indonesia harus mempercepat transformasi usahanya demi mendukung penguatan kedaulatan data di Indonesia, kata Anggota DPR RI Evita Nursanty.
""Telkom harus jadi garda terdepan untuk kedaulatan data. Kami dukung ini,"" kata Evita, sebagaimana dikutip dari keterangan tertulis-nya yang diterima di Jakarta, Kamis.
Ia menuturkan situasinya saat ini Indonesia masih kurang berdaulat dalam mengelola data dan informasi, baik dalam berbagai aktivitas pemerintahan sampai kegiatan usaha.
Bahkan, banyak pihak di Tanah Air masih bergantung pada teknologi digital buatan asing, kata Anggota Komisi VI DPR RI ini.
""Pada masa pandemik COVID-19 ini, kita semakin tergantung pada digital platform dan digital service dari luar negeri, termasuk di dalamnya data center . Ini sangat mencemaskan, karena kita belum berdaulat dari sisi informasi. Kita bahkan 'begitu telanjang', tidak ada lagi rahasia. Ini sangat berbahaya,"" ujar Evita menegaskan.

Baca juga: MASTEL saran RUU PDP tetapkan batas kedaulatan digital negara
Baca juga: Anggota DPR RI minta pembiayaan Pusat Data bebas intervensi asing
Ia memberikan contoh rapat-rapat tertutup di DPR RI, kementerian, lembaga, dan pihak swasta yang berlangsung secara virtual sebenarnya tidak sepenuhnya aman dari risiko kebocoran data dan peretasan.
""Kita bilang rapat tertutup, tapi bagi asing itu terbuka. Entah itu rapat-rapat di kementerian/lembaga maupun DPR. Kami sudah ingatkan sejak awal harusnya kita bisa mengembangkan aplikasi meeting sendiri. Kita harus bangun data center sendiri, dan punya regulasi yang tegas untuk memanfaatkan data center di Indonesia,"" tutur Evita.
Ia lmenegaskan Undang-Undang Perlindungan Data Pribadi jika nantinya disahkan tidak dapat berjalan optimal, karena banyak kekurangan pada teknologi dan infrastruktur pendukung.

Oleh karena itu, Evita berharap sekaligus mendorong Telkom Indonesia mempercepat transformasi bisnis-nya dan tidak hanya memperluas jaringan ( connectivity ), tetapi juga mengembangkan digital platform dan digital service .
Pasalnya, dua layanan itu saat ini masih dikuasai pengusaha asing dan Indonesia masih berperan sebagai pasar.
""Data center dan cloud computing saat ini semua berlomba-lomba ke sana. Telkom juga harus menjadi pioner untuk mengembangkan layanan-layanan digital yang sesuai dengan kebutuhan masyarakat. Jangan hanya OTT (pelaku usaha teknologi digital-red.) asing yang menikmati,"" katanya.
Terkait itu, Telkom perlu menyiapkan sumber daya manusia yang ahli pada bidang teknologi informasi dan komunikasi serta melakukan pembinaan talenta digital di Indonesia.
Baca juga: Kominfo: PP PSTE 71 soal kedaulatan data
Baca juga: Menkominfo: Percepatan RUU PDP upaya dukung kedaulatan data

Pewarta: Genta Tenri Mawangi Editor: Chandra Hamdani Noor Copyright © ANTARA 2021
Dilarang keras mengambil konten, melakukan crawling atau pengindeksan otomatis untuk AI di situs web ini tanpa izin tertulis dari Kantor Berita ANTARA.",https://img.antaranews.com/cache/1200x800/2021/07/22/evita-dpr.jpg
Indonet fokus bangun layanan digital terintegrasi,28 Juni 2021,"PT Indointernet Tbk (Indonet) (Perseroan), perusahaan penyedia layanan infrastruktur digital di Indonesia sedang ...",https://www.antaranews.com/berita/2236254/indonet-fokus-bangun-layanan-digital-terintegrasi,ANTARA,Data Center di Indonesia,2026-10-05 01:48:34,"Jakarta (ANTARA) - PT Indointernet Tbk (Indonet) (Perseroan), perusahaan penyedia layanan infrastruktur digital di Indonesia sedang mempersiapkan pengembangan layanan terintegrasi HyperScale conneX (HSX).
Nantinya layanan itu akan menyediakan layanan multi konektivitas dengan menghubungkan koneksi internet ke berbagai platform digital seperti data center dan multi cloud global.
Hal itu dilakukan untuk meneruskan hasil kerja yang gemilang pada tahun ini, di mana Indonet mencatatkan pendapatan sebanyak Rp126,4 milyar dan laba bersih sebesar Rp20,9 milyar.
Direktur Utama Indonet, Karla Winata mengungkapkan, Indonet dapat mempertahankan rasio profitabilitas dengan baik, karena menjalankan berbagai strategi bisnis dalam menyambut permintaan pasar, terutama pada bisnis data center.
""Melalui pengembangan konektivitas dan membangun fasilitas data center di berbagai pusat kota yang merupakan pendorong utama ekonomi digital, termasuk pertumbuhan berbagai bisnis UKM dan korporasi untuk perekonomian yang berkelanjutan,"" ungkap Karla Winata secara virtual, Senin.

Baca juga: Tencent Cloud luncurkan Internet Data Center pertama di Indonesia
Baca juga: Peningkatan Aruba ESP hadirkan keamanan dari Edge hingga Cloud
Pada tahun 2018-2020, Pendapatan Usaha Perseroan terus tumbuh dengan Compounded Annual Growth Rate (CAGR) sebesar 46 persen menyentuh angka Rp475,7 Milyar.
Sementara pada periode yang sama, laba bersih tumbuh dengan CAGR sebesar 29 persen dan pada 2020 Perseroan membukukan laba sebesar Rp122 Milyar. Manajemen optimis dapat mempertahankan kinerja yang baik pada 2021 untuk mencapai double digit growth.
Indonet optimistis menghadapi berbagai tantangan ke depan dengan menghadirkan solusi yang tepat berbekal pemahaman mendalam pada bisnis khususnya layanan infrastruktur digital yang terintegrasi.

Indonet juga membangun ekosistem digital yang terdiri dari: penyedia layanan cloud global, perusahaan-perusahaan di sektor finansial, logistik, e-commerce, serta pengguna korporasi maupun individu lain.
Sebagai informasi, Indonet melalui anak usahanya PT Ekagrata Data Gemilang, tengah menyelesaikan pembangunan EDGE DC 1 dengan kapasitas IT Load 6MW yang terletak di pusat kota yang akan memberikan kemudahan akses data dengan latensi rendah.
Lokasi EDGE DC 1 juga dekat dengan area Internet Exchange yang merupakan pusat lalu lintas data, sehingga memudahkan pelanggan dalam menjangkau end user . Salah satu pencapaian Indonet di Q2 2021 adalah delivery layanan data center kepada salah satu penyedia cloud global.
""Kolaborasi Indonet dengan perusahaan platform data center, Digital Edge (Hong Kong) Ltd. (Digital Edge), yang berpusat di Hong Kong untuk mengembangkan edge data center di Indonesia merupakan upaya serta komitmen kami dalam menjawab kebutuhan pelanggan atas kebutuhan koneksi cepat tanpa adanya isu latensi,"" kata dia.
""Melalui EDGE DC 1, Indonet akan mendukung pelanggan untuk mengakses data dengan low latency,"" tambah dia.
Dalam hal ini, Indonet tengah berfokus pada peningkatan big data, Internet of Things (IoT), layanan cloud, streaming, dan tren teknologi lainnya.

Hal ini menyebabkan end-users menuntut akses di mana saja dan kapan saja ke berbagai platform aplikasi, layanan, dan data yang disimpan di data center dengan cepat, sehingga latensi tidak lagi dapat ditoleransi.
Untuk mengantisipasi demand yang tinggi atas EDGE data center yang andal dan terpercaya, Indonet juga sedang mempersiapkan pembangunan EDGE DC 2. Konstruksi EDGE DC 2 akan dimulai pada tahun 2022 pada lahan dengan luas 6,000 m2 yang akan dialokasikan khusus untuk pembangunan EDGE DC 2.
Baca juga: Penyedia pusat data Indointernet melantai di bursa
Baca juga: Xbox Cloud Gaming janjikan banyak pembaruan
Baca juga: AWS: Fleksibilitas teknologi penting untuk imbangi beban pekerjaan

Pewarta: Chairul Rohman Editor: Alviansyah Pasaribu Copyright © ANTARA 2021
Dilarang keras mengambil konten, melakukan crawling atau pengindeksan otomatis untuk AI di situs web ini tanpa izin tertulis dari Kantor Berita ANTARA.",https://img.antaranews.com/cache/1200x800/2021/06/28/Dari-kiri-ke-kanan-Toto-Sugiri-selaku-Komisaris-Utama-Karla-Winata-selaku-Direktur-Utama-PT-Indointernet-Tbk-Djarot-Subiantoro-selaku-Komisaris-Donauly-Situmorang-selaku-Corporate-Secretary.png
DCI Indonesia catat pertumbuhan laba bersih 55 persen pada QI 2021,7 Juni 2021,"Perusahaan pemimpin penyedia layanan data center di Indonesia, PT DCI Indonesia Tbk (DCI) (Perseroan), mencatatkan ...",https://www.antaranews.com/berita/2197582/dci-indonesia-catat-pertumbuhan-laba-bersih-55-persen-pada-qi-2021,ANTARA,Data Center di Indonesia,2026-10-05 01:48:34,"Jakarta (ANTARA) - Perusahaan pemimpin penyedia layanan data center di Indonesia, PT DCI Indonesia Tbk (DCI) (Perseroan), mencatatkan pertumbuhan laba bersih sebesar 55 persen (yoy) pada kuartal I (QI) 2021.
CEO DCI, Toto Sugiri menyampaikan DCI dapat melayani kebutuhan pelanggan dengan ketersediaan kapasitas sebesar 37 MW dan memimpin pangsa pasar data center co-location Indonesia sebesar setara 51 persen, seiring dengan meningkatnya permintaan pasar terhadap layanan co-location data center.
“DCI mampu mempertahankan profitabilitas yang sehat dalam dinamika pasar yang menantang,” kata Toto dalam keterangannya yang diterima di Jakarta, Senin.
Lebih lanjut Toto mengumumkan kinerja keuangan perusahaan di kuartal pertama 2021 dengan membukukan kenaikan pendapatan sebesar 25 persen menjadi Rp171 milyar, dibandingkan Q1 2020. Kemudian EBITDA Q1 2021 sebesar Rp116 milyar atau naik 45 persen dari Q1 2020 sebesar Rp80,5 milyar.
Toto menambahkan, DCI akan menjalankan beberapa strategi bisnis dalam menyambut permintaan pasar. Beberapa diantaranya meningkatkan inovasi teknologi dengan menerapkan otomatisasi dalam operasional pusat data agar menghindari human error dan meningkatkan efisiensi operasional, serta memperkuat keragaman ekosistem di data center.

Selain itu, DCI akan terus berkontribusi ke infrastruktur ekonomi digital Indonesia sambil membangun langkah-langkah baru agar dapat konsisten menjadi perusahaan data center dengan kualitas operasional terbaik di Asia Tenggara.
Hingga beberapa tahun mendatang, perseroan berkomitmen untuk membangun pusat data secara berkelanjutan di lahan seluas 8,5 hektar dengan menghadirkan total kapasitas data center sebesar 300 MW.
Selain fokus dalam membangun infrastruktur data center secara berkelanjutan, DCI juga turut menghadirkan ekosistem data center lokal terlengkap di Indonesia. Hingga saat ini, layanan perseroan telah dipercaya oleh perusahaan internasional maupun lokal, termasuk 3 cloud service providers global, 7 platform e-commerce termasuk di dalamnya platform e-commerce terbesar di Indonesia dan Asia Tenggara, lebih dari 30 penyedia layanan telekomunikasi, 124 pelanggan dari industri keuangan (mencakup bank-bank ternama dari Amerika Serikat, Asia Tenggara dan Indonesia), serta lebih dari 100 pelanggan dari berbagai industri.
Lebih lanjut Toto menyampaikan bahwa sesuai dengan visi DCI untuk menjadi penyedia layanan data center terpercaya di Asia Tenggara, perseroan berkomitmen untuk membawa industri data center selangkah lebih maju dalam segi keunggulan operasional data center terbaik dengan mempertahankan waktu uptime 100 persen.
“Tingkat waktu uptime untuk Service Level Agreement (SLA) operations adalah 100 persen. Hal ini dapat kami capai lewat penerapan operasional dan service excellence yang selalu selangkah lebih maju dengan melakukan berbagai inovasi teknologi,” ungkap dia.

Inovasi teknologi data center yang dilakukan perseroan dengan mengimplementasikan teknologi Artificial Intelligence (AI) serta Internet of Things (IoT) sehingga tidak ada insiden yang mengganggu operasional infrastruktur IT perusahaan dan meningkatkan efisiensi energi di data center. DCI juga telah meresmikan gedung data center keempat (JK5) di area data center campus yang berlokasi di Cibitung. Baca juga: Perkuat bisnis digital, Telkom bangun data center skala internasional Baca juga: Tencent Cloud luncurkan Internet Data Center pertama di Indonesia Baca juga: Kominfo dorong pemanfaatan teknologi komputasi awan untuk ""Go Digital""
Pewarta: Kuntum Khaira Riswan Editor: Biqwanto Situmorang Copyright © ANTARA 2021
Dilarang keras mengambil konten, melakukan crawling atau pengindeksan otomatis untuk AI di situs web ini tanpa izin tertulis dari Kantor Berita ANTARA.",https://img.antaranews.com/cache/1200x800/2018/03/pt-dci.jpg
CTI rangkul Furukawa layani solusi data center,7 Mei 2021,"Computrade Technology International (CTI Group) melalui anak usahanya, PT Mega Buana Teknologi (MBT), bekerja sama ...",https://www.antaranews.com/berita/2143874/cti-rangkul-furukawa-layani-solusi-data-center,ANTARA,Data Center di Indonesia,2026-10-05 01:48:34,"Jakarta (ANTARA) - Computrade Technology International (CTI Group) melalui anak usahanya, PT Mega Buana Teknologi (MBT), bekerja sama dengan PT Furukawa Optical Solutions Indonesia (FOSI) merupakan anak perusahaan dari Furukawa Electric Group, dalam penyediaan layanan solusi data center .
""Industri data center terus berkembang pesat setiap tahun. Operator data center yang ada di pasar saat ini memiliki kapasitas akses data tercepat mencapai 100G, namun tren baru akan segera mulai yakni pra operator data center akan memigrasi jaringan mereka ke 400 gigabit ethernet,"" kata Alexandre Schappo sebagai SEA Application Engineer Manager Furukawa Electric.
Hal itu sejalan dengan perkembangan Internet of Things (IoT) dan Artificial Intelligence (AI) yang memicu serangkaian perubahan dalam industri telekomunikasi, yaitu jaringan generasi kelima atau 5G. Di Indonesia sendiri, persiapan menuju 5G masih memerlukan dorongan besar.
Baca juga: Tencent Cloud luncurkan Internet Data Center pertama di Indonesia
""Masalah yang sering dialami oleh pelanggan kami adalah pengetahuan mengenai teknologi data center . Bersama dengan Furukawa, MBT tidak hanya menyediakan produk tapi juga memberikan layanan kepada mitra bisnis dan pelanggan kami, mulai dari sisi perencanaan hingga implementasi,” kata Yuwono Pranata, Presiden Direktur MBT, dalam pernyataan resmi, Jumat.

Menurut penelitian dari Structure Research, pertumbuhan data center di Indonesia saat ini terpusat di Jabodetabek dan sudah mulai memasuki fase akselerasi, dengan total kapasitas 72,5 MW di akhir 2020.
Proyeksinya, pasar ini akan terus bertumbuh dengan pertumbuhan rata-rata setiap tahunnya sekitar 23,7 persen hingga lima tahun ke depan. Peningkatan tersebut juga berdampak pada transformasi telekomunikasi yang tengah dijalankan pemerintah dengan mempersiapkan loncatan jaringan dari 4G ke 5G, untuk mendukung akselerasi produktivitas, industrialisasi, maupun informasi dan teknologi Tanah Air.
Melalui kerja sama dengan Furukawa Optical Solutions Indonesia, MBT terus memperluas jaringan kemitraannya untuk mendukung perkembangan industri telekomunikasi dan data center di Indonesia. Kolaborasi tersebut juga menjadi bagian dari upaya yang terus dilakukan MBT untuk terus menghadirkan layanan dan solusi teknologi terkini untuk para perusahaan dan organisasi di Indonesia.
Baca juga: CDT rilis sistem pengelolaan cloud terpadu Nebula Cloud Console
Baca juga: CDT dan Avnos sediakan infrastruktur TI yang mudah dikelola

Baca juga: Furukawa Electric mulai memproduksi massal stealh dicing tape
Pewarta: Suryanto Editor: Maria Rosari Dwi Putri Copyright © ANTARA 2021
Dilarang keras mengambil konten, melakukan crawling atau pengindeksan otomatis untuk AI di situs web ini tanpa izin tertulis dari Kantor Berita ANTARA.",https://img.antaranews.com/cache/1200x800/2021/01/09/shutterstock_697523941.jpg
Menkominfo tinjau kesiapan lahan pembangunan Pusat Data Nasional,23 April 2021,Menteri Komunikasi dan Informatika Johnny G Plate meninjau kesiapan lahan yang rencananya akan dibangun Pusat Data ...,https://www.antaranews.com/berita/2117602/menkominfo-tinjau-kesiapan-lahan-pembangunan-pusat-data-nasional,ANTARA,Data Center di Indonesia,2026-10-05 01:48:34,"Batam (ANTARA) - Menteri Komunikasi dan Informatika Johnny G Plate meninjau kesiapan lahan yang rencananya akan dibangun Pusat Data Nasional di Kota Batam, Kepulauan Riau, Jumat.
""Saya datang melihat, yang pasti kita membangun pusat data harus tersedia lahannya. Saya memastikan tersedianya lahan. Di Batam ini tersedia dua lokasi yang akan saya lihat dan pilih.,"" kata Menkominfo saat meninjau lahan di Batam.
Terdapat dua lokasi yang ditawarkan sebagai tempat Pusat Data Nasional, yaitu di sekitar Trans Barelang dan di Nongsa.
Menteri memastikan pihaknya tetap akan menempatkan Pusat Data Nasional di Batam, dari dua lokasi yang ditawarkan.
Baca juga: Menkominfo sebut pemanfaatan sinyal 4G tingkatkan produktivitas warga

""Kalau pun salah satu dari dua, itu tetap di Kota Batam,"" kata dia.
Pembangunan Pusat Data Nasional di Batam dipercaya memberikan efek domino khususnya di sektor ekonomi.
Pembangunan Pusat Data Nasional di Kota Batam rencananya berlangsung pada 2022 dan ditargetkan selesai pada 2025.
Direktur Jenderal Aplikasi dan Informatika, Kominfo Semuel Abrijani Pangerapan menyatakan Pusat Data Nasional di Kota Batam akan memiliki interopabilitas dengan Pusat Data Utama di Jabodetabek dan Pusat Data lainnya.
Baca juga: Menkominfo: Infrastruktur digital penting jaga kedaulatan negara

""Pemilihan lokasi di Batam adalah juga karena keunggulan atas kelengkapan infrastruktur penunjang, semisal infrastruktur serat optik, pasokan listrik dan air serta jalur langsung ke tulang punggung Internet global,"" kata dia. Menteri Komunikasi dan Informatika Johnny G Plate meninjau kesiapan lahan yang rencananya akan dibangun Pusat Data Nasional di Kota Batam Kepulauan Riau, Jumat. (ANTARA/ Naim) Sementara itu, dalam keterangan pers, Menteri menyebutkan pembangunan Pusat Data Nasional merupakan kelanjutan dari rencana strategis pemerintah untuk mengintegrasikan 2.700 pusat data pemerintah.
""Pusat Data Nasional adalah pilar penting menuju Satu Data Indonesia, selaras dengan percepatan transformasi digital yang diinstruksikan oleh Presiden Jokowi,"" kata Menteri Johnny.
Baca juga: Menkominfo: Pemerintah percepat kesetaraan di sektor digital
Ia melanjutkan pembangunan Pusat Data Nasional memerlukan kehati-hatian dan kecermatan dalam pemilihan teknologi, solusi serta SDM yang akan mengimplementasikannya.
Khusus untuk pengembangan SDM yang mumpuni, Kominfo terus mengembangkan program literasi digital bertajuk #MakinCakapDigital.
""Kebutuhan SDM yang cakap dalam mengelola data center di Indonesia semakin meningkat, seiring dengan peningkatan volume dan value data di dalam ekosistem digital dewasa ini,"" kata menteri.

Pembangunan infrastruktur terkait pengolahan data juga selaras dengan pengembangan SDM, semisal data analyst, data engineer dan dana scientist.
Baca juga: Kemkominfo luncurkan Gernas Literasi Digital sasar 12,4 juta warga
Pewarta: Yuniati Jannatun Naim Editor: Rolex Malaha Copyright © ANTARA 2021
Dilarang keras mengambil konten, melakukan crawling atau pengindeksan otomatis untuk AI di situs web ini tanpa izin tertulis dari Kantor Berita ANTARA.",https://img.antaranews.com/cache/1200x800/2021/04/23/WhatsApp-Image-2021-04-22-at-21.17.07.jpeg
Konsultan: Bukit Algoritma perlu ajak masuk perusahaan teknologi besar,15 April 2021,"Konsultan properti Jones Lang LaSalle (JLL) menyarankan agar kawasan pusat teknologi Bukit Algoritma di Sukabumi, Jawa ...",https://www.antaranews.com/berita/2102270/konsultan-bukit-algoritma-perlu-ajak-masuk-perusahaan-teknologi-besar,ANTARA,Data Center di Indonesia,2026-10-05 01:48:34,"Jakarta (ANTARA) - Konsultan properti Jones Lang LaSalle (JLL) menyarankan agar kawasan pusat teknologi Bukit Algoritma di Sukabumi, Jawa Barat. dapat mengajak perusahaan teknologi besar untuk masuk agar kawasan tersebut bisa dikembangkan sejajar dengan kawasan Silicon Valley di Amerika Serikat.
""Anda perlu menarik satu perusahaan teknologi besar untuk masuk ke ke kawasan technology center tersebut (Bukit Algoritma) dan membangun fasilitas pendidikan atau kampus di sana, kemudian diikuti oleh perusahaan-perusahaan teknologi lainnya dalam rangka menggerakkan momentum pengembangan kawasan technology center agar menjadi hub atau pusat teknologi,"" ujar Country Head JLL Indonesia James Allan dalam media briefing virtual di Jakarta, Kamis.
James menilai sebuah kawasan pusat teknologi sekelas Silicon Valley di Indonesia tentunya akan memiliki daya tarik tersendiri dengan pengembangan yang begitu besar. Banyak perusahaan-perusahaan digital besar di Indonesia seperti Gojek, Tokopedia dan sebagainya yang kemungkinan akan tertarik untuk masuk ke sana.
Pada akhirnya perusahaan-perusahaan yang masuk ke kawasan tersebut akan menjadikan lingkungan kawasan tersebut sebagai pusat pendidikan atau riset dan pengembangan yang besar dalam jangka panjang.
""Kendati demikian pembangunan dan pengembangan kawasan technology center di Indonesia agar bisa menjadi sekelas Silicon Valley Amerika Serikat tidak bisa dilakukan dalam waktu singkat dan membutuhkan waktu panjang,"" kata James. Baca juga: INDEF paparkan 3 tantangan bangun ""Silicon Valley"" di Indonesia

Dalam kesempatan sama, Head of Research JLL Yunus Karim mengatakan bahwa salah satu hal yang perlu dipersiapkan untuk membangun kawasan technology center Bukit Algoritma adalah infrastruktur di mana salah satunya merupakan pusat data.
""Kita melihat saat ini data center di Indonesia sangat berkembang dan mendapatkan perhatian dari para investor dan pemain data center di Indonesia,"" kata Yunus.
JLL sendiri melihat saat ini trennya menuju cloud players atau perusahaan yang bergerak di teknologi komputasi awan untuk melakukan bisnis di Indonesia. Baca juga: Amarta Karya akan bangun ""Silicon Valley"" Bukit Algoritma di Sukabumi
Sebelumnya, PT Amarta Karya (AMKA), BUMN yang bergerak di bidang konstruksi, dan Kiniku Bintang Raya menandatangani kontrak Pekerjaan Pengembangan Rencana Kawasan Ekonomi Khusus (KEK) Pengembangan Teknologi dan Industri 4.0 di Sukabumi, yang diberi nama “Bukit Algoritma"".
Direktur Utama AMKA Nikolas Agung mengatakan bahwa pembangunan proyek ini yang dibangun di atas lahan seluas 888 hektare, yang berlokasi di Cikidang dan Cibadak, Sukabumi. AMKA dipercaya sebagai mitra infrastruktur “Bukit Algoritma” pada tahap pertama selama tiga tahun ke depan, dengan nilai total diperkirakan 1 miliar euro atau setara Rp18 triliun.

Sedangkan Ketua Pelaksana PT Kiniku Bintang Raya KSO Budiman Sudjatmiko menyampaikan bahwa “Bukit Algoritma” laksana Silicon Valley di AS, yang diharapkan dapat menjadi pusat R&D dan pengembangan sumber daya manusia di masa depan.
Baca juga: Bukit Algoritma Silicon Valley Indonesia impian Budiman siap dibangun Baca juga: Amarta Karya akan lakukan proyek pemetaan lokasi KEK Bukit Algoritma
Pewarta: Aji Cakti Editor: M Razi Rahman Copyright © ANTARA 2021
Dilarang keras mengambil konten, melakukan crawling atau pengindeksan otomatis untuk AI di situs web ini tanpa izin tertulis dari Kantor Berita ANTARA.",https://img.antaranews.com/cache/1200x800/2021/04/15/IMG-20210409-WA0008_copy_1056x792.jpg
Investasi pusat data dorong transformasi digital,26 Februari 2021,Kementerian Komunikasi dan Informatika menilai investasi perusahaan global untuk membangun pusat data (data center) di ...,https://www.antaranews.com/berita/2018463/investasi-pusat-data-dorong-transformasi-digital,ANTARA,Data Center di Indonesia,2026-10-05 01:48:34,"Jakarta (ANTARA) - Kementerian Komunikasi dan Informatika menilai investasi perusahaan global untuk membangun pusat data ( data center ) di Indonesia akan mendukung transformasi digital dan pemulihan ekonomi.
""Kementerian Komunikasi dan Informatika menyambut baik rencana Microsoft untuk membangun data center lokal dengan layanan cloud yang sangat aman dan sesuai, yang akan menguntungkan bisnis lokal, pemerintah, dan individu di semua sektor. Kami juga menyambut baik komitmen Microsoft dalam meningkatkan kapasitas talenta digital Indonesia di semua tingkat keahlian,"" kata Menteri Komunikasi dan Informatika Johnny G. Plate dalam keterangan pers bersama Microsoft, dikutip Jumat.
Microsoft berkomitmen untuk membangun area pusat data pertama mereka di Indonesia, berupa infrastruktur komputasi awan dan pelatihan digital bagi 3 juta orang di Indonesia hingga akhir tahun 2021.
Baca juga: Kominfo dorong pemanfaatan teknologi komputasi awan untuk ""Go Digital""
Mengutip data IDC Info Snapshot, bisnis yang menggunakan teknologi komputasi awan atau cloud computing diharapkan bisa membuka 60.000 pekerjaan bagi kegiatan ekonomi lokal selama empat tahun ke depan.

Menteri Pertanian Syahrul Yasin Limpo menilai pusat data bisa berdampak pada percepatan ekosistem digital di bidang pertanian, seperti integrasi data secara aktual dari sawah dan ladang menuju pusat data.
Penggunaan teknologi juga diharapkan bisa meningkatkan kualitas pengambilan keputusan di bidang pertanian sehingga bisa berdampak positif terhadap ekonomi digital dan peningkatan ketahanan pangan.
Berkaitan dengan adopsi teknologi komputasi awan, pemerintah Indonesia sedang merancang Pusat Data Nasional untuk mendukung Satu Data Indonesia. Di masa depan, Indonesia akan memiliki aplikasi agar penyelenggaraan pemerintahan lebih efisien.
Perkembangan terakhir soal proyek Pusat Data Nasional, pemerintah melalui Kementerian Keuangan sudah menandatangani ""financial protocol"" dan kini berada di tahap penyediaan lahan di Jakarta.
Kominfo mempertimbangkan pusat data akan terletak di beberapa lokasi untuk menjaga redudansi.

Baca juga: Biznet tingkatkan kemampuan ""data center"" dukung transformasi digital
Baca juga: Peluang dari senyapnya bisnis data center di tengah pandemi
Pewarta: Natisha Andarningtyas Editor: Suryanto Copyright © ANTARA 2021
Dilarang keras mengambil konten, melakukan crawling atau pengindeksan otomatis untuk AI di situs web ini tanpa izin tertulis dari Kantor Berita ANTARA.",https://img.antaranews.com/cache/1200x800/2021/02/26/menkominfo_1.png
"Biznet tingkatkan kemampuan ""data center"" dukung transformasi digital",3 Februari 2021,Mengawali 2021 Biznet Data Center melakukan ekspansi besar dengan menghadirkan upgrade layanan dan fasilitas untuk ...,https://www.antaranews.com/berita/1980729/biznet-tingkatkan-kemampuan-data-center-dukung-transformasi-digital,ANTARA,Data Center di Indonesia,2026-10-05 01:48:34,"Jakarta (ANTARA) - Mengawali 2021 Biznet Data Center melakukan ekspansi besar dengan menghadirkan upgrade layanan dan fasilitas untuk menjawab kebutuhan transformasi digital dari pelaku industri di Indonesia.
""Kondisi pandemi setahun belakangan ini telah menjadi salah satu faktor pendorong peningkatan kebutuhan terhadap ketersediaan pusat data dan kami yakin inisiatif upgrade fasilitas layanan dapat mengakomodir permintaan industri yang ingin bertransformasi digital secara cepat,"" Direktur Biznet Data Center sekaligus CEO Biznet Gio Cloud, Dondy Bappedyanto, dalam konferensi pers virtual, Rabu.
Ekspansi yang dilakukan Biznet Data Center tersebut meliputi peningkatan kapasitas daya listrik dan penambahan berbagai fasilitas krusial kepada pelanggan.
Di sisi pasokan daya listrik, Biznet Data Center melakukan upgrade besar-besaran hingga 3 kali dari kapasitas sebelumnya dari 2 pembangkit listrik PLN yang berbeda serta didukung tambahan sistem backup kelistrikan dari 26 UPS baru.
Baca juga: Biznet nonaktifkan sementara sebagian Wi-Fi publik selama pandemi

Demikian juga ekspansi 3000 m2 ruangan Data Center Hall menambahkan total kapasitas ruang data hingga 6000 m2 dan mampu menampung hingga 1600 rak server untuk mengoperasikan lebih dari 65 ribu server.
Biznet Data Center juga telah mengantongi sertifikasi Tier III by Facility dari Uptime Institute yang diperoleh pada tahun 2020 sebagai pencapaian lanjutan tahap kedua dari sertifikasi Tier III by Design pada tahun 2014.
Saat ini telah tersedia fasilitas layanan tambahan kepada pelanggan Biznet Data Center berupa sambungan interkoneksi ke lima Data Center di Indonesia termasuk OpenIXP secara gratis dengan kapasitas hingga 1 Gbps.
Baca juga: Biznet pertimbangkan gunakan jaringan Palapa Ring
Fasilitas ini disediakan untuk mengakomodasi kebutuhan pengelolaan infrastruktur yang lebih fleksibel dengan skema ketersediaan yang tinggi (high availability ).

Biznet Data Center bersama dengan partner strategisnya Hewlett Packard Enterprise dan Berca Hardayaperkasa saat ini tengah meluncurkan solusi infrastruktur terintegrasi dengan paket layanan co-location sekaligus dengan penyediaan hardware (server, storage, dan switch) tercepat.
""Sinergi antara Biznet Data Center sebagai provider dan Berca Hardayaperkasa sebagai IT solution provider dan juga Hewlett Packard Enterprise sebagai penyedia infrastruktur IT, sangat penting sekali karena masing-masing punya leverage , karena masing-masing punya pelanggan sendiri, sehingga dengan kolaborasi ini akan menjadi sinergi, sehingga satu dengan yang lain akan mendukung,"" ujar President Director PT Berca Hardayaperkasa, Bintoro Yuwono.
Incar ritel
Biznet Data Center dan Biznet Gio Cloud tahun ini akan fokus pada sektor end-user atau ritel untuk layanan cloud dan data center, dengan mempertimbangkan kondisi pada 2020.
""Tahun kemarin dari cloud dan data center ada growth tapi tidak setinggi sebelum pandemi, karena memang target market kita sebelumnya adalah enterprise dan enterprise juga harus cooling down , tapi yang lebih menarik adalah di tahun kemarin kita melihat sektor ritel atau end-user itu naik cukup signifikan, apalagi di cloud ,"" ujar Dondy.
Baca juga: Biznet akan perluas data center pada 2020

Dondy mengungkapkan pertumbuhan cloud dari sisi pasar ritel naik hampir 100 persen pada tahun lalu.
""Jadi untuk ke depan, kalau memang masih pandemi seperti sekarang ini, strategi kita kayaknya sama seperti strategi company yang lain, kayaknya kita akan fokuskan ke sisi ritel, baik itu di cloud atau pun di data center ,"" dia melanjutkan.
Perubahan target pasar ini memang berpengaruh pada besaran volume penggunaan data center atau cloud yang akan diadopsi ritel jika dibandingan dengan enterprise . Namun, Dondy melihat potensi besar di sektor tersebut.
Terlebih, saat ini banyak pelaku usaha kecil dan menengah, yang menurut Dondy, bertekad untuk melakukan transformasi digital.
""Karena kita sudah melihat bahwa ini faktor potensial dan tagline kita adalah intefgrated , jadi kita bisa full power dengan Biznet baik itu network, ditambah dengan rekan-rekan partner kita, seperti Berca,"" kata Dondy.

Baca juga: Jumlah pelanggan Biznet selama WFH naik 30 persen
Baca juga: Biznet akan perluas cakupan area di Jawa Tengah
Pewarta: Arindra Meodia Editor: Suryanto Copyright © ANTARA 2021
Dilarang keras mengambil konten, melakukan crawling atau pengindeksan otomatis untuk AI di situs web ini tanpa izin tertulis dari Kantor Berita ANTARA.",https://img.antaranews.com/cache/1200x800/2020/04/18/biznet.jpeg
Peluang dari senyapnya bisnis data center di tengah pandemi,9 Januari 2021,"fasilitas produksi, dan penyimpanan vaksin COVID-19 di Bio Farma, Bandung, Jawa Barat. Dokumentasi Kementerian BUMN    ...",https://www.antaranews.com/berita/1936036/peluang-dari-senyapnya-bisnis-data-center-di-tengah-pandemi,ANTARA,Data Center di Indonesia,2026-10-05 01:48:34,"Jakarta (ANTARA) - Akhir tahun 2020, sebelum peta dunia berubah akibat pandemi, perusahaan-perusahaan skala dunia rupanya sedang merencanakan untuk melakukan hal-hal besar.
Sebagaimana Data Center Frontier melaporkan pada September 2020 bahwa Google sebenarnya sedang merencanakan suatu proyek yang membuat perusahaannya semakin ramah lingkungan, sementara Microsoft sedang membuat program khusus agar server bertahan lebih lama (dengan menerapkannya di bawah air).
Di sisi lain Facebook sedang membangun usahanya lebih besar dari sebelumnya, Amazon menyempurnakan strategi tepi, dan Equinix memposisikan ulang mereknya.
Tercatat setidaknya ada 10 kesepakatan bernilai miliaran dolar AS yang telah dirancang namun di luar semua itu, bisnis-bisnis besar tersebut sedang fokus menggarap sebuah proyek besar bernama data center.
Data center merupakan suatu fasilitas berupa jaringan komputer dan ruang penyimpanan data yang bisa dipakai oleh kalangan pebisnis maupun organisasi untuk melakukan pengaturan, pemrosesan, penyimpanan, serta penyebarluasan data dalam skala besar.

Demi fokus pada bisnis tersebut, Facebook misalnya diam-diam pada akhir tahun lalu berencana menginvestasikan 1 miliar dolar AS untuk menambahkan tiga gedung pusat data besar ke kampusnya di Georgia. Proyek pembangunan tersebut akan menambah kapasitas data center hingga 1,5 juta feet (kaki) persegi.
Sementara Greener Capital, menyelesaikan pengajuan fasilitas kredit senilai 1 miliar dolar AS yang akan digunakan sebagai pendanaan untuk ekspansi portofolio data centernya.
Itu sejatinya belum termasuk dengan beragam kesepakatan-kesepakatan bisnis raksasa sekaligus konglomerasi lain terkait proyek pengembangan data center yang diam-diam menjadi fokus banyak perusahaan multinasional.
Hal ini menunjukkan bahwa bisnis data center meski senyap namun memegang peran yang amat sangat signifikan mengingat dunia telah memasuki era transformasi digital yang jelas memerlukan ruang penyimpanan tak terbatas bernama data center.
Sebagaimana disampaikan Tony Bishop, Senior Vice President, Platform di Digital Realty, yang menyebut bahwa pandemi COVID-19 mengakselerasi peluang bisnis data center lebih lagi. Dengan perubahan pola kerja yang tiba-tiba menjadi “remote work” atau WFH, semua melihat peningkatan ketergantungan perusahaan pada cloud computing atau komputasi awan.

Maka untuk memenuhi kebutuhan jaringan yang dibutuhkan saat ini, investasi data center tumbuh di area di mana mereka dapat berada di dekat hub besar untuk perusahaan teknologi dan cloud dan lebih dekat ke tempat pertukaran data. Baca juga: Menkominfo: Hanya tiga persen data center penuhi standar global Baca juga: Menkominfo sambut baik pembangunan pusat data ketiga Alibaba Cloud Menteri BUMN Erick Thohir saat meninjau command center tempat memonitor data produksi, penyimpanan dan distribusi secara realtime berbasis teknologi Internet of Things (IoT) - fasilitas produksi, dan penyimpanan vaksin COVID-19 di Bio Farma, Bandung, Jawa Barat. Dokumentasi Kementerian BUMN
Bank ekonomi Pergeseran ke arah konsumsi digital saat ini diperkirakan kemungkinan besar akan tetap ada, sebagaimana laporan terbaru yang dilansir dari Google, Temasek Holdings, dan Bain & Company.
Meski sejatinya sebelum pandemi, ekonomi digital juga telah menjadi kekuatan yang patut untuk diperhitungkan.
Potensinya diperkirakan akan terus melonjak hingga mencapai 300 miliar dolar AS pada 2025, seperti dilansir e-Conomy SEA 2019.
Lebih jauh lagi ekonomi digital Asia Tenggara diperkirakan akan berkembang dengan cepat menjadi pembangkit tenaga teknologi global berikutnya dan ini diprediksikan akan terus berlanjut meskipun ada kendala global yang disebabkan oleh pandemi COVID-19.
Carolyn Harrington, COO, SpaceDC, menyebutkan bahwa data center merupakan bank ekonomi digital. Menurut dia, dengan semakin banyaknya jumlah data yang dibuat, dibagikan, disimpan, dan dikelola, maka tidak pernah ada kebutuhan yang lebih besar akan teknologi transformasi dan infrastruktur untuk membuat proses ini semulus dan semudah mungkin.

“Untuk mencapai tujuan ini, kita membutuhkan data center untuk akses dan pengelolaan data yang efisien dan aman dalam ekonomi digital,”ujar Carolyn.
Maka mendorong transformasi digital, penting bagi bisnis untuk mencari mitra data center yang tepat yang dapat membantu memenuhi permintaan data mereka di antaranya yakni solusi tersebut harus mampu berkembang seiring bisnis yang dijalankan.
Di mana pun bisnis berada dalam proses transformasinya, sebuah data center yang berkembang bersama mereka adalah yang memahami dan mempersonalisasi solusinya agar sesuai dengan infrastruktur cloud, interkonektivitas bisnis, pengalaman karyawan, dan kebutuhan pengalaman pelanggan.
Baca juga: Pusat Data Nasional direncanakan rampung 2023
Pasar Indonesia Tak terkecuali di Indonesia, ketika selama beberapa bulan terakhir, pandemi telah mengubah cara hidup dan bekerja masyarakatnya.

Sebagian besar masyarakat di tengah pandemi mengubah pola kerja dengan live streaming sehingga pola WFH menjadi semakin populer, kolaborasi berbasis cloud dan alat konferensi menjadi dasar dalam bekerja dan berkomunikasi.
Perbankan digital kemudian menggantikan kunjungan langsung ke bank dan belanja online menjadi cara utama konsumen mengisi kebutuhan rumah tangga mereka. Hal ini tak hanya menumbuhkan banyak sekali peluang tetapi juga tantangan bagi siapapun di tengah pandemi yang terjadi.
Berdasarkan data Indonesia Data Center Provider Organization (IDPRO), investasi data center di Indonesia tercatat sebesar 480 juta dolar AS. Sementara, itu, menurut laporan Indonesia’s Data Center Market Overview and Forecasts 2014-2020, potensi investasi pada 2020 bisa naik hingga 70 persen menjadi mencapai 850 juta dolar AS.
Kebutuhan lahan data center di Indonesia pada 2020 mencapai 375.000 meter persegi atau naik 29 persen dari kebutuhan lahan pada 2016 yang seluas 290.000 meter persegi.
Pada saat ini sebagian besar pemakai data center Indonesia adalah instansi pemerintah dan swasta khususnya perusahaan besar seperti perbankan, asuransi, dan sebagainya. Startup aplikasi digital dan sejumlah layanan transportasi berbasis online juga banyak yang menggunakan data center dengan tujuan untuk mendapatkan akses data yang lebih cepat dalam melayani konsumen.
Oleh karena itu, beberapa perusahaan pun melirik untuk menggarap pasar potensial di Indonesia di antaranya GTN yang mengembangkan kerja sama dengan sebuah Cloud Service Provider Indonesia bernama Wide Host Media.
Cloud Service Provider besutan lokal tersebut didirikan dengan harapan menjadi Cloud Server, Hosting dan Data Center terbaik di Indonesia yang aman, cepat, dan andal.
Wide Host Media merupakan unit bisnis milik PT Akashia Thuba Jaya yang didirikan Eka Pramudita dan memiliki berbagai lini produk dari Web Hosting, Cloud Hosting, Domain, Virtual Private Server (VPS), Cloud Server, Dedicated Server, Colocation Server, hingga Rack Cabinet Colocation Server.
Layanan Wide Host Media dilengkapi dengan fitur-fitur 99,99 persen Server and Network Uptimeyang didukung multiple upstream, Data Center berstandar internasional, dan infrastruktur terbaik.
Kemudian 24/7 Customer Support Service yang siap membantu selama 24 jam dan dapat dihubungi melalui Live chat, Call Center dan SupportTicket. Selain itu ada server yang menggunakan dukungan infrastruktur dan teknologi untuk menjangkau keamanan data.
Super speed juga diterapkan dengan teknologi SSD, hardware yang andal, dan konfigurasi terbaik yang diharapkan menjadikan server dengan performa yang baik dan lebih cepat 30 kali lipat.
Tepatnya pada November 2020, PT Graha Teknologi Nusantara atau GTN Data Center diwakili oleh Tjetjep Dharmawan, menyetujui perjanjian kerja sama dengan Wide Host Media atau PT Akashia Thuba Jaya diwakili oleh Eka Pramudita. Ini menandakan pasar ICT di Indonesia sejatinya sangat prospektif di kawasan Asia.
Perjanjian kerja sama ini meliputi cross selling masing-masing layanan di mana GTN Data Center sebagai Data Center Provider dan Operator dan Wide Host Media sebagai Service Provider.
""Kerja sama ini nantinya juga akan meningkatkan bisnis eksposur kedua perusahaan di kancah bisnis ICT di Indonesia khusus persaingan di masa pandemik ini,” kata Tjetjep Dharmawan CSMO GTN Data Center.
Sesungguhnya saat ini banyak perusahaan yang turut serta mengecap manisnya prospek pasar data center di Indonesia yang meski senyap namun menyimpan sejuta manfaat.  Sudah saatnya memang peluang besar itu digarap.
Baca juga: Kominfo dorong pemanfaatan teknologi komputasi awan untuk ""Go Digital"" Baca juga: Mitigasi risiko, 142 anggota AFPI telah lapor ke pusat data

Editor: Royke Sinaga Copyright © ANTARA 2021
Dilarang keras mengambil konten, melakukan crawling atau pengindeksan otomatis untuk AI di situs web ini tanpa izin tertulis dari Kantor Berita ANTARA.",https://img.antaranews.com/cache/1200x800/2021/01/09/shutterstock_697523941.jpg
"Melantai di bursa, DCII siap garap pasar pusat data",6 Januari 2021,Perusahaan yang bergerak di bidang pusat data PT DCI Indonesia Tbk (DCII) siap menggarap pasar pusat data (data center) ...,https://www.antaranews.com/berita/1930440/melantai-di-bursa-dcii-siap-garap-pasar-pusat-data,ANTARA,Data Center di Indonesia,2026-10-05 01:48:34,"Jakarta (ANTARA) - Perusahaan yang bergerak di bidang pusat data PT DCI Indonesia Tbk (DCII) siap menggarap pasar pusat data ( data center ) di Indonesia sejalan dengan langkah perseroan melantai di Bursa Efek Indonesia (BEI) melalui mekanisme penawaran umum perdana atau IPO pada Rabu ini.
""Kami optimistis dengan prospek bisnis data center​ yang digeluti perseroan di tengah pertumbuhan ekonomi digital Indonesia yang sedang melesat, ditambah teknologi cloud ​ yang tumbuh secara eksponensial yang telah mendorong permintaan terhadap fasilitas data center​ hyperscale ​ di Indonesia akhir-akhir ini,"" kata CEO PT DCI Indonesia Tbk Toto Sugiri di Jakarta, Rabu.
DCII melepas sebanyak 357 juta saham baru ke publik atau setara dengan 15 persen dari modal disetor dan ditempatkan perseroan, dengan harga penawaran sebesar Rp420 per saham. DCII menunjuk PT Buana Capital Sekuritas selaku penjamin pelaksana emisi efek.
Baca juga: BEI: Meski pandemi, 51 perusahaan catatkan saham di bursa
Perseroan merupakan perusahaan data center ​ tier IV pertama di Asia Tenggara, yang beroperasi sejak 2013 lalu.

Langkah perusahaan masuk ke bursa melalui IPO merupakan bagian dari strategi untuk meningkatkan kinerja perseroan.
""Pasar data center ​ ini diperkirakan memiliki total kapasitas 72,5 MW sampai akhir tahun 2020 dan menurut proyeksi Structure Research​ akan terus bertumbuh dengan CAGR sebesar 22,3 persen selama lima tahun ke depan,"" ujar Toto.
Bahkan hingga hari ini, lanjut Toto, pihaknya terus merasakan permintaan pasar yang kuat dari pelanggan lokal maupun pelaku bisnis global yang ingin memasuki pasar Indonesia.
Pada kuartal pertama 2021, perseroan akan mengoperasikan empat gedung data center​ dengan total kapasitas 37 MW untuk memenuhi permintaan pasar di Indonesia.
""Hal ini memberi kami landasan yang kuat untuk mengembangkan bisnis kami dalam mendukung kesiapan data center​ Indonesia menghadapi persaingan ekonomi digital Asia Tenggara yang berkembang pesat di masa mendatang,"" kata Toto.

Presiden Direktur PT Buana Capital Sekuritas Benny Setiabrata mengatakan, perseroan telah mendapatkan izin efektif dari Otoritas Jasa Keuangan pada 29 Desember 2020 lalu. Selama penawaran umum pada 30 Desember 2020, saham perseroan mendapatkan respons yang sangat positif dari investor.
""Dari IPO ini, perseroan menerima dana lebih dari Rp150 miliar, yang akan digunakan 80 persen untuk belanja modal dan sisanya untuk modal kerja perseroan,"" ujar Benny.
Pada perdagangan perdananya, saham DCII terpantau naik 105 poin atau 25 persen menjadi Rp525 per saham.
Baca juga: Kominfo dorong pemanfaatan teknologi komputasi awan untuk ""Go Digital"" Baca juga: Menkominfo: Hanya tiga persen data center penuhi standar global
Pewarta: Citro Atmoko Editor: Kelik Dewanto Copyright © ANTARA 2021
Dilarang keras mengambil konten, melakukan crawling atau pengindeksan otomatis untuk AI di situs web ini tanpa izin tertulis dari Kantor Berita ANTARA.",https://img.antaranews.com/cache/1200x800/2021/01/06/IMG_20210106_150308.jpg
"Kominfo dorong pemanfaatan teknologi komputasi awan untuk ""Go Digital""",4 November 2020,Kementerian Komunikasi dan Informatika (Kominfo) mendorong pemanfaatan teknologi komputasi awan atau cloud computing ...,https://www.antaranews.com/berita/1820852/kominfo-dorong-pemanfaatan-teknologi-komputasi-awan-untuk-go-digital,ANTARA,Data Center di Indonesia,2026-10-05 01:48:34,"Jakarta (ANTARA) - Kementerian Komunikasi dan Informatika (Kominfo) mendorong pemanfaatan teknologi komputasi awan atau cloud computing guna mendukung visi pemerintah ""Go Digital 2020,"" dalam upaya mendorong pertumbuhan ekonomi digital Indonesia.
""Instansi pemerintah, pelaku bisnis, UKM dan pemangku kepentingan lainnya untuk dapat memanfaatkan teknologi komputasi awan guna mendorong efisiensi dan meningkatkan kualitas pelayanan kepada masyarakat,"" ujar Direktur Jenderal Aplikasi Informatika Kominfo, Semuel Abrijani Pangerapan, dalam peresmian data center SpaceDC, JAK2, secara virtual, Rabu.
Semuel mengatakan pandemi COVID-19 telah memengaruhi kehidupan, dan juga mendorong untuk mempercepat laju transformasi digital.
Proses transformasi digital yang semakin cepat, menurut Semuel, juga meningkatkan permintaan akan layanan jarak jauh dan teknologi baru, dan pada akhirnya mendorong pertumbuhan pasar data center di Indonesia.
""Sehubungan dengan itu kami berharap fasilitas data center dapat mendukung kebutuhan akan percepatan agenda transformasi digital dan membuka peluang ini bagi perusahaan dan UKM di Indonesia,"" kata Semuel.

Baca juga: Menkominfo sambut baik pembangunan pusat data ketiga Alibaba Cloud
Baca juga: Menkominfo: Hanya tiga persen data center penuhi standar global
""Kami semua menyambut baik kemitraan yang menguntungkan, antara publik, sektor swasta, dan kami berkomitmen untuk membuat itu terjadi,"" dia menambahkan.
Salah satu penyedia pusat data yang berpusat di Singapura, SpaceDC, melihat Asia Tenggara menjadi kawasan yang potensial.
CEO SpaceDC, Darren Hawkins, menyebut kawasan Asia Tenggara kini memiliki ekonomi internet bernilai lebih dari 100 miliar, dan diperkirakan akan membengkak menjadi 300 miliar dolar AS pada 2025.Hal ini mendorong SpaceDC membuka pusat data pertamanya di Indonesia, hari ini, yang dinamai JAK2.

""Karena Indonesia memiliki populasi dan ekonomi digital terbesar di kawasan Asia Tenggara, masuk akal untuk membuka fasilitas pertama kami di pasar ini,"" kata Darren.
JAK2 berbasis di Jakarta, dibangun bekerjasama dengan GIC, sebuah badan pendanaan investasi global di Singapura. Data Center Tier III dengan 1,45MW ini memungkinkan perusahaan lokal dan global terkoneksi lebih baik.
""Dengan konektivitas yang disediakan oleh fasilitas ini, perusahaan lokal dan global sekarang memiliki akses ke fasilitas data center kelas dunia untuk terhubung ke kawasan Asia Tenggara,"" ujar Darren.
Selain peluncuran JAK2, SpaceDC hari ini juga memulai konstruksi untuk JAK1, fasilitas Tier III 24MW mendatang yang akan menampilkan kampus data center yang lebih besar dengan kemampuan kinerja yang lebih tinggi. JAK1 akan diluncurkan pada 2021.
Sementara itu, layanan berbasis cloud computing milik Amazon, Amazon Web Service (AWS), Senin (2/11), menegaskan tetap pada rencananya untuk membuka pusat data di Indonesia pada akhir 2021, meski saat ini tengah dalam pandemi COVID-19.
Pemerintah Indonesia sendiri berencana membangun pusat data nasional. Sebanyak empat pusat data nasional akan dibangun di ibu kota negara sekarang, di ibukota negara baru, di Kepulauan Riau-Batam (menghubungkan dengan internasional), dan di Kota Bitung, Sulut.

Empat pusat data nasional ini akan terhubung satu dengan lainnya walaupun terpisah secara kewilayahan. Pembangunan pusat data nasional diharapkan menghasilkan satu data nasional.
Baca juga: Pandemi tak halangi Amazon Web Service buka pusat data di Indonesia
Baca juga: Zoom buka pusat data di Singapura
Baca juga: Mitigasi risiko, 142 anggota AFPI telah lapor ke pusat data

Pewarta: Arindra Meodia Editor: Maria Rosari Dwi Putri Copyright © ANTARA 2020
Dilarang keras mengambil konten, melakukan crawling atau pengindeksan otomatis untuk AI di situs web ini tanpa izin tertulis dari Kantor Berita ANTARA.",https://img.antaranews.com/cache/1200x800/2020/11/04/IMG_7496.jpg
Pandemi tak halangi Amazon Web Service buka pusat data di Indonesia,2 November 2020,"Layanan berbasis cloud computing milik Amazon, Amazon Web Service (AWS), tetap pada rencananya untuk membuka pusat data ...",https://www.antaranews.com/berita/1817232/pandemi-tak-halangi-amazon-web-service-buka-pusat-data-di-indonesia,ANTARA,Data Center di Indonesia,2026-10-05 01:48:34,"Jakarta (ANTARA) - Layanan berbasis cloud computing milik Amazon, Amazon Web Service (AWS), tetap pada rencananya untuk membuka pusat data atau data center di Indonesia pada akhir 2021, meski saat ini tengah dalam pandemi COVID-19.
""Kami masih sesuai jadwal untuk meluncurkan pangkalan data ataupun data center ini di Indonesia sesuai dengan announcement di akhir tahun depan 2021,"" ujar Country General Manager Indonesia AWS, Gunawan Susanto, dalam media briefing virtual, Senin.
Pembangunan pusat data tersebut, menurut Gunawan, memberikan signifikan masuknya investasi ke Indonesia, yang tentunya disertai dengan penyerapan tenaga kerja juga program yang dilakukan oleh AWS.
Baca juga: Amazon Web Services rencanakan region baru di Indonesia
Baca juga: Amazon izinkan karyawan WFH sampai Juni tahun depan

Salah satu program AWS, Gunawan menjelaskan, dengan menjalin kerjasama bersama komunitas pengembang atau developer di Indonesia, untuk mengadakan berbagai program pelatihan, sehingga developer diharap mempunyai akses ataupun skill mumpuni dan mampu bersaing secara global.
Tidak hanya itu, Gunawan mengatakan bahwa AWS juga telah ikut serta dalam program Digital Talent Scholarship yang diinisiasi oleh Kementerian Komunikasi dan Informatika (Kominfo) untuk mengembangkan talenta digital, sebagai salah satu upaya dalam percepatan transformasi digital yang sesuai dengan arahan Presiden RI Joko Widodo.
""Nantinya akan ada program lain di mana kami investasi untuk melakukan training ataupun program pelatihan ekosistem lokal,"" kata Gunawan.
Di samping itu, Gunawan mengungkapkan AWS telah banyak memberikan pelatihan kepada customer di Indonesia, salah satunya dengan memberi kesempatan untuk bergabung dalam program global.
""Program seperti itu yang tujuannya kalau mengerucut di luar nilai investai adalah skill akan improve, di mana akan banyak lagi program yang kami lakukan untuk improve skill dan talent ,"" Gunawan melanjutkan.

Lebih dari itu, akses teknologi yang ada diharap akan membuka kolaborasi di ekosistem lokal, untuk kemudian dapat mengembangkan bisnis. Bagi AWS, dibutuhkan pula ekosistem partner untuk mengakomodasi transformasi digital, sehingga customer dapat fokus pada operasional bisnis.
Baca juga: Indonesia siap bersaing di AWS DeepRacer Women's League Asia Tenggara
Baca juga: Halodoc eksplorasi inovasi digital lewat teknologi AWS
Baca juga: AWS Permudah Pemanfaatan Artificial Intelligence dan Machine Learning Berbasis Cloud
Pewarta: Arindra Meodia Editor: Alviansyah Pasaribu Copyright © ANTARA 2020
Dilarang keras mengambil konten, melakukan crawling atau pengindeksan otomatis untuk AI di situs web ini tanpa izin tertulis dari Kantor Berita ANTARA.",https://img.antaranews.com/cache/1200x800/2020/11/02/IMG_7442.jpg
DJKI Kemenkumham godok aturan penarikan royalti platform musik digital,22 Oktober 2020,Direktorat Jenderal Kekayaan Intelektual (DJKI) Kementerian Hukum dan HAM tengah menggodok aturan dalam bentuk ...,https://www.antaranews.com/berita/1799181/djki-kemenkumham-godok-aturan-penarikan-royalti-platform-musik-digital,ANTARA,Data Center di Indonesia,2026-10-05 01:48:36,"Jakarta (ANTARA) - Direktorat Jenderal Kekayaan Intelektual (DJKI) Kementerian Hukum dan HAM tengah menggodok aturan dalam bentuk Peraturan Pemerintah (PP) terkait penarikan royalti dari platform musik digital.
""Saat ini, Rancangan PP terkait royalti dan pemegang hak terkait itu sedang digodok,"" ujar Pelaksana tugas (Plt) Direktur Hak Cipta dan Desain Industri DJKI Kemenkumham Dede Mia Yusanti dalam keterangannya di Jakarta, Kamis.
Dede mengatakan selama ini belum ada aturan yang mengatur mengenai penarikan royalti dari platform musik digital. Hal tersebut, kata Dede, menimbulkan kerugian bagi para pemilik hak cipta, seperti pencipta lagu, produser, maupun Lembaga Manajemen Kolektif (LMK).
Baca juga: Platform digital jadi cara efektif pamerkan karya musik saat pandemi
Dalam kesempatan itu, Dede juga menyampaikan bahwa pihaknya tengah berupaya membangun sebuah data center musik Indonesia. Data center ini, katanya, nantinya berfungsi sebagai dasar kepemilikan dan menjadi dasar penarikan royalti dari penyedia platform musik digital.

“Dirjen KI sangat peduli dengan persoalan ini. Royalti yang bisa kita dapatkan akan luar biasa jika kita bisa menarik royalti dari misalnya YouTube atau Spotify dan lainnya,” kata Dede.
Sementara itu, Ketua Lembaga Manajemen Kolektif Nasional (LMKN) Yurod Saleh menyatakan dukungannya terhadap langkah pemerintah ini.
Menurut dia, langkah tersebut akan menggairahkan bisnis di bidang kreatif dan hiburan karena selama ini belum ada aturan yang melindungi pemilik hak cipta di dunia digital.
“Di samping persentase pembagian hak-hak dari masing-masing stakeholder, PP tersebut nantinya harus lebih punya taring agar bisa menjadi dasar penertiban pemanfaatan sebuah hak cipta,” kata Yurod.
Baca juga: Tren musik digital untungkan musisi, namun lemah terhadap perlindungan

Baca juga: Kemenparekraf dorong musisi manfaatkan digitalisasi secara kreatif
Pewarta: Fathur Rochman Editor: Joko Susilo Copyright © ANTARA 2020
Dilarang keras mengambil konten, melakukan crawling atau pengindeksan otomatis untuk AI di situs web ini tanpa izin tertulis dari Kantor Berita ANTARA.",https://img.antaranews.com/cache/1200x800/2020/09/17/musik.jpg
Anggota DPR kritisi rencana bangun PDN gunakan dana asing,31 Juli 2020,Anggota Komisi I DPR RI Sukamta mengkritisi rencana pemerintah yang mendorong percepatan pembiayaan Prancis untuk ...,https://www.antaranews.com/berita/1642770/anggota-dpr-kritisi-rencana-bangun-pdn-gunakan-dana-asing,ANTARA,Data Center di Indonesia,2026-10-05 01:48:36,"Jakarta (ANTARA) - Anggota Komisi I DPR RI Sukamta mengkritisi rencana pemerintah yang mendorong percepatan pembiayaan Prancis untuk pembangunan Pusat Data Nasional di Indonesia.
""Mengapa untuk bangun data center yang merupakan infrastruktur vital pemerintah harus dengan dana asing? Semua data pemerintah akan ada dalam pusat data tersebut,"" kata Sukamta dalam keterangannya di Jakarta, Jumat.
Menurut dia, wajar timbul kekhawatiran apabila ada campur tangan asing di dalamnya karena potensi penambangan data oleh asing menjadi makin terbuka.
Oleh karena itu, dia mengingatkan pemerintah tentang kedaulatan data, jangan sampai kedaulatan data milik warga Indonesia tergadaikan nantinya. Baca juga: Menkominfo: Pusat data nasional terkait bangsa dan negara
""Perlu diperjelas skema kerja sama ini seperti apa. Apakah mereka ikut dalam spesifikasi teknis dan implementasinya? Jika, ya, tentu ini sangat mengkhawatirkan,"" ujarnya.

Wakil Ketua Fraksi PKS DPR RI itu menyebutkan banyak perusahaan lokal yang kompeten karena di Indonesia sudah banyak pelaku data center yang diakui global.
Bahkan, menurut dia, ada cloud computing provider global yang ""menumpang"" di data center lokal Indonesia.
""Kita harus bisa mandiri. Bibit-bibit yang kompeten harus kita dukung. Jangan justru kita membesarkan kepentingan asing,"" ujarnya.
Di dalam negeri, kata Sukamta, ada data center milik BUMN, seperti Telkom, yang membangun pusat data besar di Bekasi. Oleh karena itu, Pemerintah tidak perlu membangun pusat data dengan campur tangan asing.
Menurut dia, urusan yang sangat vital harus berdikari agar kedaulatan bangsa Indonesia sekarang dan akan datang tetap terjaga secara utuh.

Sebelumnya, Menteri Komunikasi dan Informatika Johnny G. Plate menerima kunjungan kehormatan dari Duta Besar Prancis untuk Indonesia H.E. Olivier Chambard di Kantor Pusat Kementerian Komunikasi dan Informatika, Jakarta, Jumat (17/7).
Kunjungan kerhormatan tersebut membicaraan tiga kerja sama untuk mendukung percepatan transformasi digital di Indonesia. Baca juga: Empat pusat data nasional dibangun di Indonesia Kerja sama itu mencakup pembangunan Pusat Data Nasional (PDN), Improvement on Television Transmitting Stations (ITTS), dan Proyek Satelit Satria.
""Pemerintah Prancis, Duta Besar datang menyampaikan kembali keseriusan pemerintah Perancis untuk mengambil bagian dalam tiga proyek di bidang ICT di Indonesia,"" kata Menteri Johnny.
Menurut dia, pemerintah Indonesia sedang mempercepat pembangunan data center atau Pusat Data Nasional (PDN).
Kementerian Kominfo juga sedang berkoordinasi dengan Kementerian Perencanaan Pembangunan Nasional/Badan Perencanaan Pembangunan Nasional dan Kementerian Keuangan untuk mempercepat pembangunan PDN.
""Kementerian Kominfo sedang mempercepat pengesahan RUU PDP bersama-sama dengan DPR RI. Jadi, kami meminta kesiapan dan kesediaan Prancis untuk mempercepat proyek pembangunan data center pemerintah di Indonesia, ini dibiayai oleh pemerintah Perancis,"" kata Johnny.

Dalam kunjungan tersebut, kata dia, pemerintah Prancis menyatakan sudah siap terkait dengan pembiayaannya dan teknologi yang memadai. Saat ini, kata Menteri Johnny, pemerintah RI dalam proses untuk menyelesaikan lokasi, tempat data center itu akan dibangun. Baca juga: Pusat Data Nasional akan dibangun di Kutai Kertanegara
Pewarta: Imam Budilaksono Editor: D.Dj. Kliwantoro Copyright © ANTARA 2020
Dilarang keras mengambil konten, melakukan crawling atau pengindeksan otomatis untuk AI di situs web ini tanpa izin tertulis dari Kantor Berita ANTARA.",https://img.antaranews.com/cache/1200x800/2020/05/18/IMG_20200412_230613_768-1024x682.jpg
"Kemarin, soal vaksin COVID-19 sampai Program Organisasi Pengerak",29 Juli 2020,"Sejumlah berita Humaniora menarik perhatian pembaca kemarin, mulai dari perkembangan vaksin COVID-19 hingga Menteri ...",https://www.antaranews.com/berita/1638414/kemarin-soal-vaksin-covid-19-sampai-program-organisasi-pengerak,ANTARA,Data Center di Indonesia,2026-10-05 01:48:36,"Jakarta (ANTARA) - Sejumlah berita Humaniora menarik perhatian pembaca kemarin, mulai dari perkembangan vaksin COVID-19 hingga Menteri Pendidikan dan Kebudayaan Nadiem Makarim yang menyebutkan Sampoerna dan Tanoto mandiri dalam membiayai Program Organisasi Penggerak (POP) miliknya.
Berikut berita humaniora kemarin yang masih menarik dibaca:
1. LIPI: Uji klinis tahap II vaksin Genexine hanya libatkan 100 relawan
Peneliti dari Lembaga Ilmu Pengetahuan Indonesia (LIPI) Wien Kusharyoto mengatakan uji klinis tahap II vaksin dari perusahaan Genexine asal Korea Selatan hanya akan melibatkan 100 relawan di Indonesia pada September atau Oktober 2020.
Selengkapnya klik di sini.

2. Nadiem pastikan Tanoto dan Sampoerna gunakan skema mandiri
Menteri Pendidikan dan Kebudayaan (Mendikbud) Nadiem Anwar Makarim memastikan bahwa Putera Sampoerna Foundation bersama Tanoto Foundation akan menggunakan skema pembiayaan mandiri untuk mendukung Program Organisasi Penggerak (POP).
Selengkapnya klik di sini.
3. Menkominfo: Hanya tiga persen data center penuhi standar global
Menteri Komunikasi dan Informatika Johnny Gerard Plate mengatakan saat ini data center di Indonesia yang memenuhi standar global hanya tiga persen.

Selengkapnya klik di sini.
4. 98 persen pasien COVID-19 di Kota Sukabumi sembuh
Gugus Tugas Percepatan Penangan COVID-19 Kota Sukabumi, Jawa Barat menyatakan tingkat kesembuhan pasien yang terinfeksi virus mematikan ini mencapai 98 persen dari total pasien sebanyak 81 orang.
Selengkapnya klik di sini.
5. Operasi TMC ketiga di Riau hasilkan hujan 2,2 juta meter kubik
Tim Teknologi Modifikasi Cuaca (TMC) kembali melakukan operasi ketiga di Provinsi Riau untuk tahun ini sejak 24 Juli lalu dan menyatakan sudah berhasil menghasilkan hujan sekitar 2,2 juta meter kubik air.

Selengkapnya klik di sini.
Baca juga: LIPI: kandidat 27 vaksin COVID-19 masuk tahap uji klinis 1-3 di dunia
Baca juga: Komisi X DPR dukung evaluasi lanjutan Program Organisasi Penggerak
Baca juga: TMC bisa jadi solusi permanen pengendalian karhutla


Pewarta: Anom Prihantoro Editor: Agus Salim Copyright © ANTARA 2020
Dilarang keras mengambil konten, melakukan crawling atau pengindeksan otomatis untuk AI di situs web ini tanpa izin tertulis dari Kantor Berita ANTARA.",https://img.antaranews.com/cache/1200x800/2020/07/24/pixlr_20200724083236648_copy_1024x682.jpg
Menkominfo: Hanya tiga persen data center penuhi standar global,28 Juli 2020,Menteri Komunikasi dan Informatika Johnny Gerard Plate mengatakan saat ini data center di Indonesia yang memenuhi ...,https://www.antaranews.com/berita/1637758/menkominfo-hanya-tiga-persen-data-center-penuhi-standar-global,ANTARA,Data Center di Indonesia,2026-10-05 01:48:36,"Manado (ANTARA) - Menteri Komunikasi dan Informatika Johnny Gerard Plate mengatakan saat ini data center di Indonesia yang memenuhi standar global hanya tiga persen.
""Indonesia memiliki data center cukup banyak, lebih dari 2.700 data center. Kebanyakan tidak memenuhi standar global, hanya tiga persen yang memenuhi,"" sebut Menkominfo saat mengunjungi lokasi yang disiapkan untuk pembangunan ""Pusat Data Nasional"" di Bitung, Sulut, Senin.
Sebagian terbesar, lanjut dia, belum menggunakan 'Cloud Computing' (masih gunakan TIK Ethernet).
""Hal ini berdampak pada konsolidasi dan interoperabilitas data yang mengakibatkan sulit mengambil keputusan berbasis satu data nasional,"" ujarnya.
Menteri mengatakan, Indonesia sangat membutuhkan pusat data nasional terkait implementasi penyelenggaraan sistem pemerintahan berbasis elektronik.

""Pemerintahan Presiden Jokowi menetapkan Indonesia harus miliki satu data nasional untuk memudahkan pengambilan keputusan dalam kebijakan publik,"" katanya.
Menteri mencontohkan terkait penanganan pandemi COVID-19.
Menurut dia, pemerintah pusat secara serius dan sunguh-sungguh mengalokasikan dana penanggulangan untuk memutus mata rantai penyebaran COVID-19 dan dampaknya melalui program perlindungan sosial.
""Kita membaca di media bagaimana sulitnya mengimplementasikan perlindungan sosial dari tidak tersedianya satu data, kebijakan yang diambil sulit dilaksanakan karena ternyata sasarannya tidak seperti disampaikan,"" ujarnya.
Karena itu, lanjut dia, Indonesia harus membangun pusat data nasional yang hasilnya adalah satu data nasional.

Pewarta: Karel Alexander Polakitan Editor: Rolex Malaha Copyright © ANTARA 2020
Dilarang keras mengambil konten, melakukan crawling atau pengindeksan otomatis untuk AI di situs web ini tanpa izin tertulis dari Kantor Berita ANTARA.",https://img.antaranews.com/cache/1200x800/2020/07/28/corona2.jpg
Menkominfo sambut baik pembangunan pusat data ketiga Alibaba Cloud,2 Juli 2020,Menteri Komunikasi dan Informatika (Menkominfo) Johnny G Plate menyambut baik dimulainya pembangunan pusat data ...,https://www.antaranews.com/berita/1586342/menkominfo-sambut-baik-pembangunan-pusat-data-ketiga-alibaba-cloud,ANTARA,Data Center di Indonesia,2026-10-05 01:48:36,"Jakarta (ANTARA) - Menteri Komunikasi dan Informatika (Menkominfo) Johnny G Plate menyambut baik dimulainya pembangunan pusat data ketiga Alibaba Cloud di Indonesia.
""Melalui kesempatan ini, saya ingin mengucapkan selamat kepada Alibaba Cloud atas dimulainya pembangunan Availibility Zone dan Data Scrubbing Center di Indonesia, yang diharapkan dapat diresmikan pada awal tahun 2021,"" ujar Johnny dalam acara Alibaba Cloud Summit 2020 yang digelar virtual, Kamis.
Baca juga: Menkominfo minta Google Cloud Indonesia jamin keamanan data
Menteri Johnny berharap proses pengelolaan data nantinya dapat dilakukan selaras dengan prinsip-prinsip pengelolaan data pemerintah Indonesia, yakni prinsip yang sah secara hukum, patut, dan transparan.
Prinsip-prinsip ini, lanjut Johnny, secara konsisten telah disampaikan di berbagai forum internasional, seperti International Telecommunication Union (ITU), World Economic Forum, G20 Digital Economy Taskforce di ITF Forum, dan Asian China Year on Digital Economy yang berlangsung beberapa bulan terakhir ini.

Menteri Johnny juga melihat bahwa inisiatif pembangunan pusat data Alibaba Cloud ini menjadi upaya percepatan transformasi digital di Indonesia.
""Saya meyakini bahwa kolaborasi antara pemerintah, pelaku usaha, akademisi, masyarakat sipil dan seluruh pemangku kepentingan adalah kunci dalam akselerasi transformasi digital, terlebih di masa pandemi COVID-19 yang turut mempercepat proses transformasi digital ini,"" ujar Johnny.
Baca juga: Menkominfo ingatkan pentingnya lindungi NIK
Pembangunan pusat data ketiga tersebut dilakukan setelah Alibaba Cloud Indonesia membangun pusat data pertamanya di tahun 2018, dan pusat data kedua di tahun 2019. Setelah pusat data ketiga didirikan, Alibaba Cloud akan memiliki 64 zona ketersediaan di 21 wilayah di seluruh dunia.
Selain itu, Alibaba Cloud mengungkapkan rencananya untuk membangun pusat scrubbing data pertama di Indonesia, guna membantu pelanggan Indonesia, terutama pelanggan di sektor keuangan dan game , untuk melindungi dari serangan siber.

""Dengan keberadaan tiga data center di Indonesia, Alibaba Cloud memimpin dalam praktik industri. Kami berupaya keras untuk dapat menyediakan infrastruktur cloud terpercaya, aman, dan berkinerja tinggi dan tetap mematuhi peraturan lokal, termasuk persyaratan ketat dari sektor keuangan,"" kata Country Manager Alibaba Cloud Indonesia, Leon Chen.
Pusat data baru tersebut juga akan memperkaya penawaran Alibaba Cloud untuk pelanggan lokal, menyediakan rangkaian produk dan layanan cloud yang komprehensif dari basis data, keamanan, jaringan ke pembelajaran mesin dan analisis data.
""Kami berupaya untuk terus memperluas produk-produk unggulan kami dan layanan inovatif untuk memenuhi beragam permintaan dari pelanggan kami di berbagai sektor, seperti e-commerce , keuangan, media online, pendidikan dan game ,"" ujar Leon Chen.
Sementara itu, pembukaan pusat scrubbing data pertama di Indonesia, yang diperkirakan akan selesai pada awal 2021, akan membantu mendeteksi, menganalisis, dan menghapus volume traffic yang besar dan berbahaya tingkat Tbps untuk mempertahankan serangan DDoS ( Distributed Denial of Service ), terutama untuk bisnis yang bergerak di sektor keuangan dan game yang biasanya menjadi target serangan siber.
""Saat serangan cyber seperti DDoS telah tumbuh dalam intensitas dan teknologi, terutama di saat lebih banyak bisnis yang mengalihkan infrastruktur TI mereka ke cloud , layanan Anti-DDoS Alibaba Cloud - yang digunakan pada pusat scrubbing data yang didistribusikan secara global - dapat secara otomatis mengurangi serangan dan memperkuat keamanan aplikasi pelanggan, dan secara signifikan mengurangi ancaman serangan berbahaya,"" Leon menambahkan.
Baca juga: Data center Alibaba Cloud beroperasi di Indonesia

Baca juga: Alibaba Cloud luncurkan data center kedua di Indonesia
Baca juga: Alibaba bantu UMKM Indonesia buka akses global kala pandemi
Pewarta: Arindra Meodia Editor: Ida Nurcahyani Copyright © ANTARA 2020
Dilarang keras mengambil konten, melakukan crawling atau pengindeksan otomatis untuk AI di situs web ini tanpa izin tertulis dari Kantor Berita ANTARA.",https://img.antaranews.com/cache/1200x800/2020/04/29/IMG-20200323-WA0017_2.jpg
"EcoStruxture dukung industri ""data center"" pintar di Indonesia",26 Juni 2020,"Perusahaan global dalam transformasi digital di pengelolaan energi dan otomasi, Schneider Electric meluncurkan ...",https://www.antaranews.com/berita/1575495/ecostruxture-dukung-industri-data-center-pintar-di-indonesia,ANTARA,Data Center di Indonesia,2026-10-05 01:48:36,"Jakarta (ANTARA) - Perusahaan global dalam transformasi digital di pengelolaan energi dan otomasi, Schneider Electric meluncurkan EcoStruxure for Data Centers sebagai komitmennya untuk mendukung industri data center di Indonesia memasuki era edge computing.
Menurut Business Vice President Secure Power Division Schneider Electric Indonesia, Yana Achmad Haikal, EcoStruxure for Data Center dapat menjadi pilihan untuk membangun ekosistem digital yang pintar, andal, berkelanjutan dan ramah lingkungan.
""Industri data center perlu fokus mendesain edge data center yang efisien, andal dan ramah lingkungan dengan pemanfaatan teknologi data center pintar yang mengintegrasikan kecanggihan teknologi IoT, mobility, sensing, cloud, analitik, dan teknologi keamanan siber, seperti EcoStruxure for Data Centers,"" kata Yana melalui konferensi virtual, Jumat.
Baca juga: Menkominfo minta Google Cloud Indonesia jamin keamanan data
Baca juga: Aruba ESP, platform ""cloud-native"" pertama untuk ""intelligent edge""

Pemanfaatan teknologi data center pintar dan energi terbarukan dalam penerapan edge computing memperkuat kemampuan pelaku industri dalam menjawab kebutuhan komunitas bisnis.
Kebutuhan-kebutuhan tersebut termasuk akses data yang semakin cepat dan terintegrasi, koneksi internet yang stabil, keamanan data dan di sisi lain dapat meningkatkan efisiensi konsumsi energi dan biaya operasional.
EcoStruxure for Data Center mampu mengintegrasikan manajemen listrik, gedung dan TI sehingga klien dapat memperoleh pemahaman menyeluruh terhadap performa data center- nya dan membantu pengambilan keputusan yang tepat berbasis data real-time .
Didukung oleh staf dan mitra terbaik, solusi ini telah banyak membantu transformasi digital dari klien data center dan meningkatkan efisiensi konsumsi energi hingga 38 persen, efisiensi biaya energi hingga 30 persen, peningkatan produktivitas hingga 60 persen dan data center uptime hingga 100 persen.
Beberapa analis seperti International Data Corporation (IDC) memperkirakan bahwa akan ada sekitar 40 miliar perangkat IoT yang terkoneksi, menghasilkan sekitar 80 zettabytes (ZB) data pada tahun 2025 akibat dari digitalisasi industri.

Sementara Gartner memperkirakan 75 persen data yang dihasilkan perusahaan dibuat dan diproses di luar pusat data tradisional dan jumlah pemanfaatan micro data center atau local edge data center akan meningkat 4x lipat pada 2025.
Yana mengatakan bahwa tren ini akan berdampak terhadap peningkatan konsumsi energi di sektor data center yang diperkirakan dapat mencapai 3000 terawatt-jam, hampir sama dengan konsumsi energi dari 275 juta rumah tangga pada tahun 2040.
""Strategi pengelolaan data center yang tidak efektif juga akan menyebabkan biaya operasional dan perawatan dapat melambung tinggi. Sehingga kita membutuhkan dukungan teknologi ini,"" kata dia.
Baca juga: Cloudera Private Cloud akselerasi transformasi digital
Baca juga: Platform keamanan Cisco ""cloud-native"" SecureX hadir akhir Juni
Baca juga: Cloud hingga AI diprediksi jadi tren pada fase normal baru

Pewarta: Arnidhya Nur Zhafira Editor: Maria Rosari Dwi Putri Copyright © ANTARA 2020
Dilarang keras mengambil konten, melakukan crawling atau pengindeksan otomatis untuk AI di situs web ini tanpa izin tertulis dari Kantor Berita ANTARA.",https://img.antaranews.com/cache/1200x800/2020/06/26/SE-Connected-Image.jpg
Ancaman siber meningkat selama pandemi virus corona,18 Juni 2020,Perusahaan teknologi IBM menyatakan serangan siber secara global meningkat pada tiga bulan terakhir sejak pandemi virus ...,https://www.antaranews.com/berita/1560708/ancaman-siber-meningkat-selama-pandemi-virus-corona,ANTARA,Data Center di Indonesia,2026-10-05 01:48:36,"Jakarta (ANTARA) - Perusahaan teknologi IBM menyatakan serangan siber secara global meningkat pada tiga bulan terakhir sejak pandemi virus corona di berbagai negara.
""Teknologi dalam masa situasi normal baru penting, tapi, keamanan juga memegang peranan penting. Kita perlu mengatur keamanan dengan cara yang lebih efektif,"" kata Presiden Direktur IBM Indonesia, Tan Wijaya, dalam jumpa pers virtual, Kamis.
Catatan internal IBM menunjukkan secara global terdapat kenaikan serangan siber hingga 6.000 persen dalam tiga bulan terakhir, di Indonesia antara lain terjadi pada situs dagang daring. Tidak dijelaskan berapa banyak serangan siber yang terjadi di Indonesia dan bidang apa saja yang terdampak.
Baca juga: Peretas klaim bobol jutaan data warga Indonesia dari KPU
Baca juga: Gojek perketat keamanan pembayaran GoPay

IBM Indonesia melihat perusahaan mulai mempertimbangkan untuk mengadopsi teknologi yang lebih tangkas, misalnya layanan berbasis cloud , untuk menyikapi tantangan keamanan siber selama pandemi COVID-19 ini.
Pertimbangan lain yang mendasari beralih ke layanan cloud berkaitan dengan efektivitas biaya dan komitmen yang diperlukan tidak panjang.
Strategi lainnya yang perlu dipertimbangkan, menurut IBM Indonesia, soal pemulihan data, disaster recovery , di pusat penyimpanan data atau data center .
Di Indonesia, khususnya perusahaan di Jakarta, umumnya memiliki data center di luar Jakarta. Perusahaan perlu mengubah strategi soal data center , selama pandemi ini banyak kota yang memberlakukan Pembatasan Sosial Berskala Besar (PSBB) sehingga cukup menyulitkan mobilitas karyawan yang pekerjaannya berkaitan dengan pusat data tersebut.
Alternatif yang bisa dipertimbangkan antara lain bagaimana karyawan bisa mengakses data center tersebut dari jauh, tidak lagi secara fisik.

Baca juga: Huawei dan BSSN gelar pelatihan daring keamanan siber
Baca juga: Google: Kampanye Trump dan Biden target peretas China dan Iran
Baca juga: Zoom akan perketat keamanan untuk pelanggan berbayar
Pewarta: Natisha Andarningtyas Editor: Maria Rosari Dwi Putri Copyright © ANTARA 2020
Dilarang keras mengambil konten, melakukan crawling atau pengindeksan otomatis untuk AI di situs web ini tanpa izin tertulis dari Kantor Berita ANTARA.",https://img.antaranews.com/cache/1200x800/2020/04/16/shutterstock_1095422036.jpg
Kominfo rampungkan peraturan menteri soal PSE,10 Maret 2020,"Menteri Kementerian Komunikasi dan Informatika, Johnny G. Plate mengatakan telah merampungkan Peraturan Menteri ...",https://www.antaranews.com/berita/1347246/kominfo-rampungkan-peraturan-menteri-soal-pse,ANTARA,Data Center di Indonesia,2026-10-05 01:48:36,"Jakarta (ANTARA) - Menteri Kementerian Komunikasi dan Informatika, Johnny G. Plate mengatakan telah merampungkan Peraturan Menteri (Permen) untuk aturan teknis PP No.71 Tahun 2019 tentang Tata Kelola Penyelenggara Sistem Elektronik (PSE).
""Menindaklanjuti permintaan Bapak Presiden untuk segera membuat Peraturan Menteri yang mana hari ini dapat saya sampaikan bahwa Peraturan Menteri draf sudah disiapkan dan sudah selesai, hari ini disampaikan kepada Kantor Menteri Koordinator Polhukam,"" ujar Johnny dalam konferensi pers di Gedung Kominfo, Jakarta, Selasa.
Selanjutnya, Johnny mengatakan, Permen tersebut akan ditindaklanjuti sesuai dengan mekanisme perundang-undangan Indonesia, dan di saat yang sama secara simultan akan dilakukan sinkronisasi dan sosialisasi untuk mendapat masukan masyarakat.
Peraturan Menteri yang terdiri dari 9 Bab dan 34 Pasal tersebut, menurut Johnny, mengatur secara lebih teknis tentang tata kelola penyelenggara sistem elektronik lingkup privat, sementara tata kelola yang terkait dengan lingkup pemerintahan diatur tersendiri dan terpisah.
Lebih lanjut, Johnny menjelaskan, tata kelola penyelenggara sistem elektronik lingkup privat, salah satunya termasuk kegiatan yang berhubungan dengan data center .

""Data center lingkup privat investasinya akan dilakukan oleh investor masing-masing. Ini (Permen) mengatur secara teknis hak, kewajiban, perizinan, proses dan seterusnya, lebih teknis lebih detail dari PP 71 2019 diatur di situ,"" kata Johnny.
Permen tersebut, lanjut Johnny, juga mengatur mekanisme tata cara perizinan, tugas, kewajiban, hak, termasuk sanksi. Peraturan tersebut juga sebagai acuan dan pedoman para investor yang telah menyampaikan investasi di Indonesia.
""Ini terkait dengan tata kelola, tata kelola memudahkan itu akan memperbaiki investment grade Indonesia, termasuk investment yang cepat di bidang tata kelola kita,"" ujar Johnny.
Dalam konferensi pengembang “Digital Economy Summit //DevCon/“ yang digelar Microsoft, Kamis (27/2), Presiden Joko Widodo mengatakan akan menyelesaikan regulasi sederhana dalam satu pekan ke depan terkait investasi untuk data center .
Regulasi tersebut dibuat karena saat ini RUU Perlindungan Data Pribadi belum selesai, masih dibahas pemerintah bersama DPR.

Sejumlah perusahaan teknologi global, seperti Microsoft dan Amazon telah menyampaikan ketertarikan mereka untuk berinvestasi data center di Indonesia.
Microsoft menyambut baik rencana pemerintah Indonesia yang akan membuat regulasi sederhana untuk investasi fasilitas data center atau pusat data.
Chief Executive Officer (CEO) Microsoft Satya Nadella saat ditemui usai acara Digital Economy Summit //DevCon/, Kamis (27/2), jumlah investasi yang akan ditanamkan di Indonesia bukan menjadi perhatian utama, melainkan perkembangan teknologi lokal yang menjadi fokus Microsoft.
Nadella dalam wawancara tersebut tidak menyebutkan berapa banyak yang mereka gelontorkan untuk membangun data center di Indonesia. Namun, Januari lalu pemerintah menyatakan Microsoft akan berinvestasi senilai 1 miliar dolar.
Baca juga: Asosiasi perusahaan digital minta pemerintah tinjau revisi PP PSTE
Baca juga: Kominfo deteksi 177 hoaks terkait COVID-19

Baca juga: 5G diharapkan hadir sejalan dengan Ibu Kota baru
Pewarta: Arindra Meodia Editor: Ida Nurcahyani Copyright © ANTARA 2020
Dilarang keras mengambil konten, melakukan crawling atau pengindeksan otomatis untuk AI di situs web ini tanpa izin tertulis dari Kantor Berita ANTARA.",https://img.antaranews.com/cache/1200x800/2020/03/10/IMG_0648_1.jpg
"Kemarin, rencana investasi Microsoft hingga dampak penghentian umroh",28 Februari 2020,Sejumlah informasi penting menghiasi berita ekonomi pada Kamis (27/2) mulai dari rencana investasi Microsoft di ...,https://www.antaranews.com/berita/1324126/kemarin-rencana-investasi-microsoft-hingga-dampak-penghentian-umroh,ANTARA,Data Center di Indonesia,2026-10-05 01:48:36,"Jakarta (ANTARA) - Sejumlah informasi penting menghiasi berita ekonomi pada Kamis (27/2) mulai dari rencana investasi Microsoft di Indonesia hingga dampak penghentian sementara umrah.
Berikut rangkuman berita selengkapnya yang masih menarik untuk dibaca.
1. Presiden Jokowi : Microsoft akan investasi untuk bangun pusat data
Presiden Joko Widodo mengatakan bahwa CEO Microsoft, Satya Nadella ingin mengucurkan investasi untuk fasilitas pusat data (data center) di Indonesia.
Usai bertemu dengan Nadella, Presiden Jokowi di Jakarta, Kamis, mengatakan pemerintah akan menindaklanjuti keinginan investasi dari Microsoft dengan membuat regulasi sederhana, yang akan diselesaikan dalam satu pekan ke depan.

Baca selengkapnya
2. Pemerintah disarankan tolak penilaian RI sebagai negara maju
Lembaga kajian ekonomi Institute for Development of Economics and Finance (Indef) menyarankan agar pemerintah menolak penilaian Kantor Perwakilan Dagang AS (USTR) yang menyebutkan Indonesia sebagai negara maju.
""Tolak saja, China yang negaranya besar saja menolak, kita jangan diam karena akan mempengaruhi ekspor,"" ujar ekonom senior Indef Aviliani dalam konferensi pers bertema ""Salah Kaprah Status Negara Maju"" di Jakarta, Kamis.
Baca selengkapnya

3. Beras Bulog sisa impor 900.000 ton, Buwas: kualitasnya masih bagus
Direktur Utama Perum Bulog Budi Waseso memastikan bahwa stok beras sisa impor sebanyak 900.000 ton masih dalam kualitas layak konsumsi, meskipun beras tersebut didatangkan sejak 2018.
Budi Waseso atau akrab disapa Buwas tersebut menjelaskan beras sisa impor, antara lain dari Thailand dan Pakistan ini tersimpan di Gudang Bulog di berbagai wilayah Indonesia. Saat ini, stok cadangan beras pemerintah (CBP) yang dimiliki Bulog sebanyak 1,7 juta ton, termasuk beras sisa impor.
Baca selengkapnya
4. Garuda luncurkan tujuh rute baru pengganti yang ditutup akibat corona
Maskapai Garuda Indonesia akan meluncurkan tujuh rute internasional sebagai pengganti rute yang ditutup sementara akibat penyebaran virus corona.

""Untuk menanggapi situasi tersebut, Garuda memperkenalkan rute baru sebagai pengganti penutupan rute akibat corona, dengan harapan rute-rute tersebut kami bisa pertahankan dan tidak terimplikasi corona, khususnya rute-rute dari Denpasar,"" kata Direktur Utama Garuda Indonesia Irfan saat konferensi pers di Jakarta, Kamis.
Baca selengkapnya
5. Dilarang terbang, Garuda siap angkut jamaah umroh ke Tanah Air
Maskapai Garuda Indonesia siap mengangkut jamaah umroh kembali ke Tanah Air terkait adanya larangan terbang oleh Pemerintah Arab Saudi, termasuk penerbangan umroh dalam upaya pencegahan penyebaran virus corona.
""Garuda tetap berkomitmen bawa pulang, jadi kita akan pergi kosong dan bawa pulang,"" kata Direktur Utama Garuda Indonesia Irfan Setiaputra saat konferensi pers di Jakarta, Kamis.

Baca selengkapnya

Pewarta: Ade irma Junida Editor: Risbiani Fardaniah Copyright © ANTARA 2020
Dilarang keras mengambil konten, melakukan crawling atau pengindeksan otomatis untuk AI di situs web ini tanpa izin tertulis dari Kantor Berita ANTARA.",https://img.antaranews.com/cache/1200x800/2020/02/27/jokowi.jpeg
CEO Microsoft sambut rencana investasi data center Indonesia,27 Februari 2020,Microsoft menyambut baik rencana pemerintah Indonesia yang akan membuat regulasi sederhana untuk investasi fasilitas ...,https://www.antaranews.com/berita/1323126/ceo-microsoft-sambut-rencana-investasi-data-center-indonesia,ANTARA,Data Center di Indonesia,2026-10-05 01:48:36,"Jakarta (ANTARA) - Microsoft menyambut baik rencana pemerintah Indonesia yang akan membuat regulasi sederhana untuk investasi fasilitas data center atau pusat data.
Chief Executive Officer (CEO) Microsoft Satya Nadella saat ditemui usai acara Digital Economy Summit //DevCon/ di Jakarta, Kamis, mengatakan yang menjadi perhatian utama mereka bukan berapa berapa banyak investasi yang akan ditanamkan di Indonesia untuk data center, melainkan apa yang akan dihasilkan untuk mendukung perkembangan teknologi lokal.
""Hal yang lebih penting, bagaimana investasi tersebut menyebabkan pertumbuhan ekonomi yang luar biasa,"" kata Nadella.
Nadella dalam wawancara tersebut tidak menyebutkan berapa banyak yang mereka gelontorkan untuk membangun data center di Indonesia. Namun, Januari lalu pemerintah menyatakan Microsoft akan berinvestasi senilai 1 miliar dolar.
""Kami berinvestasi dalam jumlah yang siginifikan,"" kata

Baca juga: Presiden Jokowi : Microsoft akan investasi untuk bangun pusat data
Baca juga: Penyesalan terbesar Bill Gates: Windows Mobile
Presiden Joko Widodo pada acara yang sama siang tadi mengatakan akan menyelesaikan regulasi sederhana dalam satu pekan ke depan terkait investasi untuk data center.
Regulasi tersebut dibuat karena saat ini RUU Perlindungan Data Pribadi belum selesai, masih dibahas pemerintah bersama DPR.
Menurut Nadella, rencana pemerintah Indonesia untuk membuat regulasi yang mendukung investasi di bidang data center tersebut merupakan hal yang baik untuk iklim investasi.

""Ini sangat penting, bukan untuk kami, tapi, bagus untuk Indonesia karena mereka punya kepercayaan terhadap orang-orang yang membangun infrastruktur,"" kata Nadella.
Regulasi ini, menurut Nadella, bisa menarik investasi asing lainnya, bukan hanya Microsoft saja.
Pemerintah, melalui Kementerian Komunikasi dan Informatika (Kominfo), tahun lalu menyatakan akan membangun data center berbasis komputasi awan (cloud) yang akan beroperasi pada tahun 2022 mendatang.
Pemerintah akan membangun empat data center untuk menyimpan data yang tergolong data strategis di penyimpanan milik pemerintah.
Baca juga: Microsoft ingin kembangkan talenta digital Indonesia
Baca juga: Presiden Jokowi harap Indonesia bukan hanya konsumen teknologi

Baca juga: Kominfo tekankan tiga pilar transformasi digital Indonesia
Pewarta: Natisha Andarningtyas Editor: Alviansyah Pasaribu Copyright © ANTARA 2020
Dilarang keras mengambil konten, melakukan crawling atau pengindeksan otomatis untuk AI di situs web ini tanpa izin tertulis dari Kantor Berita ANTARA.",https://img.antaranews.com/cache/1200x800/2020/02/27/satya-nadella.jpeg
Presiden Jokowi : Microsoft akan investasi untuk bangun pusat data,27 Februari 2020,"Presiden Joko Widodo mengatakan bahwa CEO Microsoft, Satya Nadella ingin mengucurkan investasi untuk fasilitas pusat ...",https://www.antaranews.com/berita/1322206/presiden-jokowi-microsoft-akan-investasi-untuk-bangun-pusat-data,ANTARA,Data Center di Indonesia,2026-10-05 01:48:36,"Jakarta (ANTARA) - Presiden Joko Widodo mengatakan bahwa CEO Microsoft, Satya Nadella ingin mengucurkan investasi untuk fasilitas pusat data (data center) di Indonesia.
Usai bertemu dengan Nadella, Presiden Jokowi di Jakarta, Kamis, mengatakan pemerintah akan menindaklanjuti keinginan investasi dari Microsoft dengan membuat regulasi sederhana, yang akan diselesaikan dalam satu pekan ke depan.
Regulasi itu juga dibuat karena Rancangan Undang-Undang (UU) Perlindungan Data Pribadi masih digodok pemerintah bersama parlemen.
""Mereka ingin investasi di data center. Tetapi kita masih mengajukan UU Perlindungan Data Pribadi ke DPR. Tetapi Microsoft ingin segera investasi sehingga dalam seminggu ini akan kita putuskan untuk membuat sebuah regulasi sederhana yang mendukung,"" kata Presiden Jokowi.
Baca juga: Presiden hargai sikap Arab Saudi tangguhkan layanan umroh cegah Corona

Nadella bertemu dengan Presiden Jokowi di sela acara Digital Economy Summit 2020, Jakarta, Kamis.
Presiden Jokowi mengatakan ingin membuat iklim yang baik bagi investasi di ekonomi digital. Maka dari itu, pemerintah bertindak cepat untuk memuluskan investasi dari perusahaan penyedia jasa dan produk teknologi informatika itu. Selain itu, pangsa dan potensi ekonomi digital Indonesia sangat menjanjikan dan menjadi yang terbesar di Asia Tenggara.
Pada 2015, nilai ekonomi digital Indonesia tercatat sebesar delapan miliar dolar AS atau. Sementara pada 2019 nilainya naik menjadi 40 miliar dolar AS.
""Dan diprediksi pada 2025 kita akan memiliki 133 miliar dolar AS, silakan kalikan sendiri berapa triliun rupiah. Ekosistem startup (perusahaan rintisan) kita teraktif di Asia Tenggara, dengan penduduk besar sekali. Sebuah pasar yang sangat besar,"" kata Presiden.
Indonesia juga memiliki tingkat penetrasi masyarakat ke penggunaan internet yang tinggi yakni mencapai 65 persen pada 2019. Total, ada 171 juta pengguna internet di Indonesia.

Baca juga: Pemerintah klaim banyak negara berminat investasi di ibu kota baru
Sembari menyusun regulasi pengantar untuk investasi Microsoft, pemerintah juga terus mengejar pembahasan RUU Perlindungan Data Pribadi dengan DPR.
RUU PDP itu akan mengatur 12 hal, yaitu jenis data pribadi, hak pemilik data pribadi, dan pemrosesan data pribadi. Serta, kewajiban pengendali data pribadi dan prosesor data pribadi dalam pemrosesan data pribadi dan transfer data pribadi.
Sisanya, yakni sanksi administratif, larangan dalam penggunaan data pribadi, pembentukan pedoman prilaku pengendali data pribadi, dan penyelesaian sengketa dan hukum acara. Selain itu, ada kerja sama internasional, peran pemerintah dan masyarakat, dan ketentuan pidana.
Pewarta: Indra  Arief Pribadi Editor: Nusarina Yuliastuti Copyright © ANTARA 2020
Dilarang keras mengambil konten, melakukan crawling atau pengindeksan otomatis untuk AI di situs web ini tanpa izin tertulis dari Kantor Berita ANTARA.",https://img.antaranews.com/cache/1200x800/2020/02/27/IMG_20200227_125959_1_1.jpg
Telkomsigma kuasai pasar data center di Indonesia,20 November 2019,"Anak usaha PT Telkom Indonesia Tbk (Persero), Telkomsigma membuktikan diri sebagai perusahaan solusi teknologi ...",https://www.antaranews.com/berita/1173016/telkomsigma-kuasai-pasar-data-center-di-indonesia,ANTARA,Data Center di Indonesia,2026-10-05 01:48:36,"Jakarta (ANTARA) - Anak usaha PT Telkom Indonesia Tbk (Persero), Telkomsigma membuktikan diri sebagai perusahaan solusi teknologi informasi dan komunikasi (ICT) terbesar di Indonesia sejalan dengan penghargaan yang diraih dari Frost & Sullivan, untuk kategori Indonesia Data Center Services Provider of The Year.
Penghargaan ini diperoleh sebagai bentuk keberhasilan dan komitmen Telkomsigma dalam memberikan layanan data center terbaik bagi pelanggan dan menjadi yang terbesar di Indonesia.
“Penghargaan 2019 Best Practices Award ini mengindikasikan kepercayaan terhadap konsistensi Telkomsigma dalam memberikan layanan terbaik dan manajemen operasi data center guna menjaga keamanan dan keberlangsungan operasional bisnis pelanggan,” kata CEO Telkomsigma, Sihmirmo Adi, di Jakarta, Rabu.
Menjajaki 21 tahun Telkomsigma, perusahaan ini menjadi yang pertama terjun sebagai provider layanan data center dengan skema outsource yang berlokasi di Serpong, dimana sebelumnya bergerak di bisnis hardware.
Telkomsigma semakin memperluas kapabilitas layanan data center dengan memiliki tiga data center utama berlokasi di Serpong, Surabaya dan Sentul, juga mengelola 14 data center NeuCentrix yang tersebar di berbagai lokasi di Indonesia.

“Kepercayaan pelanggan merupakan faktor penting bagi kami, security dan reliability juga Kesiapan sumber daya manusia profesional menjadi hal fundamental bagi Telkomsigma, sehingga kami menyediakan infrastruktur yang mampu menjamin value kepada industri di Indonesia,"" ujar Sihmirmo.
Coverage layanan data center Telkomsigma bukan hanya mencakup colocation, DRC (Disaster Recovery Center) dan working room saja, namun juga backup/restore, batch process, dan remote/smart hands dimana dapat dilakukan set up firewall, konfigurasi, sirkuit testing, dan lain-lain.
Layanan cross connect akan membantu perusahaan untuk monitoring dan mengendalikan aset jaringan, juga mengurangi latensi dan meningkatkan manajemen waktu. Tidak luput juga layanan communication link dan SDN (Software Defined Network).
Melalui Layanan Data Center Professional Services, Telkomsigma akan mendukung perusahaan dalam melakukan data center assessment, konsultasi dan desain, konstruksi, sertifikasi, dan data center managed operation. Lebih dari 250 perusahaan telah memberikan kepercayaannya terhadap Telkomsigma yang menjamin akan keamanan data dan operasional bisnis.
Sertifikat Tier IV Construction Facilities dari Uptime Institute juga membuktikan bahwa layanan Telkomsigma sudah sesuai dengan standar data center tier berkelas internasional, juga data center Surabaya Telkomsigma menjadi pangkalan data satu-satunya di kawasan Asia Tenggara yang menerima Sertifikat Tier III TCOS Gold.

Menghadapi tahun 2020, Telkomsigma siap mendukung baik dari sisi spesifikasi teknis dan SDM dalam kelola managed services operation pada rencana pembangunan data center Telkom Group seluas 6,5 hektar.
Baca juga: Telkomsigma klaim punya data center ""Always On"" Baca juga: Telkomsigma siapkan solusi bagi perbankan dalam menerapkan PSAK71 Baca juga: Futuria, inovasi Telkomsigma kenalkan budaya Indonesia di era digital
Pewarta: Royke Sinaga Editor: Subagyo Copyright © ANTARA 2019
Dilarang keras mengambil konten, melakukan crawling atau pengindeksan otomatis untuk AI di situs web ini tanpa izin tertulis dari Kantor Berita ANTARA.",https://img.antaranews.com/cache/1200x800/2019/11/20/telkomsigma.193.jpg
"Pusat data terbesar Indonesia bakal aktif 2020, dukung ekonomi digital",13 November 2019,Fasilitas pusat data atau data center terbesar dengan critical IT load sebesar 12 Megawatt (MW) di Indonesia siap ...,https://www.antaranews.com/berita/1162056/pusat-data-terbesar-indonesia-bakal-aktif-2020-dukung-ekonomi-digital,ANTARA,Data Center di Indonesia,2026-10-05 01:48:36,"Jakarta (ANTARA) - Fasilitas pusat data atau data center terbesar dengan critical IT load sebesar 12 Megawatt (MW) di Indonesia siap beroperasi pada tahun 2020.
Gedung data center ketiga yang dinamakan JK3 dan dibangun oleh perusahaan lokal penyedia layanan pusat data yakni PT DCI Indonesia tersebut, merupakan salah satu bagian dari fasilitas hyperscale data center terbesar di Indonesia.
""Sebagai perusahaan Indonesia, DCI siap menjadi pionir yang menghadirkan fasilitas hyperscale data center terbesar di Indonesia,"" ujar CEO DCI Toto Sugiri di Jakarta, Rabu.
Toto mengatakan bahwa dengan hadirnya fasilitas Gedung JK3 ini, pihaknya ingin mempertegas komitmen dan keseriusan dalam mendukung perkembangan ekonomi digital Indonesia menjelang era Revolusi Industri 4.0.
Indonesia dalam beberapa tahun ke depan akan mengalami lonjakan permintaan terhadap kebutuhan hyperscale data center khususnya menjelang Revolusi Industri 4.0.

Transformasi teknologi digital seperti Cloud Computing, Big Data dan Internet of Things (IoT) akan menuntut pengolahan data berskala besar, sehingga dibutuhkan fasilitas data center yang handal, scalable , dan dengan keamanan tinggi.
Melonjaknya pertumbuhan perusahaan startup (rintisan) di Indonesia, yang ditandai dengan lima perusahaan unicorn hingga akhir 2019 ini, serta melihat potensi pertumbuhan ekonomi digital yang tergolong pesat, yang diprediksi akan menjadi 133 miliar dollar AS di tahun 2025, menjadi sebuah legitimasi bahwa kebutuhan layanan komputasi awan atau cloud adalah suatu keniscayaan bagi keberlangsungan bisnis startup .
President Asosiasi Penyelenggara Pusat Data Indonesia atau Indonesia Data Center Provider Organization (IDPRO) Hendra Suryakusuma mengatakan pihaknya menyambut baik komitmen DCI sebagai penyedia pusat data lokal yang mampu memenuhi kebutuhan data center di Indonesia dalam beberapa tahun ke depan.
Perusahaan berbasis teknologi informasi membutuhkan dukungan infrastruktur data center yang handal, scalable, dan aman.
Baca juga: Asosiasi: Pertumbuhan industri pusat data hampir 30 persen

Pewarta: Aji Cakti Editor: Risbiani Fardaniah Copyright © ANTARA 2019
Dilarang keras mengambil konten, melakukan crawling atau pengindeksan otomatis untuk AI di situs web ini tanpa izin tertulis dari Kantor Berita ANTARA.",https://img.antaranews.com/cache/1200x800/2019/11/13/data-center-terbesar.jpg
Asosiasi: Pertumbuhan industri pusat data hampir 30 persen,13 November 2019,Asosiasi Penyelenggara Data Center Indonesia atau Indonesia Data Center Provider Organization (IDPRO) menilai ...,https://www.antaranews.com/berita/1161996/asosiasi-pertumbuhan-industri-pusat-data-hampir-30-persen,ANTARA,Data Center di Indonesia,2026-10-05 01:48:36,"Jakarta (ANTARA) - Asosiasi Penyelenggara Data Center Indonesia atau Indonesia Data Center Provider Organization (IDPRO) menilai pertumbuhan industri pusat data atau data center di Indonesia sejak tahun 2014 sampai sekarang hampir 30 persen.
""Pertumbuhan sejak 2014 hingga sekarang hampir 30 persen, saat ini terdapat pusat data dengan 50,3 MW power capacity yang sudah ada dan diperkirakan tahun depan meningkat menjadi 70 MW,"" ujar President IDPRO Hendra Suryakusuma di Jakarta, Rabu.
Hendra mengatakan bahwa kalau melihat dari sisi pertumbuhan ekonomi memang ada korelasi positifnya dengan pembangunan pusat data di Indonesia.
Peluang investasi pusat data di Indonesia tumbuh dengan sangat baik, di mana pada tahun ini pun sudah terdapat tiga pemain pusat data baru yang sudah mengumumkan mereka akan masuk.
Sedangkan untuk nilai investasi bisnis penyedia pusat data di Indonesia, menurut Hendra, sejak tahun 2011 hingga tahun 2018 telah mencapai 600 juta dolar AS.

""Tahun ini kemungkinan naik sekitar 30 persen, dan pada tahun 2020 akan masuk tiga penyedia pusat data baru dan penyedia layanan komputasi awan atau cloud besar yang akan masuk ke Indonesia,"" katanya.
IDPRO sendiri mengakui bahwa tantangan terbesar dalam investasi di sektor pusat data Indonesia adalah keterbatasan sumber daya manusia.
""Terus terang tantangannya sumber daya manusia. Industri pusat data lumayan baru di Indonesia di mana baru pada tahun 2012 kita memiliki pusat data kategori tier III yang tersertifikasi,"" ujar President IDPPRO tersebut.
Selain jumlah teknisi dan ahli yang mengerti dalam pengelolaan serta pengoperasian pusat data yang masih sedikit, kampus-kampus di Indonesia pun belum banyak yang mengajarkan tentang pusat data atau data center .
""Untuk meningkatkan jumlah sumber daya manusia di sektor pusat data, salah satunya melalui bekerja sama dengan perguruan tinggi seperti Universitas Indonesia dengan mengadakan program pelatihan langsung di pusat data,"" kata Hendra.

Berdasarkan data yang dirilis oleh Masyarakat Telematika Indonesia atau Mastel, potensi kontribusi sektor pusat data terhadap PDB Indonesia hingga tahun 2024 sebesar Rp172,2 triliun.
Baca juga: Asosiasi pusat data akan temui Menkominfo bahas transaksi elektronik Baca juga: Layanan ""cloud"" dan pusat data Lintasarta dinilai terbaik
Pewarta: Aji Cakti Editor: Ahmad Wijaya Copyright © ANTARA 2019
Dilarang keras mengambil konten, melakukan crawling atau pengindeksan otomatis untuk AI di situs web ini tanpa izin tertulis dari Kantor Berita ANTARA.",https://img.antaranews.com/cache/1200x800/2019/11/13/idpro.jpg
Data center NTT diharapkan bantu korporasi nasional bersaing,26 September 2019,Menteri Komunikasi dan Informatika Rudiantara mengharapkan keberadaan data center dengan performa dan skalabilitas ...,https://www.antaranews.com/berita/1083094/data-center-ntt-diharapkan-bantu-korporasi-nasional-bersaing,ANTARA,Data Center di Indonesia,2026-10-05 01:48:36,"Jakarta (ANTARA) - Menteri Komunikasi dan Informatika Rudiantara mengharapkan keberadaan data center dengan performa dan skalabilitas tinggi yang akan dibangun oleh PT NTT Indonesia mampu membantu korporasi di Indonesia bersaing pada era digital.
""Korporasi akan terbantu dalam memenuhi kewajiban menyimpan dan mengolah data sehingga pada gilirannya perusahaan-perusahaan tetap dapat tumbuh dan bersaing di era digital ini,"" ujar Rudiantara di Jakarta, Kamis.
Keberadaan data center, lanjut dia, akan  ikut membantu perusahaan dan startup di Indonesia untuk mempercepat pertumbuhan bisnis di dalam negeri.
""Saya menyambut baik investasi dan komitmen NTT dalam mengembangkan dan membangun data center ketiganya di Indonesia. Pemerintah siap memfasilitasi serta membantu pengembangannya,"" katanya.
Sedianya, data center yang akan dibangun itu berlokasi di Cikarang, Bekasi, Jawa Barat. Baca juga: PT NTT Indonesia bangun data center Rp7,05 triliun di Bekasi

Data center ini akan mampu menampung hingga 18.000 meter persegi ruang TI dan memuat TI hingga 45 MW. Data center baru itu dinamai ""Jakarta 3 Data Center"" (Jakarta3 DC), mampu menampung hingga 18.000 meter persegi ruang TI dan memuat TI hingga 45 MW. Nilai investasi pembangunan data center itu sebesar 500 juta dolar AS.
Menteri Ekonomi dan Pembangunan, Kedutaan Besar Jepang untuk Indonesia, Tadayuki Miyashita mengatakan investasi pembangunan data center oleh NTT menggambarkan hubungan kerjasama yang kuat antara pemerintahan Jepang dan Indonesia.
""Kami berharap pengalaman global dari Jepang ke Indonesia dapat terus dilakukan sehingga perusahaan-perusahaan di Indonesia dapat meningkatkan persaingan bisnis dan profitabilitas perusahaan di Indonesia,"" katanya. Baca juga: Biznet akan perluas data center pada 2020


Pewarta: Zubi Mahrofi Editor: Nusarina Yuliastuti Copyright © ANTARA 2019
Dilarang keras mengambil konten, melakukan crawling atau pengindeksan otomatis untuk AI di situs web ini tanpa izin tertulis dari Kantor Berita ANTARA.",https://img.antaranews.com/cache/1200x800/2019/09/26/IMG_20190926_165512.jpg
"Tingkatkan kompetensi SDM, Kemnaker gandeng Amazone Web Services",17 Juli 2019,Kementerian Tenaga Kerja (Kemnaker) bekerja sama dengan perusahaan raksasa internet terkemuka Amazon Web Services (AWS) ...,https://www.antaranews.com/berita/962144/tingkatkan-kompetensi-sdm-kemnaker-gandeng-amazone-web-services,ANTARA,Data Center di Indonesia,2026-10-05 01:48:39,"Jakarta (ANTARA) - Kementerian Tenaga Kerja (Kemnaker) bekerja sama dengan perusahaan raksasa internet terkemuka Amazon Web Services (AWS) melatih ribuan sumber daya manusia (SDM) Indonesia untuk meningkatkan kompetensi di bidang ""cloud computing"".
“Mulai 2019, pembangunan SDM menjadi prioritas pemerintah agar semakin kompeten, kreatif, inovatif, produktif, dan kompetitif. Pemerintah sangat terbuka dan membuka diri serta memberikan insentif bagi dunia usaha untuk bersama-sama pemerintah dalam mengakselerasi pengembangan SDM itu,” kata Menaker Hanif Dhakiri dalam siaran pers, di Jakarta, Rabu.
""Cloud computing"" kerap disebut komputasi awan adalah teknologi yang menjadikan internet sebagai pusat pengelolaan data dan aplikasi di mana pengguna komputer diberikan akses (login).
“Ketika perkembangan teknologi begitu masif, kita tidak ingin Indonesia hanya menjadi pasar. Kita ingin agar rakyat bisa memanfaatkan teknologi untuk hal-hal yang produktif dan meningkatkan kesejahteraan mereka. Karena itu digital skill perlu ditingkatkan,” ucapnya.
Tantangan pembangunan SDM di zaman digital saat ini adalah bagaimana memberikan insentif bagi dunia usaha dalam mengakselerasi pengembangan SDM dengan mendorong digital literasi dan ekosistem inovasi agar berbagai bentuk kreativitas memperoleh ruang yang baik.

Menaker mengapresiasi langkah AWS yang bersama-sama dengan Kemnaker akan memulai program pelatihan dan upgrading di bidang ""cloud computing"" untuk 100 instruktur.
“Tahun ini 100 instruktur, tahun 2020 tambah lagi 300 instruktur. Dengan demikian, pada 2025 kami menargetkan 100 ribu tenaga kerja Indonesia yang sudah ditraining dan dididik untuk bidang 'cloud computing'. Ini potensi yang cukup besar untuk menopang pertumbuhan ekonomi digital di Indonesia,” jelasnya.
Dengan membantu Indonesia menciptakan SDM yang cakap secara digital dalam persiapan untuk revolusi industri keempat di bidang manufaktur dan industri, yang biasa disebut sebagai Industri 4.0, akan mempercepat ambisi Indonesia untuk menjadi salah satu dari 10 negara dengan ekonomi terbesar di dunia pada 2030.
Sementara itu, Country Lead AWS Indonesia Gunawan Susanto, menyatakan AWS dapat membantu membangun bakat Indonesia, melalui berbagai inisiatif peningkatan kecakapan di bidang cloud yang pada akhirnya akan meningkatkan potensi ekonomi negara.
“Kami percaya sumber daya manusia kerja yang siap dengan kecakapan cloud di masa depan adalah salah satu pilar dalam mendorong pertumbuhan ekonomi Negara,"" katanya.

AWS memiliki komitmen untuk berinvestasi membangun data data center di Indonesia pada 2021 melalui keahlian dan teknologi yang dimiliki.
Hingga kini, kata Gunawan, ribuan talenta Indonesia telah berpartisipasi dalam program AWS Educate, AWS Academy, dan AWS Training & Certification yang dijalankan bekerja sama dengan lembaga pemerintah, berbagai institusi pendidikan, APN dan kolaborator lainnya.
""Tujuannya, supaya talenta Indonesia, memperoleh keterampilan dan sertifikasi baru di berbagai bidang seperti dasar-dasar AWS Cloud, big data, security, machine learning, dan banyak lagi. AWS juga terus berinvestasi dalam memberdayakan pengembang lokal, siswa, dan generasi pemimpin TI berikutnya di Indonesia,"" ujarnya.
Baca juga: Kemenristekdikti ajak 57 ilmuwan diaspora bangun SDM
Baca juga: Menko Perekonomian: Pengembangan SDM kunci utama ekonomi kreatif
Baca juga: Lanjutkan pembangunan infrastruktur, fokus pembangunan SDM

Pewarta: Royke Sinaga Editor: Ahmad Buchori Copyright © ANTARA 2019
Dilarang keras mengambil konten, melakukan crawling atau pengindeksan otomatis untuk AI di situs web ini tanpa izin tertulis dari Kantor Berita ANTARA.",https://img.antaranews.com/cache/1200x800/2017/08/20170812menaker.jpg
Telkomsigma Terima Sertifikat Standar Data Center,18 Desember 2018,"CEO Telkomsigma Iskriono Windiarjanto (kedua kanan), didampingi SVP Business Data Center Sukoco Halim (kanan) dan SVP ...",https://www.antaranews.com/foto/779063/telkomsigma-terima-sertifikat-standar-data-center,ANTARA,Data Center di Indonesia,2026-10-05 01:48:39,,https://img.antaranews.com/cache/1200x800/2018/12/antarafoto-telkomsigma-data-center-181218-am.jpg
"Telkomsigma klaim punya data center ""Always On""",21 Oktober 2018,"Telkomsigma, perusahaan penyedia solusi teknologi informasi terintegrasi, memastikan layanan pusat data yang ...",https://www.antaranews.com/berita/760405/telkomsigma-klaim-punya-data-center-always-on,ANTARA,Data Center di Indonesia,2026-10-05 01:48:39,"Jakarta (ANTARA News) - Telkomsigma, perusahaan penyedia solusi teknologi informasi terintegrasi, memastikan layanan pusat data yang dimiliki sudah berstandar internasional didukung konektivitas dengan cakupan sangat besar.
“Layanan data center Telkomsigma dirancang dengan mengacu pada standar internasional dari lembaga sertifikasi Uptime Institute yang didukung Telkom Indonesia dan dengan solusi “Always On,” kata CEO Telkomsigma, Iskriono Windiarjanto, dalam siaran pers di Jakarta, Minggu.
Solusi Always On, memungkinkan perusahaan-perusahaan meningkatkan layanan cloud untuk mendukung pertumbuhan bisnis secara real time dan tanpa khawatir down.
Menurut Iskriono, peran data center sebagai infrastruktur vital yang mendukung proses bisnis oprasional data perusahaan menuntut korporasi harus cermat dalam menentukan penyedia layanan data center yang tepat dan dapat diandalkan.
“Layanan data center harus diserahkan kepada provider dengan rekan jejak terbaik dari segi aspek ketahanan dan keamanan layanan yang dikelola secara best practice , dan mengacu pada standar internasional,” ujarnya.

Dari kaca mata konsumen, tentu tidak peduli apa itu server down akibat gangguan teknis dan sebagainya. Namun, berprinsip bahwa layanan yang disediakan perusahaan dapat diperoleh secara real-time dan kapan pun mereka inginkan.
Telkomsigma memiliki tiga data center enterprise yang berada di Serpong, Sentul, dan Surabaya, Telkomsigma dapat menyediakan layanan data center yang bersifat “Always On”.
Untuk kebutuhan pelanggan skala usaha kecil dan menengah (UKM), Telkomsigma menyediakan layanan data center di 12 kota yang tersebar di Indonesia, yaitu Jakarta, Serpong, Bandung, Semarang, Yogyakarta, Surabaya, Batam, Medan, Bali, Balikpapan, Makassar, dan Manado.
Lokasi data center Telkomsigma dipastikan akan terus bertambah seiring meningkatnya kebutuhan solusi  ICT di industri 4.0 dan juga untuk mendukung teknologi Edge Computing.
Di level Asia Tenggara, Telkomsigma juga telah memperoleh pengakuan dari  Uptime Institute, sebagai data center yang pertama menerima sertifikat Tier III dengan peringkat Gold.

Sertifikasi ini memperkuat kemampuan data center Telkomsigma untuk menghindari kesalahan, menjaga fungsionalitas TI, dan mendukung operasional yang efektif. Proses Sertifikasi Tier memastikan operasional selaras dengan tujuan bisnis organisasi, ekspektasi availability.
Selain itu, keberhasilan Data Center Telkomsigma Surabaya tahun ini dalam melalui proses audit Tier Certification of Constructed Facility (TCCF) dari Uptime Institute, akan menjadi perolehan sertifikat Tier IV Facilities pertama bagi penyedia layanan data center di Indonesia.
Telkomsigma juga memiliki ketersediaan layanan Data Center secara menyeluruh dan bersifat carrier neutral data center. Data center yang dikelola Telkomsigma tersebar di seluruh Indonesia dan dirancang khusus untuk memenuhi kebutuhan layanan pusatdata baik untuk bisnis berskala SME hingga korporasi.
Dengan keunggulan tersebut, Telkomsigma siap mengelola seluruh data center services berbagai perusahaan dari segala segmen industri yang ingin berfokuspada bisnis utama, dengan proses migrasi singkat hanya dalam hitungan jam.
Pewarta: Royke Sinaga Editor: Ahmad Wijaya Copyright © ANTARA 2018
Dilarang keras mengambil konten, melakukan crawling atau pengindeksan otomatis untuk AI di situs web ini tanpa izin tertulis dari Kantor Berita ANTARA.",https://img.antaranews.com/cache/1200x800/2018/10/D457A806-F051-4E8D-951D-081FCE5ACB0E.jpeg
idEA harap aturan pusat data segera diputuskan,3 September 2018,Asosiasi e-Commerce Indonesia (idEA) berharap pemerintah segera mengambil keputusan terkait kewajiban penempatan pusat ...,https://www.antaranews.com/berita/744780/idea-harap-aturan-pusat-data-segera-diputuskan,ANTARA,Data Center di Indonesia,2026-10-05 01:48:39,"Jakarta (ANTARA News) - Asosiasi e-Commerce Indonesia (idEA) berharap pemerintah segera mengambil keputusan terkait kewajiban penempatan pusat data (data center) agar memberikan kepastian kepada para pelaku bisnis digital di Indonesia.
Ketua Umum idEA Ignatius Untung, dalam keterangan yang diterima, Senin, menjelaskan peraturan mengenai data center saat ini terkesan maju mundur.
Dia mengungkapkan semula pemerintah meminta lokasi pusat data harus berada di Indonesia, namun belakangan pemerintah menyatakan pelaku digital tak perlu membangun data center di Indonesia dengan cukup membuka ""access point"".
Menurut dia, situasi ini membuat para pelaku bisnis digital bingung.
“Ini yang benar yang mana. Biarpun sanksinya apa belum jelas, masih abu-abu. Kalau abu-abu, percuma juga kita bikin data center,’ kata Untung di Jakarta.

Pemerintah berencana merevisi Peraturan Pemerintah Nomor 82 tahun 2012 tentang Penyelenggaraan Sistem dan Transaksi Elektronik (PSTE).
Di antara poin yang menjadi perdebatan adalah kewajiban penempatan pusat data di Indonesia. Semula, revisi peraturan tersebut akan terbit Oktober 2017, namun terus mundur.
Saat ini, revisi PP 82/2012 memasuki tahap harmonisasi di Kementerian Hukum dan Hak Asasi Manusia.
Pelaksana Tugas Kepala Seksi Kelembagaan Keamanan Informasi Kementerian Komunikasi dan Informatika, Yudhistira Nugraha sebelumnya menjelaskan hal yang diatur dalam peraturan pemerintah tersebut adalah kewajiban penempatan pusat data dan data ""recovery center"" di wilayah Indonesia.
""Aturannya sedang direvisi menjadi kewajiban penempatan data elektronik strategis pada data center dan data recovery center di wilayah Indonesia,"" ujar dia di Jakarta beberapa waktu lalu.

Mengutip draft aturan terakhir, Asosiasi Cloud Computing Indonesia (ACCI) dalam tanggapan resmi yang dirilis 7 Mei 2018 menyebutkan data elektronik terbagi menjadi tiga kategori.
Rinciannya, data elektronik strategis, data elektronik berisiko tinggi, dan data elektronik berisiko rendah.
Pewarta: Joko Susilo Editor: Ruslan Burhani Copyright © ANTARA 2018
Dilarang keras mengambil konten, melakukan crawling atau pengindeksan otomatis untuk AI di situs web ini tanpa izin tertulis dari Kantor Berita ANTARA.",https://img.antaranews.com/cache/1200x800/2017/03/20170310kemhumkam-002logo2.jpg
Alibaba lindungi pelanggan dengan standar keamanan tinggi,15 Maret 2018,"Perusahaan komputasi awan milik Alibaba Group, Alibaba Cloud yang resmi beroperasi di Indonesia melindungi data ...",https://www.antaranews.com/berita/693352/alibaba-lindungi-pelanggan-dengan-standar-keamanan-tinggi,ANTARA,Data Center di Indonesia,2026-10-05 01:48:39,"Jakarta (ANTARA News) - Perusahaan komputasi awan milik Alibaba Group, Alibaba Cloud yang resmi beroperasi di Indonesia melindungi data pelanggan dengan standar keamanan yang tinggi.
""Kami mengikuti standar keamanan yang sangat tinggi, contohnya tahun lalu kami lolos standar di Jerman, 2016 lolos standar tertinggi di Singapura,"" ujar Kepala Alibaba Cloud Asia Tenggara dan New Zealand Raymond Ma dalam peluncuran, di Jakarta, Kamis.
Raymond mengatakan prinsip Alibaba Cloud adalah melindungi data dan juga membebaskan konsumen untuk memindahkan data sesuai kebutuhannya.
Alibaba Cloud yang memiliki data center di area Jakarta itu akan mengikuti peraturan suatu negara dalam menjalankan bisnisnya.
Pihaknya juga berkomitmen mewujudkan teknologi yang inklusif di mana saja beroperasi, selain dengan menyediakan solusi kebutuhan komputasi awan terbaru, juga sejumlah ahli yang dapat membantu.

""Kami dapat membantu UKM, pemerintah dan perusahaan di Indonesia untuk mengintegrasi teknologi cloud dalam kebutuhan sehari-hari,"" ujar Raymond.
Ia optimistis meski independen, Alibaba Cloud dapat menarik semakin banyak konsumen, khususnya yang menjadi sasarannya berupa UKM dan start-up atau perusahaan rintisan.
Sementara itu General Manager Asia Pasifik Alibaba Cloud Alex Li menuturkan sebagai satu-satunya penyedia layanan komputasi awan global yang berasal dari Asia, pihaknya mengklaim levih memahami budaya dan konteks kawasan tersebut.
""Ada penyesuaian kebutuhan masyarakat dan perusahaan Indonesia, misalnya big data lokal ada tim yang membantu menghadirkan layanan dalam bahasa Indonesia untuk membantu konsumen,"" ujar Alex lagi.
Dengan dibuka data center di Indonesia, Alibaba Cloud kini memiliki total 18 data center yang tersebar di seluruh dunia.

Pewarta: Dyah Dwi Astuti Editor: Kunto Wibisono Copyright © ANTARA 2018
Dilarang keras mengambil konten, melakukan crawling atau pengindeksan otomatis untuk AI di situs web ini tanpa izin tertulis dari Kantor Berita ANTARA.",https://img.antaranews.com/cache/1200x800/2016/10/20161005alibaba-logo-001.jpg
UC Browser jamin keamanan data pengguna,1 Februari 2018,"UC Browser mengunggulkan personalisasi tampilan peramban sesuai dengan selera pengguna, sebagai salah satu pembeda ...",https://www.antaranews.com/berita/682366/uc-browser-jamin-keamanan-data-pengguna,ANTARA,Data Center di Indonesia,2026-10-05 01:48:39,"Jakarta (ANTARA News) - UC Browser mengunggulkan personalisasi tampilan peramban sesuai dengan selera pengguna, sebagai salah satu pembeda dengan peramban lainnya.

Tidak hanya tema, algoritma di peramban tersebut akan menghadirkan konten-konten yang relevan dengan selera penggunanya sehingga kemungkinan konten tersebut terlihat lebih besar.

Dengan demikian, UC Browser akan mengumpulkan dan menyimpan data antara lain berupa kebiasaan pengguna saat mengonsumsi konten.


Kepala Bagian Bisnis Internasional UC Browser, Shallia Li, menyatakan saat ini mereka tidak memiliki pusat data (data center) di Indonesia.

Pusat data mereka antara lain terletak di Singapura dan Amerika Serikat.


Li menjamin keamanan data-data pengguna di Indonesia yang mereka miliki.

""Kami tidak membagi ke perusahaan lain. Kami menganggap keamanan dan kerahasiaan sangat serius,"" kata Li kepada wartawan di Jakarta.

Mereka menyatakan mengikuti regulasi negara setempat, dalam hal ini Indonesia, dan memakai enkripsi agar data tidak bocor.

Pewarta: Natisha Andarningtyas Editor: Gilang Galiartha Copyright © ANTARA 2018
Dilarang keras mengambil konten, melakukan crawling atau pengindeksan otomatis untuk AI di situs web ini tanpa izin tertulis dari Kantor Berita ANTARA.",https://img.antaranews.com/cache/1200x800/2016/08/20160803UC_Browser.jpg
Telkom dukung percepatan reformasi ICT sektor migas,23 Mei 2017,"PT Telkom Indonesia (Persero) Tbk bekerja sama dengan perusahaan penyedia jasa dan teknologi migas, Schlumberger ...",https://www.antaranews.com/berita/630790/telkom-dukung-percepatan-reformasi-ict-sektor-migas,ANTARA,Data Center di Indonesia,2026-10-05 01:48:39,"Jakarta (ANTARA News) - PT Telkom Indonesia (Persero) Tbk bekerja sama dengan perusahaan penyedia jasa dan teknologi migas, Schlumberger meluncurkan Indonesia Energy Cloud, solusi layanan yang dapat mendorong pertumbuhan ekonomi nasional, khususnya di sektor migas.
""Solusi Indonesia Energy Cloud diharapkan dapat mempercepat reformasi teknologi informasi dan komunikasi (ICT) di sektor migas,"" kata Executive Vice President Divisi Enterprise Service Telkom Siti Choiriana di Jakarta, Senin.
Ia menuturkan, Indonesia Energy Cloud dihadirkan untuk menyiasati tingginya belanja modal (capital expenditure/capex) yang harus dikeluarkan perusahaan-perusahaan migas dalam memenuhi kebutuhan solusi layanan ICT.
""Indonesia Energy Cloud merupakan wujud komitmen Telkom untuk mendukung peningkatan produktivitas industri migas di Tanah Air yang dapat meningkatkan kualitas infrastruktur sehingga menambah daya tarik investor untuk menanamkan modalnya pada sektor hulu migas sehingga memaksimalkan penerimaan bagi negara,"" katanya.
Indonesia Energy Cloud memungkinkan para pelaku migas meminimalisasi investasi aplikasi dan infrastruktur ICT, mulai dari penyimpanan data dengan teknologi cloud terbaik,  yang disediakan anak usaha Telkom, Telkomsigma, dengan didukung jaringan backbone yang telah menjangkau seluruh wilayah Indonesia.

Sementara itu, Direktur Utama Telkomsigma Judi Achmadi menyatakan kesiapan Telkomsigma mengembangkan infrastruktur digital di Indonesia, salah satunya dengan memfasilitasi sistem ICT sektor migas melalui solusi layanan cloud dengan tingkat keamanan dan kehandalan tinggi.
Selanjutnya, didukung data center tier-3 yang telah tersertifikasi ISO 9001:2008 for Data Center Operation, ISO 27001:2005 for Information Security Management System dan Uptime Institute for Data Center Tier 3 Design.
""Solusi layanan ini tentunya akan dapat mempercepat pertumbuhan bisnis perusahaan, karena membantu pengembangan kompetensi nasional migas yang masih membutuhkan banyak tenaga ahli nasional untuk menemukan cadangan minyak baru dan mengembangkan cadangan minyak yang ada saat ini,"" katanya.
Dengan mempermudah akses ke teknologi terbaru ini, para tenaga ahli juga dapat dengan lebih akurat menganalisa data terkait migas sehingga dapat digunakan sebagai masukan untuk perencanaan penggunaan teknologi mutakhir yang sesuai dengan kebutuhan.
Contoh pemanfaatan teknologi ini adalah untuk memodelkan berbagai teknologi Enhanced Oil Recovery (EOR) untuk menentukan treatment teknis yang paling sesuai dengan karakteristik lapangan minyak sebelum diimplementasikan di lapangan sehingga dapat mengurangi biaya operasi.

Pada kesempatan itu, Director Schlumberger Amit Singh mengatakan, Telkom sebagai perusahaan telekomunikasi memiliki keseluruhan infrastruktur pendukung data center di Indonesia, akan dapat memenuhi kebutuhan solusi cloud dengan tetap menjaga agar semua data migas tetap berada di wilayah Republik Indonesia.
""Pada saat yang bersamaan para pemain industri migas mendapatkan jasa tersebut yang mendukung kegiatan operasional mereka seraya melakukan optimasi biaya kepemilikan total (TCO - Total Cost of Ownership),"" ujar Amit Singh.
(T.R017/R010)
Baca juga: ( Telkom dukung komersialisasi hasil riset di Indonesia )
Baca juga: ( Inovasi Telkom perkokoh eksistensi di kawasan regional )

Pewarta: Royke Sinaga Editor: Ruslan Burhani Copyright © ANTARA 2017
Dilarang keras mengambil konten, melakukan crawling atau pengindeksan otomatis untuk AI di situs web ini tanpa izin tertulis dari Kantor Berita ANTARA.",https://img.antaranews.com/cache/1200x800/2015/12/20151228137.jpg
GTN data center bidik okupansi 50 persen pada 2017,16 November 2016,PT Graha Teknologi Nusantara (GTN) perusahaan pengelolaan data center terkemuka di Indonesia menargetkan tingkat isian ...,https://www.antaranews.com/berita/596407/gtn-data-center-bidik-okupansi-50-persen-pada-2017,ANTARA,Data Center di Indonesia,2026-10-05 01:48:39,"Jakarta (ANTARA News) - PT Graha Teknologi Nusantara (GTN) perusahaan pengelolaan data center terkemuka di Indonesia menargetkan tingkat isian (okupansi) server pada tahun 2017 mencapai sekitar 1.000 rak, dari total kapasitas tersedia saat ini sebanyak 2.000 rak server.
""Saat ini tingkat okupansi mencapai kurang dari 5 persen, namun seiring peningkatan standar dan kualitas GTN Data Center, pada tahun 2017 diproyeksikan bisa mencapai 50 persen dari kapasitas yang tersedia,"" kata CEO GTN Richard Kartawijaya, di sela penerimaan sertifikasi ANSI/TIA-942, di Jakarta, Selasa.
Menurut Richard, meski GTN Data Center anak perusahaan PT Multipolar Technolog Tbk ini baru beroperasi mulai Juli 2016 namun telah menarik perhatian sejumlah korporasi besar sejalan dengan keunggulan fasilitas berskala internasional dan ramah lingkungan.
Menempati lahan selua 15.000 meter per segi di Cikarang, Jawa Barat, GTN Data Center diyakini menjanjikan dan mampu membuka peluang investasi bagi perusahaan-perusahaan multinasional di Indonesia karena memberikan jaminan keamanan tingkat tinggi baik fisik maupun cyber, serta konektivitas tanpa hambatan.
Richard menambahkan, untuk memastikan sistem keamanan GTN Data Center, pihaknya bekerja sama dengan penyedia layanan sistem keamanan terpercaya dan tercanggih nomor satu di Jepang, Secom.

""Keunggulan GTN Data Center teletaklokasi strategis dan aman dari banjir, penggunaan sumber daya listrik rangkap (dual grid power supply untuk menjamin suplai daya yang stabil), dan sustainable (pemanfaatan Dynamic Rotary Uninterruptible Power Supply/ DRUPS dengan energi kinetik sebagai daya cadangan untuk menjamin tersedianya sumber daya yang terus menerus),"" tegas Richard.
DRUPS merupakan alternatif solusi pengganti baterai yang bebas bahan beracun, hemat ruang UPS, tidak membutuhkan sistem pendingin, dan menjamin kualitas daya yang lebih baik.
Dari sisi catu daya listrik, GTN Data Center memiliki keunggulan yang lebih jauh dibanding penyedia data center di Indonesia, karena secara khusus dipasok dari pembangkit swasta dengan total kapasitas 100 MW, yaitu Cikarang Listrikindo dan kawasan industri M2100 Jababeka.
""Dipasok dari dua gardu pembangkit yang berbeda, maka bisa saling back up untuk menjamin listrik tetap tersedia atau tidak ada downtime. Tiga generator dengan dua pembangkit maka tingkat keamanan semakin kuat,"" ujarnya.
Sejalan dengan fasilitas dan teknologi yang diusung GTN, maka data center ini mendapat sertifikasi dari ANSI/TIA-942:2014 dengan kategori Rated 3.

""GTN Data Center telah menunjukkan fokus yang jelas sebagai acuan standar kualitas data center yang didasarkan pada ANSI/TIA-942, bukan menggunakan acuan dari organisasi komersial lainnya,"" kata Chairman & CEO EPI Group of Companies, Edward van Leent.
Sementara dari sisi konektivitas, GTN Data Center menggandeng Epsilon, perusahaan penyedia layanan komunikasi global yang dapat mempercepat  akses pelanggan ke infrastruktur global, serta menghubungkan perbagai perusahaan di Indonesia ke seluruh dunia.
""Indonesia memiliki salah satu pertumbuhan ekonomi digital tercepat an ekonomi digital yang unik di dunia yang membutuhkan konektivitas berkualitas tinggi,"" kata CEO Epsilon, Jerzy Szlosarek.
GTN Data Center ini juga menyiapkan diri untuk sertifikasi ""Green Building"" dari Green Business Council Indonesia, bagian dari World Green Building Council (WorldGBC) yang berpusat di Kanada.
(R017)

Editor: Ruslan Burhani Copyright © ANTARA 2016
Dilarang keras mengambil konten, melakukan crawling atau pengindeksan otomatis untuk AI di situs web ini tanpa izin tertulis dari Kantor Berita ANTARA.",https://img.antaranews.com/cache/1200x800/no-image.jpg
Menkominfo jawab diplomatis soal data center,7 Oktober 2016,Menteri Komunikasi dan Informatika Rudiantara menjawab secara diplomatis terkait dengan isu revisi  Peraturan ...,https://www.antaranews.com/berita/589047/menkominfo-jawab-diplomatis-soal-data-center,ANTARA,Data Center di Indonesia,2026-10-05 01:48:39,"Jakarta (ANTARA News) - Menteri Komunikasi dan Informatika Rudiantara menjawab secara diplomatis terkait dengan isu revisi  Peraturan Pemerintah Nomor 82 Tahun 2012 tentang Penyelengaraan Sistem dan Transaksi Elektronik, terutama mengenai penempatan data center yang kini menjadi wacana.
""Bukan, kita harus melihat regulasi itu harus applicable, harus enforceable, itu baru namanya regulasi yang bagus,  applicabel harus bisa diterapkan dan bisa di-enforce, artinya kalau tidak bisa diterapkan karena apa, harus ada sanksinya, tidak boleh regulasi for the sake (hanya untuk) regulasi, mau ngatur aja, tidak bisa, harus ada nilai tambahnya,"" katanya di Jakarta, Jumat, menjawab pertanyaan apakah PP tersebut akan direvisi atau tidak.
Ia juga menegaskan bahwa dirinya tidak pernah menyatakan  penempatan data center tidak wajib di Indonesia.
""Siapa mengatakan tidak wajib? Tidak ada itu, saya tidak pernah mengatakan tidak wajib,"" katanya.
Pernyataan Menkominfo tersebut menepis pemberitaan di media sebelumnya yang menyatakan adanya indikasi revisi Peraturan Pemerintah No. 82/2012 tentang Penyelengaraan Sistem dan Transaksi Elektronik (PP PSTE) untuk tidak mewajibkan mendirikan data center di Indonesia agar kompetitif dalam lanskap internasional.

Pemberitaan tersebut sebelumnya telah menuai kritik sejumlah pihak. Anggota Komisi I DPR RI Sukamta mengatakan bahwa pelonggaran kewajiban membangun data center agar Indonesia bisa lebih kompetitif di lanskap internasional justru merugikan kepentingan nasional.
Sementara itu, PP No. 82/2012 Pasal 17 Ayat (2) menyebutkan bahwa penyelenggara sistem elektronik untuk pelayanan publik wajib menempatkan pusat data dan pusat pemulihan bencana di wilayah Indonesia untuk kepentingan penegakan hukum, perlindungan, dan penegakan kedaulatan negara terhadap data warga negaranya.

Pewarta: Muhammad Arief Iskandar Editor: Ruslan Burhani Copyright © ANTARA 2016
Dilarang keras mengambil konten, melakukan crawling atau pengindeksan otomatis untuk AI di situs web ini tanpa izin tertulis dari Kantor Berita ANTARA.",https://img.antaranews.com/cache/1200x800/2016/08/20160826719.jpg
DPR : batalkan kebijakan longgarkan aturan pusat data,29 September 2016,"Anggota Komisi I DPR, Sukamta meminta Pemerintah mengurungkan niat melonggarkan aturan soal penempatan data center ...",https://www.antaranews.com/berita/587426/dpr-batalkan-kebijakan-longgarkan-aturan-pusat-data,ANTARA,Data Center di Indonesia,2026-10-05 01:48:39,"Jakarta (ANTARA News) - Anggota Komisi I DPR, Sukamta meminta Pemerintah mengurungkan niat melonggarkan aturan soal penempatan data center agar Indonesia bisa lebih kompetitif di lanskap internasional, karena seharusnya memiliki sikap yang lebih tegas dalam upaya menguatkan industri telematika di Indonesia.
""Pertama, pasar data center di Indonesia sangat kompetitif dan saat ini cukup banyak tersedia SDM anak negeri yang profesional dan lebih murah ketimbang negara tetangga,"" katanya di Jakarta, Kamis.
Dia menjelaskan, dengan mengadakan data center di Indonesia, perusahaan digital dapat lebih meningkatkan layanan mereka dari segi kecepatan dan kestabilan akses karena dapat mengurangi ""hops route"".
Karena itu menurut dia, sebagian perusahaan data center di Singapura mulai mengalihkan data centernya ke Indonesia selain dengan pertimbangan ekonomis juga dianggap aman.
""Alasan kedua, terkait keuntungan secara ekonomi, penempatan data center di Indonesia akan memberikan kontribusi ekonomi,"" ujarnya.

Dia menjelaskan, mengacu data Lembaga Riset Telematika Sharing Vision, kebutuhan data center di Indonesia diperkirakan mendekati 150.000 meter persegi (raised floor) dengan nilai bisnis Rp4 triliun.
Menurut dia, pengguna internet di Indonesia hingga tahun 2015 mencapai 72 juta orang yang sebagian besar aktif menggunakan media sosial.
""Perlu penerapan dan penegakan aturan dan hukum yang ketat, sehingga Google, Facebook, WhatsApp, Yahoo, YouTube, dll dapat berkontribusi secara ekonomi, karena jelas mereka membuka space iklan.
Dia mencoba membandingkan saat kita mengirim pesan singkat (SMS) dengan operator tanah air saja bisa kena PPN yang masuk ke kas negara.
Politikus PKS itu menjelaskan alasan ketiga terkait dengan cyber security, keamanan informasi, dan monitoring konten.

Menurut dia, apabila data center ada di luar negeri maka berpeluang lebih besar data milik kita bisa dicuplik kapan dan dimanapun.
""Peraturan Pemerintah No 82 Tahun 2012 mengenai Transaksi Elektronik pasal 17 Ayat 2 menyebutkan Penyelenggara Sistem Elektronik untuk pelayanan publik wajib menempatkan pusat data dan pusat pemulihan bencana di wilayah Indonesia untuk kepentingan penegakan hukum, perlindungan, dan penegakan kedaulatan negara terhadap data warga negaranya,"" katanya.
Sukamta mengatakan, di Tahun 2015, Pengadilan di Eropa  memutuskan perjanjian Safe Harbor tidak berlaku sehingga pemain seperti  Facebook atau Twitter harus menjaga data pelanggan di Eropa tidak disalahgunakan dan keluar dari negaranya tanpa izin.
Menurut dia, penting bagi pemerintah menyampaikan data perusahaan asing yang belum memiliki data center di Indonesia dan apa kendalanya, apakah karena biaya mahal atau birokrasi perijinan yang ribet.
Sukamta meyakini, dengan pengguna internet yang tumbuh pesat di Indonesia, perusahaan asing tidak akan keberatan memiliki data center di Indonesia.

Pewarta: Imam Budilaksono Editor: Ruslan Burhani Copyright © ANTARA 2016
Dilarang keras mengambil konten, melakukan crawling atau pengindeksan otomatis untuk AI di situs web ini tanpa izin tertulis dari Kantor Berita ANTARA.",https://img.antaranews.com/cache/1200x800/2016/03/20160329sukamta-dpr-001.jpg
Ledakan data digital dan tantangan layanan data center,20 September 2016,"Fenomena data digital memang sungguh kasat mata. Produksi data digital di Indonesia, terutama melalui media sosial, ...",https://www.antaranews.com/berita/585408/ledakan-data-digital-dan-tantangan-layanan-data-center,ANTARA,Data Center di Indonesia,2026-10-05 01:48:39,"Jakarta (ANTARA News) - Fenomena data digital memang sungguh kasat mata. Produksi data digital di Indonesia, terutama melalui media sosial, berada di deretan teratas dibanding negara-negara maju sekalipun. Aplikasi media sosial seperti Facebook, Twitter, YouTube, Instagram, atau instant messaging WhatsApp, BBM, Line, dan WeChat, merupakan platform yang paling populer digunakan untuk menikmati dan bertukar data digital antar pengguna.
Ledakan data digital ini semakin hebat ditambah dengan adanya keterhubungan warga terhadap perangkat telekomunikasi di Indonesia yang sudah mencapai 126 persen. Artinya, saat ini jumlah telepon seluler di Indonesia lebih banyak 26 persen dibandingkan jumlah total penduduk Indonesia yang sebesar 260 juta jiwa. Sementara itu, jumlah nomor unik pengguna telepon seluler di Indonesia sudah mencapai lebih dari 160 juta.
Ledakan Data
Berdasarkan laporan International Data Corporation (IDC), sejak tahun 2014 pertumbuhan data meningkat dua kali lipat setiap dua tahun. Dengan bertumpu pada jumlah data digital saat ini, IDC memperkirakan bahwa pada tahun 2020 jumlah data digital akan mencapai kurang lebih 44 triliun GB.
Menurut laporan ini juga, antara tahun 2013 hingga 2020, 60 persen dari data digital yang dihasilkan dari negara-negara maju akan bertukar tempat dengan data-data dari negara berkembang. Artinya, penduduk di negara-negara berkembang, termasuk Indonesia, akan lebih banyak memproduksi data digital dalam kurun waktu 4-5 tahun mendatang.

Produksi data digital sudah tidak terelakkan. Setiap entitas dalam organisasi memproduksi data setiap detiknya, yang selanjutnya memerlukan alat penyimpanan – baik dalam bentuk yang sederhana hingga yang sarat dengan teknologi tinggi. Data tersebut bisa saja diakses secara periodik, atau hanya sesekali dalam hitungan bulan atau tahun.
Pemerintah sendiri menerbitkan Peraturan Pemerintah Nomor 82 Tahun 2012 tentang Penyelenggaraan Sistem dan Transaksi Elektronik, yang salah satu pasalnya mewajibkan setiap organisasi atau lembaga penyelenggara sistem elektronik yang melayani publik wajib menempatkan pusat data (data center) dan pusat pemulihan bencana ( disaster recovery center ) di wilayah Indonesia untuk kepentingan penegakan hukum, perlindungan, dan penegakan kedaulatan negara terhadap data warga negaranya.
Di Indonesia sendiri, pertumbuhan perusahaan penyedia layanan data terjadi secara organik sejalan dengan makin meningkatnya permintaan dari banyak organisasi dan perusahaan yang beroperasi di Indonesia dalam hal penyimpanan dan pengelolaan data.
Data Center Yang Ideal Lalu, bagaimana penyedia layanan seharusnya menyediakan sistem dan membangun teknologi pusat data ( data center ) yang dapat membayar lunas kepercayaan para pelanggannya? Apa saja kriteria layanan pusat data ideal yang dianggap sebagai acuan dalam industri data center ?
Pertama, lokasi. Lokasi yang dipilih haruslah di tempat yang strategis, memiliki dukungan ketersediaan listrik yang reliabel dan kontinyu, suplai air yang terjaga, memiliki pilihan jaringan yang menghubungkan data center dengan jalur jaringan di lokasi pelanggan, dan memiliki daya dukung lingkungan yang kuat dari sisi keamanan serta minim gangguan dari sisi faktor-faktor alam seperti banjir atau gempa bumi. Di samping itu, keberadaan hutan mini di sekitar lokasi data center misalnya, juga akan memperkuat efek ‘green’ selain memberikan daya tarik yang lebih bagi pelanggan.

Kedua, operasi. Penyedia data center yang ideal haruslah memenuhi standar teknologi yang dipersyaratkan oleh industri. Sebagai contoh, teknologi data center terkini sudah menggunakan pendekatan teknologi cold containment, efisiensi pemanfaatan tenaga listrik, penggunaan water chiller hingga penyuplai listrik DRUPS ( Dynamic Rotary Uninteruptable Power Supply ) dan LED yang tidak mengandung bahan beracun.
Kesemuanya ditujukan guna menurunkan tingkat konsumsi listrik, menjaga kelangsungan dan keamanan pasokan daya listrik.
Ketiga, keamanan. Keamanan di sini menyangkut dua aspek, yakni keamanan dari sisi fisik dan non-fisik. Secara fisik, faktor keamanan dinilai mulai dari keamanan lingkungan, keamanan gedung atau bangunan yang digunakan, dan manajemen keamanan yang mengatur semua aset dalam gedung.
Sementara itu, keamanan non-fisik menyangkut teknologi apa saja yang digunakan untuk melindungi data-data pelanggan mereka dari risiko peretasan, pencurian, sampai dengan infiltrasi virus yang berpotensi mengacaukan sistem operasi.
Keempat , fasilitas. Fasilitas penting seperti dukungan transportasi (misalnya fasilitas penjemputan dengan helikopter untuk memudahkan pelanggan mengakses data dalam keadaan darurat), fasilitas umum dan kesehatan, dan fasilitas infrastruktur kelistrikan yang andal seperti gas dan BBM.
Itulah beberapa tantangan dalam pengembangan industri data center di Indonesia. Sejauh ini, beberapa perusahaan penyedia layanan tersebut sudah mulai menawarkan kelengkapan yang ideal tersebut, sehingga dapat menjadi salah satu alternatif pilihan untuk menggunakan jasa mereka. Hal ini tentu saja sejalan dengan strategi Presiden Joko Widodo untuk membangun Indonesia menjadi bangsa yang mandiri dalam teknologi digital.

* Praktisi TI dan Sekretaris Jenderal Asosiasi Penyelenggara Data Center Indonesia (IDPRO)


Pewarta: Richard Kartawijaya* Editor: Unggul Tri Ratomo Copyright © ANTARA 2016
Dilarang keras mengambil konten, melakukan crawling atau pengindeksan otomatis untuk AI di situs web ini tanpa izin tertulis dari Kantor Berita ANTARA.",https://img.antaranews.com/cache/1200x800/2015/02/20150218antarafoto-fasilitas-data-center-indosat-180215-sgd-5.jpg
Bisnis data center TelkomSigma siap kalahkan Singapura,2 Juni 2016,"PT TelkomSigma, anak usaha PT Telkom Indonesia (Tbk) Persero terus mengembangkan bisnis data center dengan target ...",https://www.antaranews.com/berita/564911/bisnis-data-center-telkomsigma-siap-kalahkan-singapura,ANTARA,Data Center di Indonesia,2026-10-05 01:48:39,"Jakarta (ANTARA News) - PT TelkomSigma, anak usaha PT Telkom Indonesia (Tbk) Persero terus mengembangkan bisnis data center dengan target menjadi yang terbesar di Asia Tenggara,  mengalahkan Singapura.
""Saat ini TelkomSigma masih pada urutan ketiga terbesar setelah dua perusahaan Singapura. Dengan ini kami tertantang untuk menjadi yang terbesar di kawasan Asia Tenggara,"" Presiden Direktur Telkomsigma Judi Achmadi, di Jakarta, Kamis.
Menurut Judi, TelkomSigma merupakan pemimpin pasar penyedia layanan data center yang terbesar di Indonesia dan telah memiliki customer based dari multi industri dan didukung oleh struktur dan infrastruktur handal berstandar internasional.
Dengan total kapasitas data center sebesar 100.000 meter per segi yang tersebar di seluruh Indonesia dengan spesifikasi teknis Tier II sampai dengan tier IV, TelkomSigma menjadi sangat diperhitungkan di tingkat global.
""Kami saat ini dipercaya menangani lebih dari 300 klien dari berbagai sektorindustri dengan sebagian besar dari pengguna ini berasal dari industri perbankan dan finansial yang sangat peduli dengan keamanan data,"" tegasnya.

Diutarakan Judi, salah satu poin penting TelkomSigma adalah setelah layanan data centernya mendapat sertifikasi dari Uptime Institute untuk kategori TCCF (Tier Certification for Constructed Facilities), lembaga yang memberikan sertifikasi dengan sistem tier dimana standar yang ditetapkan menjadi standar bagi pelaku bisnis data center di seluruh dunia.
""Ini bukan sembarang sertifikasi, karena merupakan sertifikasi pertama yang diterima perusahaan penyedia layanan Data Center di Indonesia. Jadi, kalau ada perusahaan lain di Indonesia yang mengklaim mendapat sertifikasi, itu patut diragukan,"" tegas Judi.
Uptime membagi sertifikasi data center tersebut menjadi 3 tahapan yaitu Tier Certification of Design Documents(TCDD),Tier Certification of Construction Facilities (TCCF) dan Tier Certification of Operational Sustainability (TCOS).
""Dengan diperolehnya Certification of Construction Facilities dari Uptime Institute, semakin membuktikan bahwa layanan Data Center Telkomsigma sudah sesuai dengan standar Data Center Tier berkelas internasional,"" ujarnya.
TCCF diterima untuk data center yang dikelola di Graha TelkomSigma, Serpong, Tangerang. Data center di Serpong ini memiliki kapasitas sekitar 23 ribu meter persegi dimana sejauh ini sudah beroperasi penuh sekitar 6 hingga 7 ribu meter persegi.

Ini adalah yang pertama di Indonesia ada data center mendapatkan TCCF Tier III. Kalau sertifikat untuk desain memang sudah banyak, tetapi untuk sertifikasi facility, kita yang pertama. Saat ini data center kita yang di Sentul juga tengah diaudit Uptime Institute untuk meraih TCCF,"" ujarnya.
Sertifikasi terbaru dari Uptime Institute ini melengkapi deretan sertifikasi sebelumnya yang diraih Telkomsigma diantaranya Sertifikasi Tier III Design dari Uptime untuk Data Center Serpong & Sentul serta sertifikat TIER IV design dari Uptime untuk Data Center Telkom Jatinegara yang juga dikelola oleh telkomsigma, Sertifikat international Greenship & Occupational Health & Safety Management System (OHSAS) untuk Data Center Serpong, ISO 27001 :2005, ISO 9001:2008 serta BSI CSA STAR Certified untuk Cloud Security Management System.
""Kalau sertifikat facility ini kami menyamakan antara desain dan fasilitas yang ada. Jadi, ini memang lebih sulit didapat oleh penyedia data center. Karena kenyataan banyak penyedia data center tak cocok antara desain awal dengan fasilitas yang ada,"" kata Director of Business Development South Asia Uptime Institute Patrick Chan.
(R017)
Editor: Ruslan Burhani Copyright © ANTARA 2016
Dilarang keras mengambil konten, melakukan crawling atau pengindeksan otomatis untuk AI di situs web ini tanpa izin tertulis dari Kantor Berita ANTARA.",https://img.antaranews.com/cache/1200x800/2014/11/20141107inTouch-190314-par11telkomsigma.jpg
Ini alasan kenapa adopsi cloud di Indonesia lamban,29 Januari 2016,"Menurut Country Business Manager Enterprise Solution Group Dell Indonesia, Erwin Yusran, lambatnya pengadopsian cloud ...",https://www.antaranews.com/berita/542764/ini-alasan-kenapa-adopsi-cloud-di-indonesia-lamban,ANTARA,Data Center di Indonesia,2026-10-05 01:48:39,"Jakarta (ANTARA New) - Menurut Country Business Manager Enterprise Solution Group Dell Indonesia, Erwin Yusran, lambatnya pengadopsian cloud di Indonesia karena infrastruktur dan regulasi.
Erwin mengatakan, para penyedia infrastruktur data center saat ini sudah mulai melirik pasar Indonesia, namun bukan untuk penyedia layanan cloud .
""Penyedia infrastruktur data center global sudah mulai tertarik ke Indonesia karena mereka melihat permintaannya memang ada, tapi untuk cloud , kenapa pemain besar cloud tidak mau investasi ke Indonesia mungkin pertimbangannya dilihat dari perspektif bisnis,"" kata dia di Jakarta, Jumat.
Dia berpendapat, penyedia cloud akan tertarik ""menggarap"" pasar Indonesia apabila ada peraturan pemerintah yang mengatakan bahwa bisnis di Indonesia harus menggunakan data center di Indonesia. Itu mungkin akan meningkatkan permintaan layanan cloud secara signifikan.
Namun, ketika ada peraturan yang lebih lunak terhadap investasi (kemudahan dalam berinvestasi), dari kaca mata bisnis, Erwin mengatakan, penyedia cloud akan melihat terlebih dahulu apakah bisnis tersebut terukur atau tidak.

Sementara itu, dari regulasi sendiri belum ada peraturan yang benar-benar mengatur hal yang menentukan sebuah bisnis dapat dikatakan terukur atau tidak.
Sedangkan dari segi pengguna, menurut Erwin, mereka akan melihat bisnis mereka terlebih dahulu. ""Apakah perlu mengadopsi cloud atau tidak, karena pengadopsian cloud itu soal konsolidasi efisiensi,"" ujar dia.
Oleh karena itu, Erwin mengatakan, dalam hal infrastruktur (untuk bandwidth ), biaya berlangganan internet harus turun agar dilihat sebagai solusi yang ekonomis.
""Infrasturktur dan regulasi akan menentukan adopsi cloud kedepannya,"" kata Erwin.
""Kalau infraatruktur berkembang duluan, regulasi belum, cloud akan tumbuh tapi bukan untuk industri cloud di Indonesia, mungkin industri cloud di Singapura karena data center ada di sini,"" sambung dia.

Terlepas dari hal itu, persoalan ini, menurut Erwin tidak akan terpecahkan dalam waktu dekat, baik dari segi regulasi maupun infrastruktur. ""Sebagai contoh, dalam bidang telekomunikasi membangun infrastruktur seperti Palapa Ring tidak mungkin setahun langsung jadi, pasti membutuhkan beberapa tahun,"" ujar Erwin.
""Mudahan-mudahan beberpa tahun kedepan setelah infrastrukturnya ada, regulasinya sudah ada, kami bisa mulai adopsi. Intinya, dari Dell sudah siap,"" lanjut dia.
Erwin mengatakan, di Singapura dan Malaysia, porsi bisnis Dell signifikan untuk kontribusi dari segmen cloud. ""Kami bekerja sama dengan cloud provider internasional. Sebesar apa pertumbuhannya? Lumayan besar untuk kami,"" pungkas dia.
Pewarta: Arindra Meodia Editor: Suryanto Copyright © ANTARA 2016
Dilarang keras mengambil konten, melakukan crawling atau pengindeksan otomatis untuk AI di situs web ini tanpa izin tertulis dari Kantor Berita ANTARA.",https://img.antaranews.com/cache/1200x800/2012/06/20120604komputasi-awan.jpg
Intip sistem keamanan Lazada,25 November 2015,"Chief Marketing Officer Lazada Indonesia, Sebastian Sieber, mengungkap sistem keamanan Lazada yang disebut mampu ...",https://www.antaranews.com/berita/531406/intip-sistem-keamanan-lazada,ANTARA,Data Center di Indonesia,2026-10-05 01:48:39,"Jakarta (ANTARA News) - Chief Marketing Officer Lazada Indonesia, Sebastian Sieber, mengungkap sistem keamanan Lazada yang disebut mampu menjamin kepuasan pelanggan.
""Lazada memiliki dua kebijaksanaan, Perlindungan Pembeli dan Jaminan Kepuasan,"" kata dia, dalam temu media, di kantor Lazada, Jakarta Selatan, Rabu.
Dia menjelaskan bahwa dengan kebijakan Perlindungan Pembeli, pelanggan dapat mengembalikan barang hingga 7 hari, sementara Jaminan Kepuasan memberikan masa tenggang 14 hari kepada pelanggan untuk mengembalikan barang.
""Pada produk-produk tertentu akan ada stiker Perlindungan Pembeli dan atau Jaminan Kepuasan,"" kata Sebastian.
Kedua kebijakan Lazada tersebut menjamin untuk mengembalikan uang pelanggan dan menghadirkan layanan verifikasi seller Lazada. Namun, kebijakan tersebut tidak berlaku jika pelanggan ingin mengembalikan barang dengan alasan berubah pikiran untuk tidak membeli barang.

Lebih lanjut, Sebastian memastikan bahwa pelanggan akan menerima barang. ""Uang dikirim ke kami terlebih dahulu, kami akan mengirim uang ke penjual jika barang sudah sampai, jadi kami benar-benar menjamin tidak ada penipuan,"" ujar dia.
Dari segi data pelanggan, Sebastian mengatakan bahwa Lazada meminimalisir informasi pribadi pelanggan dengan tujuan agar pelanggan lebih terproteksi. Lazada juga tidak menyimpan data credit card pelanggan.
Bahkan, tidak semua karyawan diberikan akses data pelanggan. ""Karyawan hanya mendapat sedikit informasi mengenai pelanggan. Customer service misalnya, sehingga wajar jika mereka harus menanyakan kembali data pelanggan,"" ujar Sebastian.
Untuk keamanan data pelanggan, Sebastian mengungkapkan bahwa Lazada memiliki dua data center di Indonesia, yang berlokasi di Jakarta dan Makassar.
""Tidak ada data yang keluar Indonesia. Ketika ada gangguan bencana alam di Jakarta misalnya, kami mempunyai back up di Makassar. Penting untuk jauh satu sama lain untuk meminimalisir jika terjadi bencana alam,"" kata dia.

""Data center tersebut milik Lazada dan dioperasikan oleh tim keamanan Lazada,"" tambah dia.
Pewarta: Arindra Meodia Editor: Desy Saputra Copyright © ANTARA 2015
Dilarang keras mengambil konten, melakukan crawling atau pengindeksan otomatis untuk AI di situs web ini tanpa izin tertulis dari Kantor Berita ANTARA.",https://img.antaranews.com/cache/1200x800/2015/11/20151125lazadaindo.jpg
Telkomsigma gandeng IBM tingkatkan layanan data center,28 Maret 2013,PT Telkom melalui anak usahanya PT Telkomsigma dan IBM sepakat bekerjasama membangun dan meningkatkan penyediaan jasa ...,https://www.antaranews.com/berita/365699/telkomsigma-gandeng-ibm-tingkatkan-layanan-data-center,ANTARA,Data Center di Indonesia,2026-10-05 01:48:39,"Jakarta (ANTARA News) - PT Telkom melalui anak usahanya PT Telkomsigma dan IBM sepakat bekerjasama membangun dan meningkatkan penyediaan jasa layanan operasional ""data center"" untuk memenuhi kebutuhan perusahaan dan industri melalui jaringan komunikasi yang handal.
""Aliansi strategis Telkom dengan IBM untuk memenuhi kebutuhan pusat data para pelaku bisnis korporasi di Indonesia ataupun regional, mencakup disain, ""go to market"", kerjasama operasional, sertifikasi, serta transfer knowledge,"" kata Direktur Utama Telkom, Arief Yahya, di Jakarta, Rabu.
Dalam kolaborasi ini Telkomsigma dan IBM Indonesia mengoperasikan Data Center yang berspesifikasi tier-3 dan tier-4 yang dimulai dengan lokasi pusat data di Sentul, Jawa Barat.
Sebagai pusat data tier-3 dan tier-4, data center ini dirancang untuk menyediakan uptime optimal sehingga dapat menjadi host untuk ""core system"" serta ""surrounding system"" dari para pelanggannya.
Selain itu, dengan memanfaatkan perangkat analitik, pusat data ini akan dapat merasionalkan infrastruktur teknologi informasi (TI), meningkatkan efisiensi, dan mengurangi biaya operasi karena menerapkan konsep ""pay as you grow"" untuk belanja modal (capex) dan belanja operasional (opex).

""Seiring berjalannya waktu, transfer knowledge akan semakin memperkaya pengetahuan dan mendukung kami untuk terus berkembang dalam menguasai pangsa pasar lokal dan dunia,"" ujar Arief.
Sementara itu, Presiden Direktur, IBM Indonesia, Suryo Suwignjo, mengatakan, kesepakatan antara Telkomsigma dan IBM ini akan menghadirkan semua yang terbaik di bidang TI dan telekomunikasi.
""Pengalaman IBM yang luas di bidang kapasitas pusat data, dikombinasikan dengan pengalaman dan pemahaman Telkomsigma tentang kebutuhan perusahaan Indonesia, kami akan dapat menyediakan pengalaman pelanggan yang unggul,"" ujar Suryo.
Telkom dalam kapasitasnya sebagai perusahaan telekomunikasi terbesar di Indonesia tengah menuntaskan pembangunan broadband di seluruh Indonesia yang memberikan nilai tambah dan menjadi sarana utama dalam penyelenggaraan layanan Data Center yang akan dibangun bersama ini.
Sinergi dari kedua kekuatan ini akan memperkuat datacenter dengan pengalaman IBM merancang dan membangun lebih dari 1.000 pusat data modular untuk pelanggan-pelanggannya di seluruh dunia, dan terbukti mampu menghemat biaya energi hingga 30 persen per tahun.

Direktur Utama Telkomsigma, Judi Achmadi mengatakan, pengetahuan, pengalaman dan keahlian domain IBM yang diakui secara global diharapkan dapat lebih mengembangkan kualitas layanan operasional data center yang telah dilakukan Telkom selama ini.
""Kedepannya Telkomsigma akan menjadi ""preferred technology partners"" bagi pelanggan IBM yang ada di Indonesia maupun regional yang memiliki kebutuhan akan layanan data center berstandar dunia tersebut,"" ujar Judi.
Pengalaman Telkomsigma dalam mengelola struktur dan infrastruktur, serta jumlah pelanggan korporasi pengguna layanan data center lebih dari 200 perusahaan ini merupakan alasan IBM untuk menjadikan Telkomsigma sebagai partner penyedia layanan data center di Indonesia.
(R017/B012)
Pewarta: Royke Sinaga Editor: Ruslan Burhani Copyright © ANTARA 2013
Dilarang keras mengambil konten, melakukan crawling atau pengindeksan otomatis untuk AI di situs web ini tanpa izin tertulis dari Kantor Berita ANTARA.",https://img.antaranews.com/cache/1200x800/2012/12/20121207ARIEFYAHYA.jpg
